<?xml version="1.0" encoding="utf-8"?>
<rdf:RDF xmlns:rdf="http://www.w3.org/1999/02/22-rdf-syntax-ns#" xmlns:cim="http://iec.ch/TC57/2013/CIM-schema-cim16#" xmlns:entsoe="http://entsoe.eu/CIM/SchemaExtension/3/1#" xmlns:md="http://iec.ch/TC57/61970-552/ModelDescription/1#">
  <md:FullModel rdf:about="urn:uuid:4679988a-ec52-4818-a7cf-db3fea826cff">
    <md:Model.created>2014-10-24T16:16:38</md:Model.created>
    <md:Model.scenarioTime>2014-04-14T09:26:16</md:Model.scenarioTime>
    <md:Model.version>2</md:Model.version>
    <md:Model.DependentOn rdf:resource="urn:uuid:2399cbd0-9a39-11e0-aa80-0800200c9a66"/>
    <md:Model.DependentOn rdf:resource="urn:uuid:236c9d9c-ef01-4bd3-9de9-63a39e676dad"/>
    <md:Model.description>CGMES Conformity Assessment: 'MicroGridTestConfiguration....T3 (Assembled) Test Configuration. The model is owned by ENTSO-E and is provided by ENTSO-E “as it is”. To the fullest extent permitted by law, ENTSO-E shall not be liable for any damages of any kind arising out of the use of the model (including any of its subsequent modifications). ENTSO-E neither warrants, nor represents that the use of the model will not infringe the rights of third parties. Any use of the model shall  include a reference to ENTSO-E. ENTSO-E web site is the only official source of information related to the model.</md:Model.description>
    <md:Model.modelingAuthoritySet>http://tennet.nl/CGMES/2.4.15</md:Model.modelingAuthoritySet>
    <md:Model.profile>http://entsoe.eu/CIM/GeographicalLocation/2/1</md:Model.profile>
    <md:Model.Supersedes rdf:resource="urn:uuid:4528b685-6ddc-471a-b8a2-8e77e6ec15f8"/>
  </md:FullModel>
  <cim:CoordinateSystem rdf:ID="_f568497b-a48f-4d8b-86e1-86f37e7f917b">
    <cim:IdentifiedObject.name>WGS84</cim:IdentifiedObject.name>
    <cim:CoordinateSystem.crsUrn>urn:ogc:def:crs:EPSG::4326</cim:CoordinateSystem.crsUrn>
  </cim:CoordinateSystem>
  <cim:Location rdf:ID="_83e7605b-a45c-4cc9-ab21-295c1c4dc442">
    <cim:Location.PowerSystemResources rdf:resource="#_c49942d6-8b01-4b01-b5e8-f1180f84906c"/>
    <cim:Location.CoordinateSystem rdf:resource="#_f568497b-a48f-4d8b-86e1-86f37e7f917b"/>
  </cim:Location>
  <cim:PositionPoint rdf:ID="_d50756b0-9b2a-4b9a-9d86-132c650724b5">
    <cim:PositionPoint.sequenceNumber>1</cim:PositionPoint.sequenceNumber>
    <cim:PositionPoint.Location rdf:resource="#_83e7605b-a45c-4cc9-ab21-295c1c4dc442"/>
    <cim:PositionPoint.xPosition>4.846580</cim:PositionPoint.xPosition>
    <cim:PositionPoint.yPosition>52.404700</cim:PositionPoint.yPosition>
  </cim:PositionPoint>
  <cim:Location rdf:ID="_038ce935-d863-43bb-9698-55468c9f9e5e">
    <cim:Location.PowerSystemResources rdf:resource="#_e8acf6b6-99cb-45ad-b8dc-16c7866a4ddc"/>
    <cim:Location.CoordinateSystem rdf:resource="#_f568497b-a48f-4d8b-86e1-86f37e7f917b"/>
  </cim:Location>
  <cim:PositionPoint rdf:ID="_c2f1dcfc-e66b-4766-b984-7acac9d9b006">
    <cim:PositionPoint.sequenceNumber>1</cim:PositionPoint.sequenceNumber>
    <cim:PositionPoint.Location rdf:resource="#_038ce935-d863-43bb-9698-55468c9f9e5e"/>
    <cim:PositionPoint.xPosition>4.847440</cim:PositionPoint.xPosition>
    <cim:PositionPoint.yPosition>52.402700</cim:PositionPoint.yPosition>
  </cim:PositionPoint>
  <cim:PositionPoint rdf:ID="_4ce0262a-217e-4c4d-850e-128cc9d0b282">
    <cim:PositionPoint.sequenceNumber>3</cim:PositionPoint.sequenceNumber>
    <cim:PositionPoint.Location rdf:resource="#_038ce935-d863-43bb-9698-55468c9f9e5e"/>
    <cim:PositionPoint.xPosition>4.981250</cim:PositionPoint.xPosition>
    <cim:PositionPoint.yPosition>52.248300</cim:PositionPoint.yPosition>
  </cim:PositionPoint>
  <cim:PositionPoint rdf:ID="_5134fc39-5e33-4840-98cb-5ffd4c81f806">
    <cim:PositionPoint.sequenceNumber>5</cim:PositionPoint.sequenceNumber>
    <cim:PositionPoint.Location rdf:resource="#_038ce935-d863-43bb-9698-55468c9f9e5e"/>
    <cim:PositionPoint.xPosition>5.047090</cim:PositionPoint.xPosition>
    <cim:PositionPoint.yPosition>52.069900</cim:PositionPoint.yPosition>
  </cim:PositionPoint>
  <cim:PositionPoint rdf:ID="_b48c49f5-db67-47f2-96cb-e411dae39648">
    <cim:PositionPoint.sequenceNumber>7</cim:PositionPoint.sequenceNumber>
    <cim:PositionPoint.Location rdf:resource="#_038ce935-d863-43bb-9698-55468c9f9e5e"/>
    <cim:PositionPoint.xPosition>5.070580</cim:PositionPoint.xPosition>
    <cim:PositionPoint.yPosition>51.873100</cim:PositionPoint.yPosition>
  </cim:PositionPoint>
  <cim:Location rdf:ID="_29dbb5b1-0b51-42cf-91ce-bb39090a6f35">
    <cim:Location.PowerSystemResources rdf:resource="#_8fdc7abd-3746-481a-a65e-3df56acd8b13"/>
    <cim:Location.CoordinateSystem rdf:resource="#_f568497b-a48f-4d8b-86e1-86f37e7f917b"/>
  </cim:Location>
  <cim:PositionPoint rdf:ID="_8e767d15-5d1e-4602-a977-2cd0c2c4a314">
    <cim:PositionPoint.sequenceNumber>1</cim:PositionPoint.sequenceNumber>
    <cim:PositionPoint.Location rdf:resource="#_29dbb5b1-0b51-42cf-91ce-bb39090a6f35"/>
    <cim:PositionPoint.xPosition>4.848450</cim:PositionPoint.xPosition>
    <cim:PositionPoint.yPosition>52.402300</cim:PositionPoint.yPosition>
  </cim:PositionPoint>
  <cim:PositionPoint rdf:ID="_c79693e3-206d-44ab-a09a-67c8d0a8a4ab">
    <cim:PositionPoint.sequenceNumber>3</cim:PositionPoint.sequenceNumber>
    <cim:PositionPoint.Location rdf:resource="#_29dbb5b1-0b51-42cf-91ce-bb39090a6f35"/>
    <cim:PositionPoint.xPosition>4.790040</cim:PositionPoint.xPosition>
    <cim:PositionPoint.yPosition>52.157100</cim:PositionPoint.yPosition>
  </cim:PositionPoint>
  <cim:PositionPoint rdf:ID="_7e7e1d50-29fb-4832-ac72-bcc9366e67f7">
    <cim:PositionPoint.sequenceNumber>5</cim:PositionPoint.sequenceNumber>
    <cim:PositionPoint.Location rdf:resource="#_29dbb5b1-0b51-42cf-91ce-bb39090a6f35"/>
    <cim:PositionPoint.xPosition>4.888920</cim:PositionPoint.xPosition>
    <cim:PositionPoint.yPosition>51.913800</cim:PositionPoint.yPosition>
  </cim:PositionPoint>
  <cim:PositionPoint rdf:ID="_1007f20a-aa1c-4137-9531-1f50184c5daa">
    <cim:PositionPoint.sequenceNumber>7</cim:PositionPoint.sequenceNumber>
    <cim:PositionPoint.Location rdf:resource="#_29dbb5b1-0b51-42cf-91ce-bb39090a6f35"/>
    <cim:PositionPoint.xPosition>4.887980</cim:PositionPoint.xPosition>
    <cim:PositionPoint.yPosition>51.912700</cim:PositionPoint.yPosition>
  </cim:PositionPoint>
  <cim:Location rdf:ID="_e6da6492-599b-4cc8-a92b-71f20089697e">
    <cim:Location.PowerSystemResources rdf:resource="#_dad02278-bd25-476f-8f58-dbe44be72586"/>
    <cim:Location.CoordinateSystem rdf:resource="#_f568497b-a48f-4d8b-86e1-86f37e7f917b"/>
  </cim:Location>
  <cim:PositionPoint rdf:ID="_de6107e0-0f53-4942-a863-1f8b0f430045">
    <cim:PositionPoint.sequenceNumber>1</cim:PositionPoint.sequenceNumber>
    <cim:PositionPoint.Location rdf:resource="#_e6da6492-599b-4cc8-a92b-71f20089697e"/>
    <cim:PositionPoint.xPosition>4.847440</cim:PositionPoint.xPosition>
    <cim:PositionPoint.yPosition>52.402700</cim:PositionPoint.yPosition>
  </cim:PositionPoint>
  <cim:PositionPoint rdf:ID="_5baa36fb-4a5c-457e-8b2c-b7d9614a3160">
    <cim:PositionPoint.sequenceNumber>3</cim:PositionPoint.sequenceNumber>
    <cim:PositionPoint.Location rdf:resource="#_e6da6492-599b-4cc8-a92b-71f20089697e"/>
    <cim:PositionPoint.xPosition>4.981250</cim:PositionPoint.xPosition>
    <cim:PositionPoint.yPosition>52.248300</cim:PositionPoint.yPosition>
  </cim:PositionPoint>
  <cim:PositionPoint rdf:ID="_6f379c91-3f96-454f-9685-be0a82ea9beb">
    <cim:PositionPoint.sequenceNumber>5</cim:PositionPoint.sequenceNumber>
    <cim:PositionPoint.Location rdf:resource="#_e6da6492-599b-4cc8-a92b-71f20089697e"/>
    <cim:PositionPoint.xPosition>5.047090</cim:PositionPoint.xPosition>
    <cim:PositionPoint.yPosition>52.069900</cim:PositionPoint.yPosition>
  </cim:PositionPoint>
  <cim:PositionPoint rdf:ID="_47125470-b8fd-45c2-99ed-e3392e2edb75">
    <cim:PositionPoint.sequenceNumber>7</cim:PositionPoint.sequenceNumber>
    <cim:PositionPoint.Location rdf:resource="#_e6da6492-599b-4cc8-a92b-71f20089697e"/>
    <cim:PositionPoint.xPosition>5.071860</cim:PositionPoint.xPosition>
    <cim:PositionPoint.yPosition>51.875600</cim:PositionPoint.yPosition>
  </cim:PositionPoint>
  <cim:Location rdf:ID="_5ba30ace-2ada-4868-b63a-29fdb638c546">
    <cim:Location.PowerSystemResources rdf:resource="#_7f43f508-2496-4b64-9146-0a40406cbe49"/>
    <cim:Location.CoordinateSystem rdf:resource="#_f568497b-a48f-4d8b-86e1-86f37e7f917b"/>
  </cim:Location>
  <cim:PositionPoint rdf:ID="_da9bb532-c535-4bce-b262-8d98606784b2">
    <cim:PositionPoint.sequenceNumber>1</cim:PositionPoint.sequenceNumber>
    <cim:PositionPoint.Location rdf:resource="#_5ba30ace-2ada-4868-b63a-29fdb638c546"/>
    <cim:PositionPoint.xPosition>4.847440</cim:PositionPoint.xPosition>
    <cim:PositionPoint.yPosition>52.402700</cim:PositionPoint.yPosition>
  </cim:PositionPoint>
  <cim:PositionPoint rdf:ID="_091fb5d7-270c-47de-8ad8-7bacb1ba020f">
    <cim:PositionPoint.sequenceNumber>3</cim:PositionPoint.sequenceNumber>
    <cim:PositionPoint.Location rdf:resource="#_5ba30ace-2ada-4868-b63a-29fdb638c546"/>
    <cim:PositionPoint.xPosition>4.981250</cim:PositionPoint.xPosition>
    <cim:PositionPoint.yPosition>52.248300</cim:PositionPoint.yPosition>
  </cim:PositionPoint>
  <cim:PositionPoint rdf:ID="_d2d7c2ba-99ad-43e2-b33e-0d7e54224f19">
    <cim:PositionPoint.sequenceNumber>5</cim:PositionPoint.sequenceNumber>
    <cim:PositionPoint.Location rdf:resource="#_5ba30ace-2ada-4868-b63a-29fdb638c546"/>
    <cim:PositionPoint.xPosition>5.047090</cim:PositionPoint.xPosition>
    <cim:PositionPoint.yPosition>52.069900</cim:PositionPoint.yPosition>
  </cim:PositionPoint>
  <cim:PositionPoint rdf:ID="_8621010d-df38-4a2b-9db9-35ced6d19f73">
    <cim:PositionPoint.sequenceNumber>7</cim:PositionPoint.sequenceNumber>
    <cim:PositionPoint.Location rdf:resource="#_5ba30ace-2ada-4868-b63a-29fdb638c546"/>
    <cim:PositionPoint.xPosition>5.072940</cim:PositionPoint.xPosition>
    <cim:PositionPoint.yPosition>51.876500</cim:PositionPoint.yPosition>
  </cim:PositionPoint>
  <cim:Location rdf:ID="_1afbf912-99e9-43de-a6b8-742b584263bf">
    <cim:Location.PowerSystemResources rdf:resource="#_a279a3dc-550b-426c-af3a-61b7be508dcc"/>
    <cim:Location.CoordinateSystem rdf:resource="#_f568497b-a48f-4d8b-86e1-86f37e7f917b"/>
  </cim:Location>
  <cim:PositionPoint rdf:ID="_f214480c-4caa-4d4f-ad1d-721c231bef28">
    <cim:PositionPoint.sequenceNumber>1</cim:PositionPoint.sequenceNumber>
    <cim:PositionPoint.Location rdf:resource="#_1afbf912-99e9-43de-a6b8-742b584263bf"/>
    <cim:PositionPoint.xPosition>4.848450</cim:PositionPoint.xPosition>
    <cim:PositionPoint.yPosition>52.402300</cim:PositionPoint.yPosition>
  </cim:PositionPoint>
  <cim:PositionPoint rdf:ID="_710421e1-d81c-404d-885a-b5d70d8b2932">
    <cim:PositionPoint.sequenceNumber>3</cim:PositionPoint.sequenceNumber>
    <cim:PositionPoint.Location rdf:resource="#_1afbf912-99e9-43de-a6b8-742b584263bf"/>
    <cim:PositionPoint.xPosition>4.790040</cim:PositionPoint.xPosition>
    <cim:PositionPoint.yPosition>52.157100</cim:PositionPoint.yPosition>
  </cim:PositionPoint>
  <cim:PositionPoint rdf:ID="_510a3172-0e2e-4386-a846-8575f4697ee7">
    <cim:PositionPoint.sequenceNumber>5</cim:PositionPoint.sequenceNumber>
    <cim:PositionPoint.Location rdf:resource="#_1afbf912-99e9-43de-a6b8-742b584263bf"/>
    <cim:PositionPoint.xPosition>4.888920</cim:PositionPoint.xPosition>
    <cim:PositionPoint.yPosition>51.913800</cim:PositionPoint.yPosition>
  </cim:PositionPoint>
  <cim:Location rdf:ID="_793ba048-ded9-41e3-8499-12510723ea27">
    <cim:Location.PowerSystemResources rdf:resource="#_fe19b051-39e7-4b25-bd85-812e09522953"/>
    <cim:Location.CoordinateSystem rdf:resource="#_f568497b-a48f-4d8b-86e1-86f37e7f917b"/>
  </cim:Location>
  <cim:PositionPoint rdf:ID="_ac711421-fe5d-45dc-bdb3-9a953ab736cb">
    <cim:PositionPoint.sequenceNumber>1</cim:PositionPoint.sequenceNumber>
    <cim:PositionPoint.Location rdf:resource="#_793ba048-ded9-41e3-8499-12510723ea27"/>
    <cim:PositionPoint.xPosition>4.848450</cim:PositionPoint.xPosition>
    <cim:PositionPoint.yPosition>52.402300</cim:PositionPoint.yPosition>
  </cim:PositionPoint>
  <cim:PositionPoint rdf:ID="_99ec8337-dcfe-481e-ab09-9358c4d5c435">
    <cim:PositionPoint.sequenceNumber>3</cim:PositionPoint.sequenceNumber>
    <cim:PositionPoint.Location rdf:resource="#_793ba048-ded9-41e3-8499-12510723ea27"/>
    <cim:PositionPoint.xPosition>4.790040</cim:PositionPoint.xPosition>
    <cim:PositionPoint.yPosition>52.157100</cim:PositionPoint.yPosition>
  </cim:PositionPoint>
  <cim:PositionPoint rdf:ID="_3b0d697f-9a14-4847-93a1-9e6ab198addd">
    <cim:PositionPoint.sequenceNumber>5</cim:PositionPoint.sequenceNumber>
    <cim:PositionPoint.Location rdf:resource="#_793ba048-ded9-41e3-8499-12510723ea27"/>
    <cim:PositionPoint.xPosition>4.888920</cim:PositionPoint.xPosition>
    <cim:PositionPoint.yPosition>51.913800</cim:PositionPoint.yPosition>
  </cim:PositionPoint>
</rdf:RDF>
