<?xml version="1.0" encoding="utf-8"?>
<rdf:RDF xmlns:rdf="http://www.w3.org/1999/02/22-rdf-syntax-ns#" xmlns:cim="http://iec.ch/TC57/2013/CIM-schema-cim16#" xmlns:entsoe="http://entsoe.eu/CIM/SchemaExtension/3/1#" xmlns:md="http://iec.ch/TC57/61970-552/ModelDescription/1#">
  <md:FullModel rdf:about="urn:uuid:_88a69668-4ba5-485e-bba1-07162cad74d8">
    <md:Model.created>2014-10-24T16:16:38</md:Model.created>
    <md:Model.scenarioTime>2014-04-14T09:26:16</md:Model.scenarioTime>
    <md:Model.version>2</md:Model.version>
    <md:Model.DependentOn rdf:resource="urn:uuid:65d992e3-d726-44f1-95bb-639b2342283e"/>
    <md:Model.DependentOn rdf:resource="urn:uuid:236c9d9c-ef01-4bd3-9de9-63a39e676dad"/>
    <md:Model.DependentOn rdf:resource="urn:uuid:aecd2eb0-f3d9-4244-99aa-3fc7e6ddf117"/>
    <md:Model.DependentOn rdf:resource="urn:uuid:2399cbd1-9a39-11e0-aa80-0800200c9a66"/>
    <md:Model.DependentOn rdf:resource="urn:uuid:91d16408-288d-46d9-b202-aee228eeeb5c"/>
    <md:Model.description>CGMES Conformity Assessment: 'MicroGridTestConfiguration....T3 (Assembled) Test Configuration. The model is owned by ENTSO-E and is provided by ENTSO-E “as it is”. To the fullest extent permitted by law, ENTSO-E shall not be liable for any damages of any kind arising out of the use of the model (including any of its subsequent modifications). ENTSO-E neither warrants, nor represents that the use of the model will not infringe the rights of third parties. Any use of the model shall  include a reference to ENTSO-E. ENTSO-E web site is the only official source of information related to the model.</md:Model.description>
    <md:Model.profile>http://entsoe.eu/CIM/StateVariables/4/1</md:Model.profile>
    <md:Model.Supersedes rdf:resource="urn:uuid:_5d0e030d-38b8-4c1f-bf43-b444e0f3a0e1"/>
  </md:FullModel>
  <cim:SvVoltage rdf:ID="_cc619def-3df8-40cf-8c03-c6b090999091">
    <cim:SvVoltage.v>413.589732</cim:SvVoltage.v>
    <cim:SvVoltage.angle>-6.665390</cim:SvVoltage.angle>
    <cim:SvVoltage.TopologicalNode rdf:resource="#_e44141af-f1dc-44d3-bfa4-b674e5c953d7"/>
  </cim:SvVoltage>
  <cim:SvVoltage rdf:ID="_e04dc119-f2e9-4277-a8c1-a762908dbaa8">
    <cim:SvVoltage.v>126.332508</cim:SvVoltage.v>
    <cim:SvVoltage.angle>-12.196600</cim:SvVoltage.angle>
    <cim:SvVoltage.TopologicalNode rdf:resource="#_d3d9c515-2ddb-436a-bf17-2f8be2394de3"/>
  </cim:SvVoltage>
  <cim:SvVoltage rdf:ID="_a7871eeb-9420-462c-b592-b83e9e6ad441">
    <cim:SvVoltage.v>126.387329</cim:SvVoltage.v>
    <cim:SvVoltage.angle>-4.880770</cim:SvVoltage.angle>
    <cim:SvVoltage.TopologicalNode rdf:resource="#_27d57afa-6c9d-4b06-93ea-8c88d14af8b1"/>
  </cim:SvVoltage>
  <cim:SvVoltage rdf:ID="_7e89d2af-7c6c-4d85-a2df-613b67dbce6f">
    <cim:SvVoltage.v>16.033500</cim:SvVoltage.v>
    <cim:SvVoltage.angle>0e+000</cim:SvVoltage.angle>
    <cim:SvVoltage.TopologicalNode rdf:resource="#_97d7d14a-7294-458f-a8d7-024700a08717"/>
  </cim:SvVoltage>
  <cim:SvVoltage rdf:ID="_55ba5764-f021-4afc-8d5e-5964971e7165">
    <cim:SvVoltage.v>226.033049</cim:SvVoltage.v>
    <cim:SvVoltage.angle>-8.267930</cim:SvVoltage.angle>
    <cim:SvVoltage.TopologicalNode rdf:resource="#_99b219f3-4593-428b-a4da-124a54630178"/>
  </cim:SvVoltage>
  <cim:SvVoltage rdf:ID="_d0c6e174-fa70-4df2-a880-a59f31f1c6a2">
    <cim:SvVoltage.v>16.017750</cim:SvVoltage.v>
    <cim:SvVoltage.angle>-2.702380</cim:SvVoltage.angle>
    <cim:SvVoltage.TopologicalNode rdf:resource="#_6bdc33de-d027-49b7-b98f-3b3d87716615"/>
  </cim:SvVoltage>
  <cim:SvVoltage rdf:ID="_5e59b4b0-a241-4414-9592-19fd6716213a">
    <cim:SvVoltage.v>411.500287</cim:SvVoltage.v>
    <cim:SvVoltage.angle>-6.474900</cim:SvVoltage.angle>
    <cim:SvVoltage.TopologicalNode rdf:resource="#_f03d65b2a51049ffa533e433721145c1"/>
  </cim:SvVoltage>
  <cim:SvVoltage rdf:ID="_0eb58888-903d-486f-9395-e3c786ebb4d0">
    <cim:SvVoltage.v>413.215265</cim:SvVoltage.v>
    <cim:SvVoltage.angle>-6.634090</cim:SvVoltage.angle>
    <cim:SvVoltage.TopologicalNode rdf:resource="#_9d25a1f9e5d14d47b6dcde99c4380b40"/>
  </cim:SvVoltage>
  <cim:SvVoltage rdf:ID="_dfbe6ecc-d513-43f1-ae46-7a72defe92e7">
    <cim:SvVoltage.v>411.770499</cim:SvVoltage.v>
    <cim:SvVoltage.angle>-6.486570</cim:SvVoltage.angle>
    <cim:SvVoltage.TopologicalNode rdf:resource="#_d4affe50316740bdbbf4ae9c7cbf3cfd"/>
  </cim:SvVoltage>
  <cim:SvVoltage rdf:ID="_9502f4a7-8495-46a7-9d41-74d7246f6ac2">
    <cim:SvVoltage.v>226.006478</cim:SvVoltage.v>
    <cim:SvVoltage.angle>-6.149480</cim:SvVoltage.angle>
    <cim:SvVoltage.TopologicalNode rdf:resource="#_8d7bad8bcc634e0796e362390d9040b6"/>
  </cim:SvVoltage>
  <cim:SvVoltage rdf:ID="_de96061d-cc84-43e8-837d-52cd6885c83e">
    <cim:SvVoltage.v>225.536658</cim:SvVoltage.v>
    <cim:SvVoltage.angle>-3.531250</cim:SvVoltage.angle>
    <cim:SvVoltage.TopologicalNode rdf:resource="#_795a117d-7caf-4fc2-a8d9-dc8f4cf2344a"/>
  </cim:SvVoltage>
  <cim:SvVoltage rdf:ID="_2682d79c-16b7-4b2b-b268-e6273a227d5d">
    <cim:SvVoltage.v>225.471858</cim:SvVoltage.v>
    <cim:SvVoltage.angle>-6.216820</cim:SvVoltage.angle>
    <cim:SvVoltage.TopologicalNode rdf:resource="#_1fa19c281c8f4e1eaad9e1cab70f923e"/>
  </cim:SvVoltage>
  <cim:SvVoltage rdf:ID="_270c277c-b943-4323-a8a7-2cb8343013e8">
    <cim:SvVoltage.v>225.536658</cim:SvVoltage.v>
    <cim:SvVoltage.angle>-3.531250</cim:SvVoltage.angle>
    <cim:SvVoltage.TopologicalNode rdf:resource="#_afddd60d-f7e6-419a-a5c2-be28d29beaf9"/>
  </cim:SvVoltage>
  <cim:SvVoltage rdf:ID="_b781e268-774b-4130-ba1d-5991b159a906">
    <cim:SvVoltage.v>225.622398</cim:SvVoltage.v>
    <cim:SvVoltage.angle>-8.751450</cim:SvVoltage.angle>
    <cim:SvVoltage.TopologicalNode rdf:resource="#_3aad8a0b-d1d4-4ee2-9690-4c7106be4530"/>
  </cim:SvVoltage>
  <cim:SvVoltage rdf:ID="_ef117d27-5d82-489e-8c99-853bb9fb43b5">
    <cim:SvVoltage.v>226.136561</cim:SvVoltage.v>
    <cim:SvVoltage.angle>-8.260120</cim:SvVoltage.angle>
    <cim:SvVoltage.TopologicalNode rdf:resource="#_902e51fc-8487-4d9d-ba3a-7dcfcfeef4d1"/>
  </cim:SvVoltage>
  <cim:SvVoltage rdf:ID="_f7cb0362-f95b-48fc-a8b5-bf7232a08d97">
    <cim:SvVoltage.v>123.497639</cim:SvVoltage.v>
    <cim:SvVoltage.angle>-11.347200</cim:SvVoltage.angle>
    <cim:SvVoltage.TopologicalNode rdf:resource="#_36ac9aa9-1edb-4dc4-857f-264950b020c3"/>
  </cim:SvVoltage>
  <cim:SvVoltage rdf:ID="_ab9defdb-f263-4c35-b66b-1e63040f528c">
    <cim:SvVoltage.v>123.463163</cim:SvVoltage.v>
    <cim:SvVoltage.angle>3.195261</cim:SvVoltage.angle>
    <cim:SvVoltage.TopologicalNode rdf:resource="#_5dfe6cbd-7e38-4123-9407-98fdc7a25eb0"/>
  </cim:SvVoltage>
  <cim:SvVoltage rdf:ID="_639ed0cb-6bfd-4194-a10f-85eeaa2385b1">
    <cim:SvVoltage.v>409.252873</cim:SvVoltage.v>
    <cim:SvVoltage.angle>-6.266840</cim:SvVoltage.angle>
    <cim:SvVoltage.TopologicalNode rdf:resource="#_81b0e447-181e-4aec-8921-f1dd7813bebc"/>
  </cim:SvVoltage>
  <cim:SvVoltage rdf:ID="_f9147ec2-9e6d-4f76-9147-771245f16ace">
    <cim:SvVoltage.v>15.826425</cim:SvVoltage.v>
    <cim:SvVoltage.angle>-3.634980</cim:SvVoltage.angle>
    <cim:SvVoltage.TopologicalNode rdf:resource="#_05c13364-3f5c-439f-bd15-2a16f8c3a58e"/>
  </cim:SvVoltage>
  <cim:SvVoltage rdf:ID="_dec6d653-b36a-4a2f-bb7a-6cf524c97134">
    <cim:SvVoltage.v>225.640837</cim:SvVoltage.v>
    <cim:SvVoltage.angle>-3.484250</cim:SvVoltage.angle>
    <cim:SvVoltage.TopologicalNode rdf:resource="#_a6759c31-0608-4dbf-8eca-1f3ff25075e2"/>
  </cim:SvVoltage>
  <cim:SvVoltage rdf:ID="_32ce68b7-fb02-47d2-a726-338c60a83a29">
    <cim:SvVoltage.v>225.658343</cim:SvVoltage.v>
    <cim:SvVoltage.angle>-8.734640</cim:SvVoltage.angle>
    <cim:SvVoltage.TopologicalNode rdf:resource="#_f70f6bad-eb8d-4b8f-8431-4ab93581514e"/>
  </cim:SvVoltage>
  <cim:SvVoltage rdf:ID="_d804e866-6487-4c68-b28f-61d7a1f6739c">
    <cim:SvVoltage.v>10.795720</cim:SvVoltage.v>
    <cim:SvVoltage.angle>-6.212020</cim:SvVoltage.angle>
    <cim:SvVoltage.TopologicalNode rdf:resource="#_a81d08ed-f51d-4538-8d1e-fb2d0dbd128e"/>
  </cim:SvVoltage>
  <cim:SvVoltage rdf:ID="_da3348cb-62bf-47c2-ad86-564261561630">
    <cim:SvVoltage.v>21.987000</cim:SvVoltage.v>
    <cim:SvVoltage.angle>-6.320160</cim:SvVoltage.angle>
    <cim:SvVoltage.TopologicalNode rdf:resource="#_f96d552a-618d-4d0c-a39a-2dea3c411dee"/>
  </cim:SvVoltage>
  <cim:SvVoltage rdf:ID="_a2e603f4-e1e8-4c63-86e7-d21176786dd3">
    <cim:SvVoltage.v>115.500000</cim:SvVoltage.v>
    <cim:SvVoltage.angle>-8.632430</cim:SvVoltage.angle>
    <cim:SvVoltage.TopologicalNode rdf:resource="#_5c74cb26-ce2f-40c6-951d-89091eb781b6"/>
  </cim:SvVoltage>
  <cim:SvPowerFlow rdf:ID="_7a02c3af-387a-461f-9f44-7cb1b0aa6b87">
    <cim:SvPowerFlow.p>40.273274</cim:SvPowerFlow.p>
    <cim:SvPowerFlow.q>-83.928997</cim:SvPowerFlow.q>
    <cim:SvPowerFlow.Terminal rdf:resource="#_f970233f-b573-49d9-9fc3-3a2a59ed3bbb"/>
  </cim:SvPowerFlow>
  <cim:SvPowerFlow rdf:ID="_8d69a1da-7f93-4fd2-8650-cafafe105020">
    <cim:SvPowerFlow.p>34.542368</cim:SvPowerFlow.p>
    <cim:SvPowerFlow.q>-1.292361</cim:SvPowerFlow.q>
    <cim:SvPowerFlow.Terminal rdf:resource="#_24dd035c-0a8c-4351-aeb2-08d6622b42ae"/>
  </cim:SvPowerFlow>
  <cim:SvPowerFlow rdf:ID="_d2d5594b-0cef-482a-9628-e82ec1f40566">
    <cim:SvPowerFlow.p>33.718509</cim:SvPowerFlow.p>
    <cim:SvPowerFlow.q>-2.598975</cim:SvPowerFlow.q>
    <cim:SvPowerFlow.Terminal rdf:resource="#_26e50b4b-9a19-420d-98ce-bc4f11971cd7"/>
  </cim:SvPowerFlow>
  <cim:SvPowerFlow rdf:ID="_9ebbd705-c99d-47e4-aed6-5f06c2fd7c90">
    <cim:SvPowerFlow.p>-33.718508</cim:SvPowerFlow.p>
    <cim:SvPowerFlow.q>2.598975</cim:SvPowerFlow.q>
    <cim:SvPowerFlow.Terminal rdf:resource="#_4a7363a4-0b21-4f65-8bba-33e3a8f6bac3"/>
  </cim:SvPowerFlow>
  <cim:SvPowerFlow rdf:ID="_206cdeb8-a3d4-4b44-a885-08cf9dc0c475">
    <cim:SvPowerFlow.p>-34.542367</cim:SvPowerFlow.p>
    <cim:SvPowerFlow.q>1.292361</cim:SvPowerFlow.q>
    <cim:SvPowerFlow.Terminal rdf:resource="#_d238885e-d9b6-4edc-8567-6a68c605ed67"/>
  </cim:SvPowerFlow>
  <cim:SvPowerFlow rdf:ID="_dce3606f-381b-4ae6-8a83-936583d98a7b">
    <cim:SvPowerFlow.p>-40.273274</cim:SvPowerFlow.p>
    <cim:SvPowerFlow.q>83.928997</cim:SvPowerFlow.q>
    <cim:SvPowerFlow.Terminal rdf:resource="#_c41978db-794b-4bae-953e-60fc519e87dd"/>
  </cim:SvPowerFlow>
  <cim:SvPowerFlow rdf:ID="_0ef0d620-5c04-4505-aa85-204ac50df90c">
    <cim:SvPowerFlow.p>-43.627121</cim:SvPowerFlow.p>
    <cim:SvPowerFlow.q>78.432952</cim:SvPowerFlow.q>
    <cim:SvPowerFlow.Terminal rdf:resource="#_53072f42-f77b-47e2-bd9a-e097c910b173"/>
  </cim:SvPowerFlow>
  <cim:SvPowerFlow rdf:ID="_3d446a28-f016-42a3-b647-046868967928">
    <cim:SvPowerFlow.p>-83.922866</cim:SvPowerFlow.p>
    <cim:SvPowerFlow.q>147.271512</cim:SvPowerFlow.q>
    <cim:SvPowerFlow.Terminal rdf:resource="#_b9539c41-d114-4280-8a54-8ecec398091e"/>
  </cim:SvPowerFlow>
  <cim:SvPowerFlow rdf:ID="_c83fd14e-8a3b-4d8d-947c-4d46d83ce985">
    <cim:SvPowerFlow.p>83.922867</cim:SvPowerFlow.p>
    <cim:SvPowerFlow.q>-147.271510</cim:SvPowerFlow.q>
    <cim:SvPowerFlow.Terminal rdf:resource="#_f48d48c7-e9f6-460c-898f-cc68a96efdeb"/>
  </cim:SvPowerFlow>
  <cim:SvPowerFlow rdf:ID="_9f4dd1c1-248b-41de-8243-f2dad8a41555">
    <cim:SvPowerFlow.p>43.627121</cim:SvPowerFlow.p>
    <cim:SvPowerFlow.q>-78.432951</cim:SvPowerFlow.q>
    <cim:SvPowerFlow.Terminal rdf:resource="#_39d27c17-1e5b-4edc-a7ec-65a2d56542df"/>
  </cim:SvPowerFlow>
  <cim:SvPowerFlow rdf:ID="_392463b3-6f9b-4538-b412-653a9df6339a">
    <cim:SvPowerFlow.p>488.446196</cim:SvPowerFlow.p>
    <cim:SvPowerFlow.q>231.736497</cim:SvPowerFlow.q>
    <cim:SvPowerFlow.Terminal rdf:resource="#_fab54e9c-b12e-4e47-a9f2-fec4ef96c0c0"/>
  </cim:SvPowerFlow>
  <cim:SvPowerFlow rdf:ID="_0d505062-dff2-4a1f-a5b2-24bf22f0294f">
    <cim:SvPowerFlow.p>10.000000</cim:SvPowerFlow.p>
    <cim:SvPowerFlow.q>10.000000</cim:SvPowerFlow.q>
    <cim:SvPowerFlow.Terminal rdf:resource="#_6dad1a97-6874-4206-a5a5-837e495325f8"/>
  </cim:SvPowerFlow>
  <cim:SvPowerFlow rdf:ID="_55191c23-3c7d-4374-a4d4-4d7aec336e2e">
    <cim:SvPowerFlow.p>90.000000</cim:SvPowerFlow.p>
    <cim:SvPowerFlow.q>280.000000</cim:SvPowerFlow.q>
    <cim:SvPowerFlow.Terminal rdf:resource="#_f461fd2d-1e41-4a3e-8213-7cc33c77a089"/>
  </cim:SvPowerFlow>
  <cim:SvPowerFlow rdf:ID="_fb30f03b-baf4-4084-9b13-9651246ca711">
    <cim:SvPowerFlow.p>1.000000</cim:SvPowerFlow.p>
    <cim:SvPowerFlow.q>0e+000</cim:SvPowerFlow.q>
    <cim:SvPowerFlow.Terminal rdf:resource="#_b9376bea-c75d-49f3-94ca-6a71fa0086a5"/>
  </cim:SvPowerFlow>
  <cim:SvPowerFlow rdf:ID="_91a25da0-6cd6-44e9-997f-d344800eed18">
    <cim:SvPowerFlow.p>200.000000</cim:SvPowerFlow.p>
    <cim:SvPowerFlow.q>50.000000</cim:SvPowerFlow.q>
    <cim:SvPowerFlow.Terminal rdf:resource="#_a036b765-1669-4f64-acd3-1e8fbd513312"/>
  </cim:SvPowerFlow>
  <cim:SvPowerFlow rdf:ID="_9f3083d2-24bf-45a5-9e14-4470102d349e">
    <cim:SvPowerFlow.p>200.000000</cim:SvPowerFlow.p>
    <cim:SvPowerFlow.q>90.000000</cim:SvPowerFlow.q>
    <cim:SvPowerFlow.Terminal rdf:resource="#_cbdf1842-74ed-4fce-a5d4-0296c82cbc92"/>
  </cim:SvPowerFlow>
  <cim:SvPowerFlow rdf:ID="_887aae8a-31e1-4e16-8c19-701199ff7d96">
    <cim:SvPowerFlow.p>-140.000000</cim:SvPowerFlow.p>
    <cim:SvPowerFlow.q>10.133536</cim:SvPowerFlow.q>
    <cim:SvPowerFlow.Terminal rdf:resource="#_ae4b7cbe-349a-41c8-ace2-25ec26f14a64"/>
  </cim:SvPowerFlow>
  <cim:SvPowerFlow rdf:ID="_4bc07503-bd10-4211-9661-71d4accbc4ad">
    <cim:SvPowerFlow.p>-150.000000</cim:SvPowerFlow.p>
    <cim:SvPowerFlow.q>10.133536</cim:SvPowerFlow.q>
    <cim:SvPowerFlow.Terminal rdf:resource="#_f04ecab5-1a12-4cc0-ba56-b157ebf11a42"/>
  </cim:SvPowerFlow>
  <cim:SvPowerFlow rdf:ID="_c009fcb1-7918-43b1-967e-baca083fdf18">
    <cim:SvPowerFlow.p>-564.269800</cim:SvPowerFlow.p>
    <cim:SvPowerFlow.q>-232.988130</cim:SvPowerFlow.q>
    <cim:SvPowerFlow.Terminal rdf:resource="#_faab7959-f9bf-421b-bc3f-d364e0c1388b"/>
  </cim:SvPowerFlow>
  <cim:SvPowerFlow rdf:ID="_200dcc96-94f2-4e7e-baa3-c4afa8322362">
    <cim:SvPowerFlow.p>-118.000000</cim:SvPowerFlow.p>
    <cim:SvPowerFlow.q>-68.351957</cim:SvPowerFlow.q>
    <cim:SvPowerFlow.Terminal rdf:resource="#_4bb5407b-b4a5-416c-80ad-1a778ada2b9b"/>
  </cim:SvPowerFlow>
  <cim:SvPowerFlow rdf:ID="_5eafa59a-fc47-4d00-9da2-1f4ab2a9ab07">
    <cim:SvPowerFlow.p>-90.000000</cim:SvPowerFlow.p>
    <cim:SvPowerFlow.q>103.893000</cim:SvPowerFlow.q>
    <cim:SvPowerFlow.Terminal rdf:resource="#_beffa353-7d10-421d-9c08-036b744b1cee"/>
  </cim:SvPowerFlow>
  <cim:SvPowerFlow rdf:ID="_e4c520db-2887-4120-8dc2-16cf032d9eb7">
    <cim:SvPowerFlow.p>0e+000</cim:SvPowerFlow.p>
    <cim:SvPowerFlow.q>-42.070633</cim:SvPowerFlow.q>
    <cim:SvPowerFlow.Terminal rdf:resource="#_dd972655-21d1-46fd-bc5f-ff242f60867c"/>
  </cim:SvPowerFlow>
  <cim:SvPowerFlow rdf:ID="_781dca27-c898-4cf0-9ce8-a960b4c08a69">
    <cim:SvPowerFlow.p>0e+000</cim:SvPowerFlow.p>
    <cim:SvPowerFlow.q>-126.787790</cim:SvPowerFlow.q>
    <cim:SvPowerFlow.Terminal rdf:resource="#_fe727d32-5757-492a-8eec-36eb0f23e698"/>
  </cim:SvPowerFlow>
  <cim:SvPowerFlow rdf:ID="_ac0be21e-9133-46c5-9361-cae23238c892">
    <cim:SvPowerFlow.p>0e+000</cim:SvPowerFlow.p>
    <cim:SvPowerFlow.q>-52.339973</cim:SvPowerFlow.q>
    <cim:SvPowerFlow.Terminal rdf:resource="#_a015f692-3fc5-4ec3-8d1d-977c7b499e7c"/>
  </cim:SvPowerFlow>
  <cim:SvPowerFlow rdf:ID="_c6b23277-74cb-47b7-aa9c-2d6c398f8d06">
    <cim:SvPowerFlow.p>0e+000</cim:SvPowerFlow.p>
    <cim:SvPowerFlow.q>-40.389130</cim:SvPowerFlow.q>
    <cim:SvPowerFlow.Terminal rdf:resource="#_4b4ee120-b820-4ead-9cbb-c7ecdb49ac82"/>
  </cim:SvPowerFlow>
  <cim:SvPowerFlow rdf:ID="_fbad408d-9681-440b-8b9f-8acc19c54d1d">
    <cim:SvPowerFlow.p>0e+000</cim:SvPowerFlow.p>
    <cim:SvPowerFlow.q>-126.232530</cim:SvPowerFlow.q>
    <cim:SvPowerFlow.Terminal rdf:resource="#_d53172b8-4633-46f2-90a8-9e08cb0339fc"/>
  </cim:SvPowerFlow>
  <cim:SvPowerFlow rdf:ID="_d84917a5-c06b-49d4-bf13-a2dd8f84af4e">
    <cim:SvPowerFlow.p>1.184602</cim:SvPowerFlow.p>
    <cim:SvPowerFlow.q>-59.230078</cim:SvPowerFlow.q>
    <cim:SvPowerFlow.Terminal rdf:resource="#_22af3121-1a66-4546-bd80-4371f417c644"/>
  </cim:SvPowerFlow>
  <cim:SvPowerFlow rdf:ID="_45e7de09-2e5d-4745-afa6-1606b3dc0b88">
    <cim:SvPowerFlow.p>0e+000</cim:SvPowerFlow.p>
    <cim:SvPowerFlow.q>-330.750000</cim:SvPowerFlow.q>
    <cim:SvPowerFlow.Terminal rdf:resource="#_d5e2e58e-ccf6-47d9-b3bb-3088eb7a9b6c"/>
  </cim:SvPowerFlow>
  <cim:SvTapStep rdf:ID="_8940f9e1-633a-496c-a0d9-5893f8bd71c1">
    <cim:SvTapStep.position>7</cim:SvTapStep.position>
    <cim:SvTapStep.TapChanger rdf:resource="#_641b8688-b0bc-49c3-9a49-f129851deb4c"/>
  </cim:SvTapStep>
  <cim:SvTapStep rdf:ID="_da58585c-d03c-4ab0-8f60-2fcd7fe42789">
    <cim:SvTapStep.position>7</cim:SvTapStep.position>
    <cim:SvTapStep.TapChanger rdf:resource="#_2aa13bb2-8bcd-4f98-b2ce-c3c444e1d2f0"/>
  </cim:SvTapStep>
  <cim:SvTapStep rdf:ID="_77df0819-34a6-43c8-9cff-858945bbdbf9">
    <cim:SvTapStep.position>-2</cim:SvTapStep.position>
    <cim:SvTapStep.TapChanger rdf:resource="#_c1d5c14b8f8011e08e4d00247eb1f55e"/>
  </cim:SvTapStep>
  <cim:SvTapStep rdf:ID="_3fbdb8e6-e8f8-45ac-a948-b10027f5b5d1">
    <cim:SvTapStep.position>17</cim:SvTapStep.position>
    <cim:SvTapStep.TapChanger rdf:resource="#_c1d5c1588f8011e08e4d00247eb1f55e"/>
  </cim:SvTapStep>
  <cim:SvTapStep rdf:ID="_1bd2d7a9-297d-4629-9311-48d7fe2bf18e">
    <cim:SvTapStep.position>6</cim:SvTapStep.position>
    <cim:SvTapStep.TapChanger rdf:resource="#_6a572c3b-77d9-4c3a-8bd3-4667d7a9b615"/>
  </cim:SvTapStep>
  <cim:SvTapStep rdf:ID="_8089ae58-5336-438b-9989-0ce65bd552d7">
    <cim:SvTapStep.position>-3</cim:SvTapStep.position>
    <cim:SvTapStep.TapChanger rdf:resource="#_0de77cdf-f612-4f1d-92c7-c20748e34a4d"/>
  </cim:SvTapStep>
  <cim:SvTapStep rdf:ID="_7faf933d-ed43-4d27-a6f5-fc2f7d75234e">
    <cim:SvTapStep.position>5</cim:SvTapStep.position>
    <cim:SvTapStep.TapChanger rdf:resource="#_c1d5c1658f8011e08e4d00247eb1f55e"/>
  </cim:SvTapStep>
  <cim:SvTapStep rdf:ID="_c17ffee9-3a38-405b-9f71-dbc6d297253d">
    <cim:SvTapStep.position>21</cim:SvTapStep.position>
    <cim:SvTapStep.TapChanger rdf:resource="#_83cc66dd-8d93-4a2c-8103-f1f5a9cf7e2e"/>
  </cim:SvTapStep>
  <cim:SvTapStep rdf:ID="_9862d6b4-7040-4311-aaa9-e74481ae7189">
    <cim:SvTapStep.position>10</cim:SvTapStep.position>
    <cim:SvTapStep.TapChanger rdf:resource="#_955d9cd0-4a10-4031-b008-60c0dc340a07"/>
  </cim:SvTapStep>
  <cim:SvTapStep rdf:ID="_d93c64c7-f192-41e6-a10b-5c8b491adea5">
    <cim:SvTapStep.position>15</cim:SvTapStep.position>
    <cim:SvTapStep.TapChanger rdf:resource="#_6ebbef67-3061-4236-a6fd-6ccc4595f6c3"/>
  </cim:SvTapStep>
  <cim:SvTapStep rdf:ID="_e5a2debc-5271-4dfa-b3ef-9e601834d290">
    <cim:SvTapStep.position>17</cim:SvTapStep.position>
    <cim:SvTapStep.TapChanger rdf:resource="#_fe25f43a-7341-446e-a71a-8ab7119ba806"/>
  </cim:SvTapStep>
  <cim:SvShuntCompensatorSections rdf:ID="_606ff123-3758-4c7a-bef3-3b5d67c82115">
    <cim:SvShuntCompensatorSections.sections>1</cim:SvShuntCompensatorSections.sections>
    <cim:SvShuntCompensatorSections.ShuntCompensator rdf:resource="#_8c5c883a-f50d-4a79-8d74-de61226830bb"/>
  </cim:SvShuntCompensatorSections>
  <cim:SvShuntCompensatorSections rdf:ID="_a5159a60-77a1-42e3-a8c6-c51829986a44">
    <cim:SvShuntCompensatorSections.sections>1</cim:SvShuntCompensatorSections.sections>
    <cim:SvShuntCompensatorSections.ShuntCompensator rdf:resource="#_9c4a23bf-385a-4e61-99ca-a84ffa749b29"/>
  </cim:SvShuntCompensatorSections>
  <cim:SvShuntCompensatorSections rdf:ID="_792755fd-f8c8-4b51-8582-de034d2edc83">
    <cim:SvShuntCompensatorSections.sections>1</cim:SvShuntCompensatorSections.sections>
    <cim:SvShuntCompensatorSections.ShuntCompensator rdf:resource="#_fbfed7e3-3dec-4829-a286-029e73535685"/>
  </cim:SvShuntCompensatorSections>
  <cim:SvShuntCompensatorSections rdf:ID="_6d227ca2-e699-4686-bc3e-c7330301c129">
    <cim:SvShuntCompensatorSections.sections>1</cim:SvShuntCompensatorSections.sections>
    <cim:SvShuntCompensatorSections.ShuntCompensator rdf:resource="#_b98ded5b-4300-4131-9cb8-14c53ecaa942"/>
  </cim:SvShuntCompensatorSections>
  <cim:SvShuntCompensatorSections rdf:ID="_7e38aea5-d381-4485-919b-64aa4e7c1b30">
    <cim:SvShuntCompensatorSections.sections>1</cim:SvShuntCompensatorSections.sections>
    <cim:SvShuntCompensatorSections.ShuntCompensator rdf:resource="#_80b131ac-c989-4c5f-ab59-4635d99bf7c6"/>
  </cim:SvShuntCompensatorSections>
  <cim:SvShuntCompensatorSections rdf:ID="_bc0ca953-236b-4f7e-a8e3-0cb74b895096">
    <cim:SvShuntCompensatorSections.sections>1</cim:SvShuntCompensatorSections.sections>
    <cim:SvShuntCompensatorSections.ShuntCompensator rdf:resource="#_002b0a40-3957-46db-b84a-30420083558f"/>
  </cim:SvShuntCompensatorSections>
  <cim:SvShuntCompensatorSections rdf:ID="_5a9c0a95-0722-493f-a6af-de5537bb80b9">
    <cim:SvShuntCompensatorSections.sections>1</cim:SvShuntCompensatorSections.sections>
    <cim:SvShuntCompensatorSections.ShuntCompensator rdf:resource="#_d771118f-36e9-4115-a128-cc3d9ce3e3da"/>
  </cim:SvShuntCompensatorSections>
  <cim:CsConverter rdf:about="#_bdda44e8-7177-4cbc-931d-c879f3723635">
    <cim:CsConverter.alpha>144.091321</cim:CsConverter.alpha>
    <cim:CsConverter.gamma>28.298917</cim:CsConverter.gamma>
    <cim:ACDCConverter.uc>126.387329</cim:ACDCConverter.uc>
    <cim:ACDCConverter.udc>150.000000</cim:ACDCConverter.udc>
    <cim:ACDCConverter.poleLossP>0.311637</cim:ACDCConverter.poleLossP>
    <cim:ACDCConverter.idc>500.000000</cim:ACDCConverter.idc>
  </cim:CsConverter>
  <cim:CsConverter rdf:about="#_6a6ee7e4-98d3-4c36-b3f8-6c398f8b6a35">
    <cim:CsConverter.alpha>26.278693</cim:CsConverter.alpha>
    <cim:CsConverter.gamma>145.685567</cim:CsConverter.gamma>
    <cim:ACDCConverter.uc>126.332508</cim:ACDCConverter.uc>
    <cim:ACDCConverter.udc>151.250000</cim:ACDCConverter.udc>
    <cim:ACDCConverter.poleLossP>0.311636</cim:ACDCConverter.poleLossP>
    <cim:ACDCConverter.idc>500.000000</cim:ACDCConverter.idc>
  </cim:CsConverter>
  <cim:CsConverter rdf:about="#_84fd0a05-dda5-4e36-912b-37d1d3e751c7">
    <cim:CsConverter.alpha>139.918339</cim:CsConverter.alpha>
    <cim:CsConverter.gamma>25.486942</cim:CsConverter.gamma>
    <cim:ACDCConverter.uc>123.463163</cim:ACDCConverter.uc>
    <cim:ACDCConverter.udc>150.000000</cim:ACDCConverter.udc>
    <cim:ACDCConverter.poleLossP>1.227040</cim:ACDCConverter.poleLossP>
    <cim:ACDCConverter.idc>1000.000000</cim:ACDCConverter.idc>
  </cim:CsConverter>
  <cim:CsConverter rdf:about="#_4405870e-7283-4e4e-9a9b-435dea9e9eaa">
    <cim:CsConverter.alpha>20.293060</cim:CsConverter.alpha>
    <cim:CsConverter.gamma>143.059069</cim:CsConverter.gamma>
    <cim:ACDCConverter.uc>123.497639</cim:ACDCConverter.uc>
    <cim:ACDCConverter.udc>152.500000</cim:ACDCConverter.udc>
    <cim:ACDCConverter.poleLossP>1.227033</cim:ACDCConverter.poleLossP>
    <cim:ACDCConverter.idc>1000.000000</cim:ACDCConverter.idc>
  </cim:CsConverter>
  <cim:TopologicalIsland rdf:ID="_1793b19d-5a86-42f0-8480-70254b6a0102">
    <cim:IdentifiedObject.name>Slack</cim:IdentifiedObject.name>
    <cim:TopologicalIsland.AngleRefTopologicalNode rdf:resource="#_97d7d14a-7294-458f-a8d7-024700a08717"/>
    <cim:TopologicalIsland.TopologicalNodes rdf:resource="#_e44141af-f1dc-44d3-bfa4-b674e5c953d7"/>
    <cim:TopologicalIsland.TopologicalNodes rdf:resource="#_d3d9c515-2ddb-436a-bf17-2f8be2394de3"/>
    <cim:TopologicalIsland.TopologicalNodes rdf:resource="#_27d57afa-6c9d-4b06-93ea-8c88d14af8b1"/>
    <cim:TopologicalIsland.TopologicalNodes rdf:resource="#_97d7d14a-7294-458f-a8d7-024700a08717"/>
    <cim:TopologicalIsland.TopologicalNodes rdf:resource="#_99b219f3-4593-428b-a4da-124a54630178"/>
    <cim:TopologicalIsland.TopologicalNodes rdf:resource="#_6bdc33de-d027-49b7-b98f-3b3d87716615"/>
    <cim:TopologicalIsland.TopologicalNodes rdf:resource="#_795a117d-7caf-4fc2-a8d9-dc8f4cf2344a"/>
    <cim:TopologicalIsland.TopologicalNodes rdf:resource="#_afddd60d-f7e6-419a-a5c2-be28d29beaf9"/>
    <cim:TopologicalIsland.TopologicalNodes rdf:resource="#_3aad8a0b-d1d4-4ee2-9690-4c7106be4530"/>
    <cim:TopologicalIsland.TopologicalNodes rdf:resource="#_902e51fc-8487-4d9d-ba3a-7dcfcfeef4d1"/>
    <cim:TopologicalIsland.TopologicalNodes rdf:resource="#_36ac9aa9-1edb-4dc4-857f-264950b020c3"/>
    <cim:TopologicalIsland.TopologicalNodes rdf:resource="#_5dfe6cbd-7e38-4123-9407-98fdc7a25eb0"/>
    <cim:TopologicalIsland.TopologicalNodes rdf:resource="#_81b0e447-181e-4aec-8921-f1dd7813bebc"/>
    <cim:TopologicalIsland.TopologicalNodes rdf:resource="#_05c13364-3f5c-439f-bd15-2a16f8c3a58e"/>
    <cim:TopologicalIsland.TopologicalNodes rdf:resource="#_a6759c31-0608-4dbf-8eca-1f3ff25075e2"/>
    <cim:TopologicalIsland.TopologicalNodes rdf:resource="#_f70f6bad-eb8d-4b8f-8431-4ab93581514e"/>
    <cim:TopologicalIsland.TopologicalNodes rdf:resource="#_a81d08ed-f51d-4538-8d1e-fb2d0dbd128e"/>
    <cim:TopologicalIsland.TopologicalNodes rdf:resource="#_f96d552a-618d-4d0c-a39a-2dea3c411dee"/>
    <cim:TopologicalIsland.TopologicalNodes rdf:resource="#_5c74cb26-ce2f-40c6-951d-89091eb781b6"/>
  </cim:TopologicalIsland>
</rdf:RDF>
