<?xml version="1.0" encoding="utf-8"?>
<rdf:RDF xmlns:rdf="http://www.w3.org/1999/02/22-rdf-syntax-ns#" xmlns:cim="http://iec.ch/TC57/2013/CIM-schema-cim16#" xmlns:entsoe="http://entsoe.eu/CIM/SchemaExtension/3/1#" xmlns:md="http://iec.ch/TC57/61970-552/ModelDescription/1#">
  <md:FullModel rdf:about="urn:uuid:_46adba53-0034-44d2-ac07-b34ebc4618c9">
    <md:Model.created>2014-10-24T16:40:17</md:Model.created>
    <md:Model.scenarioTime>2014-03-28T10:13:02</md:Model.scenarioTime>
    <md:Model.version>2</md:Model.version>
    <md:Model.DependentOn rdf:resource="urn:uuid:96adadbe-902b-4cd6-9fc8-01a56ecbee79"/>
    <md:Model.DependentOn rdf:resource="urn:uuid:19d9a263-529d-4f6c-8221-3a8a45de347b"/>
    <md:Model.DependentOn rdf:resource="urn:uuid:cb9dee24-b0c9-436d-a2f0-5c09bf095148"/>
    <md:Model.DependentOn rdf:resource="urn:uuid:2399cbd1-9a39-11e0-aa80-0800200c9a66"/>
    <md:Model.DependentOn rdf:resource="urn:uuid:806f9f1b-ff69-4fb5-80f9-a8f393d31ebb"/>
    <md:Model.description>CGMES Conformity Assessment: 'MicroGridTestConfiguration....T4 (Assemlbed) Test Configuration. The model is owned by ENTSO-E and is provided by ENTSO-E “as it is”. To the fullest extent permitted by law, ENTSO-E shall not be liable for any damages of any kind arising out of the use of the model (including any of its subsequent modifications). ENTSO-E neither warrants, nor represents that the use of the model will not infringe the rights of third parties. Any use of the model shall  include a reference to ENTSO-E. ENTSO-E web site is the only official source of information related to the model.</md:Model.description>
    <md:Model.profile>http://entsoe.eu/CIM/StateVariables/4/1</md:Model.profile>
    <md:Model.Supersedes rdf:resource="urn:uuid:_5d0e030d-38b8-4c1f-bf43-b444e0f3a0e1"/>
  </md:FullModel>
  <cim:SvVoltage rdf:ID="_f0812620-c65a-4f71-af9f-2054527932fd">
    <cim:SvVoltage.v>414.114413</cim:SvVoltage.v>
    <cim:SvVoltage.angle>-21.526500</cim:SvVoltage.angle>
    <cim:SvVoltage.TopologicalNode rdf:resource="#_e44141af-f1dc-44d3-bfa4-b674e5c953d7"/>
  </cim:SvVoltage>
  <cim:SvVoltage rdf:ID="_e01eb036-c97b-4b4e-aefd-7b2e9f00b979">
    <cim:SvVoltage.v>16.033500</cim:SvVoltage.v>
    <cim:SvVoltage.angle>0e+000</cim:SvVoltage.angle>
    <cim:SvVoltage.TopologicalNode rdf:resource="#_97d7d14a-7294-458f-a8d7-024700a08717"/>
  </cim:SvVoltage>
  <cim:SvVoltage rdf:ID="_a09a481e-ba9b-4e07-9fe4-4e6418765070">
    <cim:SvVoltage.v>224.156562</cim:SvVoltage.v>
    <cim:SvVoltage.angle>-21.796200</cim:SvVoltage.angle>
    <cim:SvVoltage.TopologicalNode rdf:resource="#_99b219f3-4593-428b-a4da-124a54630178"/>
  </cim:SvVoltage>
  <cim:SvVoltage rdf:ID="_726237e8-115e-44a3-8fcb-63dd7dfe511e">
    <cim:SvVoltage.v>16.017750</cim:SvVoltage.v>
    <cim:SvVoltage.angle>-1.811100</cim:SvVoltage.angle>
    <cim:SvVoltage.TopologicalNode rdf:resource="#_6bdc33de-d027-49b7-b98f-3b3d87716615"/>
  </cim:SvVoltage>
  <cim:SvVoltage rdf:ID="_ddb7cddd-ff86-4933-8895-61cbe4de2f01">
    <cim:SvVoltage.v>412.382599</cim:SvVoltage.v>
    <cim:SvVoltage.angle>-21.451000</cim:SvVoltage.angle>
    <cim:SvVoltage.TopologicalNode rdf:resource="#_f03d65b2a51049ffa533e433721145c1"/>
  </cim:SvVoltage>
  <cim:SvVoltage rdf:ID="_db49e2df-7f12-4bac-b834-1f1c4b466914">
    <cim:SvVoltage.v>413.803877</cim:SvVoltage.v>
    <cim:SvVoltage.angle>-21.515800</cim:SvVoltage.angle>
    <cim:SvVoltage.TopologicalNode rdf:resource="#_9d25a1f9e5d14d47b6dcde99c4380b40"/>
  </cim:SvVoltage>
  <cim:SvVoltage rdf:ID="_952caf6d-5ce6-45d3-89dd-beaa1895786a">
    <cim:SvVoltage.v>412.652394</cim:SvVoltage.v>
    <cim:SvVoltage.angle>-21.462800</cim:SvVoltage.angle>
    <cim:SvVoltage.TopologicalNode rdf:resource="#_d4affe50316740bdbbf4ae9c7cbf3cfd"/>
  </cim:SvVoltage>
  <cim:SvVoltage rdf:ID="_3e893358-f8c2-492d-a522-89d5fac8eae2">
    <cim:SvVoltage.v>222.821488</cim:SvVoltage.v>
    <cim:SvVoltage.angle>-10.434700</cim:SvVoltage.angle>
    <cim:SvVoltage.TopologicalNode rdf:resource="#_8d7bad8bcc634e0796e362390d9040b6"/>
  </cim:SvVoltage>
  <cim:SvVoltage rdf:ID="_25afc34e-cfde-4ad4-adb8-d5ddc3a2f04f">
    <cim:SvVoltage.v>224.197341</cim:SvVoltage.v>
    <cim:SvVoltage.angle>-3.591480</cim:SvVoltage.angle>
    <cim:SvVoltage.TopologicalNode rdf:resource="#_795a117d-7caf-4fc2-a8d9-dc8f4cf2344a"/>
  </cim:SvVoltage>
  <cim:SvVoltage rdf:ID="_8e0ade02-6927-4126-9b20-39d21a2d24f1">
    <cim:SvVoltage.v>222.239822</cim:SvVoltage.v>
    <cim:SvVoltage.angle>-10.573800</cim:SvVoltage.angle>
    <cim:SvVoltage.TopologicalNode rdf:resource="#_1fa19c281c8f4e1eaad9e1cab70f923e"/>
  </cim:SvVoltage>
  <cim:SvVoltage rdf:ID="_259ced7c-ffd6-4b67-81f5-e74b7bbd4b01">
    <cim:SvVoltage.v>224.197341</cim:SvVoltage.v>
    <cim:SvVoltage.angle>-3.591480</cim:SvVoltage.angle>
    <cim:SvVoltage.TopologicalNode rdf:resource="#_afddd60d-f7e6-419a-a5c2-be28d29beaf9"/>
  </cim:SvVoltage>
  <cim:SvVoltage rdf:ID="_de889ddf-e433-4368-8adf-1357d29570c1">
    <cim:SvVoltage.v>223.435281</cim:SvVoltage.v>
    <cim:SvVoltage.angle>-17.412200</cim:SvVoltage.angle>
    <cim:SvVoltage.TopologicalNode rdf:resource="#_23b65c6b-2351-4673-89e9-1895c7291543"/>
  </cim:SvVoltage>
  <cim:SvVoltage rdf:ID="_2a129f56-1c2c-4115-acc3-40498a41ecc2">
    <cim:SvVoltage.v>410.488365</cim:SvVoltage.v>
    <cim:SvVoltage.angle>-21.359400</cim:SvVoltage.angle>
    <cim:SvVoltage.TopologicalNode rdf:resource="#_81b0e447-181e-4aec-8921-f1dd7813bebc"/>
  </cim:SvVoltage>
  <cim:SvVoltage rdf:ID="_d35a0ac4-0071-4132-aa08-7b59a2692069">
    <cim:SvVoltage.v>223.435281</cim:SvVoltage.v>
    <cim:SvVoltage.angle>-17.412200</cim:SvVoltage.angle>
    <cim:SvVoltage.TopologicalNode rdf:resource="#_f70f6bad-eb8d-4b8f-8431-4ab93581514e"/>
  </cim:SvVoltage>
  <cim:SvVoltage rdf:ID="_c8246ce5-b9ab-4b98-904e-6fd6182d8a29">
    <cim:SvVoltage.v>10.816961</cim:SvVoltage.v>
    <cim:SvVoltage.angle>-19.642100</cim:SvVoltage.angle>
    <cim:SvVoltage.TopologicalNode rdf:resource="#_a81d08ed-f51d-4538-8d1e-fb2d0dbd128e"/>
  </cim:SvVoltage>
  <cim:SvVoltage rdf:ID="_9330b1fe-b5a8-48ad-a160-39886af988dd">
    <cim:SvVoltage.v>21.987000</cim:SvVoltage.v>
    <cim:SvVoltage.angle>-20.588300</cim:SvVoltage.angle>
    <cim:SvVoltage.TopologicalNode rdf:resource="#_f96d552a-618d-4d0c-a39a-2dea3c411dee"/>
  </cim:SvVoltage>
  <cim:SvVoltage rdf:ID="_461d9098-1f34-44bf-8deb-cb4788a8cc3c">
    <cim:SvVoltage.v>115.500000</cim:SvVoltage.v>
    <cim:SvVoltage.angle>-22.029800</cim:SvVoltage.angle>
    <cim:SvVoltage.TopologicalNode rdf:resource="#_5c74cb26-ce2f-40c6-951d-89091eb781b6"/>
  </cim:SvVoltage>
  <cim:SvPowerFlow rdf:ID="_6f733b5f-16ed-4868-9195-40b5b819e308">
    <cim:SvPowerFlow.p>-31.579291</cim:SvPowerFlow.p>
    <cim:SvPowerFlow.q>120.813763</cim:SvPowerFlow.q>
    <cim:SvPowerFlow.Terminal rdf:resource="#_b9539c41-d114-4280-8a54-8ecec398091e"/>
  </cim:SvPowerFlow>
  <cim:SvPowerFlow rdf:ID="_9a91d187-54be-42e0-b9f7-ba3cab9825c3">
    <cim:SvPowerFlow.p>-16.452661</cim:SvPowerFlow.p>
    <cim:SvPowerFlow.q>64.018020</cim:SvPowerFlow.q>
    <cim:SvPowerFlow.Terminal rdf:resource="#_53072f42-f77b-47e2-bd9a-e097c910b173"/>
  </cim:SvPowerFlow>
  <cim:SvPowerFlow rdf:ID="_21d0cf7f-17b6-4309-880e-d0af20e3f793">
    <cim:SvPowerFlow.p>-11.518775</cim:SvPowerFlow.p>
    <cim:SvPowerFlow.q>67.377544</cim:SvPowerFlow.q>
    <cim:SvPowerFlow.Terminal rdf:resource="#_c41978db-794b-4bae-953e-60fc519e87dd"/>
  </cim:SvPowerFlow>
  <cim:SvPowerFlow rdf:ID="_3a3fce61-9f28-4695-80ef-d4099ddfc824">
    <cim:SvPowerFlow.p>-89.462903</cim:SvPowerFlow.p>
    <cim:SvPowerFlow.q>1.519011</cim:SvPowerFlow.q>
    <cim:SvPowerFlow.Terminal rdf:resource="#_d238885e-d9b6-4edc-8567-6a68c605ed67"/>
  </cim:SvPowerFlow>
  <cim:SvPowerFlow rdf:ID="_e35502e0-3923-4345-9b6b-2d23aa58a9a7">
    <cim:SvPowerFlow.p>-86.814383</cim:SvPowerFlow.p>
    <cim:SvPowerFlow.q>4.958972</cim:SvPowerFlow.q>
    <cim:SvPowerFlow.Terminal rdf:resource="#_4a7363a4-0b21-4f65-8bba-33e3a8f6bac3"/>
  </cim:SvPowerFlow>
  <cim:SvPowerFlow rdf:ID="_03618f87-311c-4703-8dd5-05d3e18444cc">
    <cim:SvPowerFlow.p>86.814383</cim:SvPowerFlow.p>
    <cim:SvPowerFlow.q>-4.958972</cim:SvPowerFlow.q>
    <cim:SvPowerFlow.Terminal rdf:resource="#_26e50b4b-9a19-420d-98ce-bc4f11971cd7"/>
  </cim:SvPowerFlow>
  <cim:SvPowerFlow rdf:ID="_b66234e8-48a5-4fb0-98cd-10d164d9ea42">
    <cim:SvPowerFlow.p>89.462903</cim:SvPowerFlow.p>
    <cim:SvPowerFlow.q>-1.519011</cim:SvPowerFlow.q>
    <cim:SvPowerFlow.Terminal rdf:resource="#_24dd035c-0a8c-4351-aeb2-08d6622b42ae"/>
  </cim:SvPowerFlow>
  <cim:SvPowerFlow rdf:ID="_341a6ef1-e06c-4eec-92bf-b6f8b315398e">
    <cim:SvPowerFlow.p>11.518776</cim:SvPowerFlow.p>
    <cim:SvPowerFlow.q>-67.377544</cim:SvPowerFlow.q>
    <cim:SvPowerFlow.Terminal rdf:resource="#_f970233f-b573-49d9-9fc3-3a2a59ed3bbb"/>
  </cim:SvPowerFlow>
  <cim:SvPowerFlow rdf:ID="_5475931f-f1f2-4a50-bf1e-eb18e4d7da4d">
    <cim:SvPowerFlow.p>16.452662</cim:SvPowerFlow.p>
    <cim:SvPowerFlow.q>-64.018020</cim:SvPowerFlow.q>
    <cim:SvPowerFlow.Terminal rdf:resource="#_39d27c17-1e5b-4edc-a7ec-65a2d56542df"/>
  </cim:SvPowerFlow>
  <cim:SvPowerFlow rdf:ID="_5149aa81-2414-429d-bce2-1df17ab3a17d">
    <cim:SvPowerFlow.p>31.579291</cim:SvPowerFlow.p>
    <cim:SvPowerFlow.q>-120.813760</cim:SvPowerFlow.q>
    <cim:SvPowerFlow.Terminal rdf:resource="#_f48d48c7-e9f6-460c-898f-cc68a96efdeb"/>
  </cim:SvPowerFlow>
  <cim:SvPowerFlow rdf:ID="_9ffd334d-3fd2-48e7-8c96-7295953785ba">
    <cim:SvPowerFlow.p>487.854461</cim:SvPowerFlow.p>
    <cim:SvPowerFlow.q>231.316438</cim:SvPowerFlow.q>
    <cim:SvPowerFlow.Terminal rdf:resource="#_fab54e9c-b12e-4e47-a9f2-fec4ef96c0c0"/>
  </cim:SvPowerFlow>
  <cim:SvPowerFlow rdf:ID="_25995645-2f14-4293-b1a2-615c50da25bd">
    <cim:SvPowerFlow.p>10.000000</cim:SvPowerFlow.p>
    <cim:SvPowerFlow.q>10.000000</cim:SvPowerFlow.q>
    <cim:SvPowerFlow.Terminal rdf:resource="#_6dad1a97-6874-4206-a5a5-837e495325f8"/>
  </cim:SvPowerFlow>
  <cim:SvPowerFlow rdf:ID="_e95c0480-8385-433f-a6b3-11653ec2b654">
    <cim:SvPowerFlow.p>90.000000</cim:SvPowerFlow.p>
    <cim:SvPowerFlow.q>280.000000</cim:SvPowerFlow.q>
    <cim:SvPowerFlow.Terminal rdf:resource="#_f461fd2d-1e41-4a3e-8213-7cc33c77a089"/>
  </cim:SvPowerFlow>
  <cim:SvPowerFlow rdf:ID="_fc1e5f52-5f2f-44ea-8730-6eb625ea1f74">
    <cim:SvPowerFlow.p>1.000000</cim:SvPowerFlow.p>
    <cim:SvPowerFlow.q>0e+000</cim:SvPowerFlow.q>
    <cim:SvPowerFlow.Terminal rdf:resource="#_b9376bea-c75d-49f3-94ca-6a71fa0086a5"/>
  </cim:SvPowerFlow>
  <cim:SvPowerFlow rdf:ID="_7b0a0ba7-03a2-4fc0-b3b8-fb0fcbd4f72d">
    <cim:SvPowerFlow.p>200.000000</cim:SvPowerFlow.p>
    <cim:SvPowerFlow.q>50.000000</cim:SvPowerFlow.q>
    <cim:SvPowerFlow.Terminal rdf:resource="#_a036b765-1669-4f64-acd3-1e8fbd513312"/>
  </cim:SvPowerFlow>
  <cim:SvPowerFlow rdf:ID="_531c4e04-10ca-4d29-9bb1-e612df4858c6">
    <cim:SvPowerFlow.p>200.000000</cim:SvPowerFlow.p>
    <cim:SvPowerFlow.q>90.000000</cim:SvPowerFlow.q>
    <cim:SvPowerFlow.Terminal rdf:resource="#_cbdf1842-74ed-4fce-a5d4-0296c82cbc92"/>
  </cim:SvPowerFlow>
  <cim:SvPowerFlow rdf:ID="_b9803df2-8806-4323-ba6d-a26511c0a97a">
    <cim:SvPowerFlow.p>-140.000000</cim:SvPowerFlow.p>
    <cim:SvPowerFlow.q>-15.855775</cim:SvPowerFlow.q>
    <cim:SvPowerFlow.Terminal rdf:resource="#_ae4b7cbe-349a-41c8-ace2-25ec26f14a64"/>
  </cim:SvPowerFlow>
  <cim:SvPowerFlow rdf:ID="_0bdabd85-9028-4d22-861b-635837d83f0e">
    <cim:SvPowerFlow.p>-150.000000</cim:SvPowerFlow.p>
    <cim:SvPowerFlow.q>-15.855775</cim:SvPowerFlow.q>
    <cim:SvPowerFlow.Terminal rdf:resource="#_f04ecab5-1a12-4cc0-ba56-b157ebf11a42"/>
  </cim:SvPowerFlow>
  <cim:SvPowerFlow rdf:ID="_55f60f2f-4f98-42a9-8ca0-5edc3eed7949">
    <cim:SvPowerFlow.p>-557.884490</cim:SvPowerFlow.p>
    <cim:SvPowerFlow.q>-226.180820</cim:SvPowerFlow.q>
    <cim:SvPowerFlow.Terminal rdf:resource="#_faab7959-f9bf-421b-bc3f-d364e0c1388b"/>
  </cim:SvPowerFlow>
  <cim:SvPowerFlow rdf:ID="_4055c734-b2bf-4832-b70b-be0d2d21f4c2">
    <cim:SvPowerFlow.p>-118.000000</cim:SvPowerFlow.p>
    <cim:SvPowerFlow.q>-85.603401</cim:SvPowerFlow.q>
    <cim:SvPowerFlow.Terminal rdf:resource="#_4bb5407b-b4a5-416c-80ad-1a778ada2b9b"/>
  </cim:SvPowerFlow>
  <cim:SvPowerFlow rdf:ID="_eeaf3c1a-b980-4150-86e4-08d5cd66205b">
    <cim:SvPowerFlow.p>-90.000000</cim:SvPowerFlow.p>
    <cim:SvPowerFlow.q>84.484905</cim:SvPowerFlow.q>
    <cim:SvPowerFlow.Terminal rdf:resource="#_beffa353-7d10-421d-9c08-036b744b1cee"/>
  </cim:SvPowerFlow>
  <cim:SvPowerFlow rdf:ID="_30e4c807-ed7f-41b6-be42-73ed6361c9c5">
    <cim:SvPowerFlow.p>0e+000</cim:SvPowerFlow.p>
    <cim:SvPowerFlow.q>-52.656468</cim:SvPowerFlow.q>
    <cim:SvPowerFlow.Terminal rdf:resource="#_a015f692-3fc5-4ec3-8d1d-977c7b499e7c"/>
  </cim:SvPowerFlow>
  <cim:SvPowerFlow rdf:ID="_864eca2b-7fc5-4c31-9d98-4c0fbd3de1e4">
    <cim:SvPowerFlow.p>1.187609</cim:SvPowerFlow.p>
    <cim:SvPowerFlow.q>-59.380452</cim:SvPowerFlow.q>
    <cim:SvPowerFlow.Terminal rdf:resource="#_22af3121-1a66-4546-bd80-4371f417c644"/>
  </cim:SvPowerFlow>
  <cim:SvPowerFlow rdf:ID="_75d5d1f1-987a-41d0-b2cd-666ab263e1f0">
    <cim:SvPowerFlow.p>0e+000</cim:SvPowerFlow.p>
    <cim:SvPowerFlow.q>-330.750000</cim:SvPowerFlow.q>
    <cim:SvPowerFlow.Terminal rdf:resource="#_d5e2e58e-ccf6-47d9-b3bb-3088eb7a9b6c"/>
  </cim:SvPowerFlow>
  <cim:SvPowerFlow rdf:ID="_c9848cb6-9fee-4646-8ca9-f80923a2d124">
    <cim:SvPowerFlow.p>0e+000</cim:SvPowerFlow.p>
    <cim:SvPowerFlow.q>-9.861397</cim:SvPowerFlow.q>
    <cim:SvPowerFlow.Terminal rdf:resource="#_67bb74f1-8620-4a32-9d7d-a44092d11d22"/>
  </cim:SvPowerFlow>
  <cim:SvTapStep rdf:ID="_6d40dae9-94f7-430d-bc35-f8f8f5b7d122">
    <cim:SvTapStep.position>8</cim:SvTapStep.position>
    <cim:SvTapStep.TapChanger rdf:resource="#_341327c4-9224-40bf-bc33-7a3bb0bae680"/>
  </cim:SvTapStep>
  <cim:SvTapStep rdf:ID="_4ff0a74c-3c63-448b-b98c-360d6fb7b3b8">
    <cim:SvTapStep.position>17</cim:SvTapStep.position>
    <cim:SvTapStep.TapChanger rdf:resource="#_ee649b97-d2ec-47e1-976f-0f4d9f50fa11"/>
  </cim:SvTapStep>
  <cim:SvTapStep rdf:ID="_978ca3ae-5202-4e98-b2d1-d8871dd7a321">
    <cim:SvTapStep.position>5</cim:SvTapStep.position>
    <cim:SvTapStep.TapChanger rdf:resource="#_44b4277a-0f4b-43a8-ad93-6f7d6ef02061"/>
  </cim:SvTapStep>
  <cim:SvTapStep rdf:ID="_b5c8b20d-98eb-47ce-b324-8a91c5a335ab">
    <cim:SvTapStep.position>20</cim:SvTapStep.position>
    <cim:SvTapStep.TapChanger rdf:resource="#_83cc66dd-8d93-4a2c-8103-f1f5a9cf7e2e"/>
  </cim:SvTapStep>
  <cim:SvTapStep rdf:ID="_d3a438c0-f637-4523-9281-f16cb3f425ef">
    <cim:SvTapStep.position>10</cim:SvTapStep.position>
    <cim:SvTapStep.TapChanger rdf:resource="#_36b83adb-3d45-4693-8967-96627b5f9ec9"/>
  </cim:SvTapStep>
  <cim:SvTapStep rdf:ID="_881d9c47-07b3-45ff-8f5e-7cc73bce4699">
    <cim:SvTapStep.position>13</cim:SvTapStep.position>
    <cim:SvTapStep.TapChanger rdf:resource="#_63454a73-f439-45bb-951a-e7b193986571"/>
  </cim:SvTapStep>
  <cim:SvTapStep rdf:ID="_7607002f-109f-427c-a834-bf2cf5bb3275">
    <cim:SvTapStep.position>17</cim:SvTapStep.position>
    <cim:SvTapStep.TapChanger rdf:resource="#_fe25f43a-7341-446e-a71a-8ab7119ba806"/>
  </cim:SvTapStep>
  <cim:SvShuntCompensatorSections rdf:ID="_527ed29d-91fc-42d7-9378-9369b7a87db4">
    <cim:SvShuntCompensatorSections.sections>1</cim:SvShuntCompensatorSections.sections>
    <cim:SvShuntCompensatorSections.ShuntCompensator rdf:resource="#_fbfed7e3-3dec-4829-a286-029e73535685"/>
  </cim:SvShuntCompensatorSections>
  <cim:SvShuntCompensatorSections rdf:ID="_6c234747-be58-437f-9482-407a46805834">
    <cim:SvShuntCompensatorSections.sections>1</cim:SvShuntCompensatorSections.sections>
    <cim:SvShuntCompensatorSections.ShuntCompensator rdf:resource="#_002b0a40-3957-46db-b84a-30420083558f"/>
  </cim:SvShuntCompensatorSections>
  <cim:SvShuntCompensatorSections rdf:ID="_939ae630-b6ae-4854-ad51-a266958a71d8">
    <cim:SvShuntCompensatorSections.sections>1</cim:SvShuntCompensatorSections.sections>
    <cim:SvShuntCompensatorSections.ShuntCompensator rdf:resource="#_d771118f-36e9-4115-a128-cc3d9ce3e3da"/>
  </cim:SvShuntCompensatorSections>
  <cim:TopologicalIsland rdf:ID="_b092bc89-1ebb-4b6e-955a-683eaf475fc1">
    <cim:IdentifiedObject.name>Slack</cim:IdentifiedObject.name>
    <cim:TopologicalIsland.AngleRefTopologicalNode rdf:resource="#_97d7d14a-7294-458f-a8d7-024700a08717"/>
    <cim:TopologicalIsland.TopologicalNodes rdf:resource="#_e44141af-f1dc-44d3-bfa4-b674e5c953d7"/>
    <cim:TopologicalIsland.TopologicalNodes rdf:resource="#_97d7d14a-7294-458f-a8d7-024700a08717"/>
    <cim:TopologicalIsland.TopologicalNodes rdf:resource="#_99b219f3-4593-428b-a4da-124a54630178"/>
    <cim:TopologicalIsland.TopologicalNodes rdf:resource="#_6bdc33de-d027-49b7-b98f-3b3d87716615"/>
    <cim:TopologicalIsland.TopologicalNodes rdf:resource="#_795a117d-7caf-4fc2-a8d9-dc8f4cf2344a"/>
    <cim:TopologicalIsland.TopologicalNodes rdf:resource="#_afddd60d-f7e6-419a-a5c2-be28d29beaf9"/>
    <cim:TopologicalIsland.TopologicalNodes rdf:resource="#_23b65c6b-2351-4673-89e9-1895c7291543"/>
    <cim:TopologicalIsland.TopologicalNodes rdf:resource="#_81b0e447-181e-4aec-8921-f1dd7813bebc"/>
    <cim:TopologicalIsland.TopologicalNodes rdf:resource="#_f70f6bad-eb8d-4b8f-8431-4ab93581514e"/>
    <cim:TopologicalIsland.TopologicalNodes rdf:resource="#_a81d08ed-f51d-4538-8d1e-fb2d0dbd128e"/>
    <cim:TopologicalIsland.TopologicalNodes rdf:resource="#_f96d552a-618d-4d0c-a39a-2dea3c411dee"/>
    <cim:TopologicalIsland.TopologicalNodes rdf:resource="#_5c74cb26-ce2f-40c6-951d-89091eb781b6"/>
  </cim:TopologicalIsland>
</rdf:RDF>
