<rdf:RDF xmlns:rdf="http://www.w3.org/1999/02/22-rdf-syntax-ns#" xmlns:cim="http://iec.ch/TC57/2013/CIM-schema-cim16#" xmlns:entsoe="http://entsoe.eu/CIM/SchemaExtension/3/1#" xmlns:md="http://iec.ch/TC57/61970-552/ModelDescription/1#" xmlns:dm="http://iec.ch/TC57/61970-552/DifferenceModel/1#">
<dm:DifferenceModel rdf:about="urn:uuid:ddc4aeef-a121-4de6-8913-3cfdab5d9111">
<md:Model.created>2014-10-24T15:50:18</md:Model.created>
<md:Model.scenarioTime/>
<md:Model.version>2</md:Model.version>
<md:Model.Supersedes rdf:resource="urn:uuid:5d32d257-1646-4906-a1f6-4d7ce3f91569"/>
<md:Model.description>CGMES Conformity Assessment: 'MicroGridTestConfiguration....T2' Test Configuration. The model is owned by ENTSO-E and is provided by ENTSO-E “as it is”. To the fullest extent permitted by law, ENTSO-E shall not be liable for any damages of any kind arising out of the use of the model (including any of its subsequent modifications). ENTSO-E neither warrants, nor represents that the use of the model will not infringe the rights of third parties. Any use of the model shall  include a reference to ENTSO-E. ENTSO-E web site is the only official source of information related to the model.</md:Model.description>
<md:Model.modelingAuthoritySet>http://tennet.nl/CGMES/2.4.15</md:Model.modelingAuthoritySet>
<md:Model.profile>http://iec.ch/TC57/61970-552/DifferenceModel/1http://entsoe.eu/CIM/Topology/4/1</md:Model.profile>
<dm:preconditions parseType="Statements"> </dm:preconditions>
<dm:reverseDifferences parseType="Statements">
<cim:Terminal rdf:about="#_5dfee914-a4fd-4bde-a5b4-c4caa6378d10">
<cim:Terminal.TopologicalNode rdf:resource="#_795a117d-7caf-4fc2-a8d9-dc8f4cf2344a"/>
</cim:Terminal>
<cim:Terminal rdf:about="#_6aecb9ba-5835-4b70-89bc-96d687e45779">
<cim:Terminal.TopologicalNode rdf:resource="#_1fa19c281c8f4e1eaad9e1cab70f923e"/>
</cim:Terminal>
<cim:Terminal rdf:about="#_26e50b4b-9a19-420d-98ce-bc4f11971cd7">
<cim:Terminal.TopologicalNode rdf:resource="#_1fa19c281c8f4e1eaad9e1cab70f923e"/>
</cim:Terminal>
</dm:reverseDifferences>
<dm:forwardDifferences parseType="Statements">
<cim:Terminal rdf:about="#_b7a26740-334e-46d4-a98d-303fa6fad2d3">
<cim:Terminal.TopologicalNode rdf:resource="#_795a117d-7caf-4fc2-a8d9-dc8f4cf2344a"/>
</cim:Terminal>
<cim:Terminal rdf:about="#_e22768d9-7ccf-44a5-b364-d13afe6a5d01">
<cim:Terminal.TopologicalNode rdf:resource="#_1098b1c9-dc85-40ce-b65c-39ae02a3afaa"/>
</cim:Terminal>
<cim:Terminal rdf:about="#_6abb6f6b-35af-4754-aac0-ccbe6a4d8c90">
<cim:Terminal.TopologicalNode rdf:resource="#_1098b1c9-dc85-40ce-b65c-39ae02a3afaa"/>
</cim:Terminal>
</dm:forwardDifferences>
</dm:DifferenceModel>
</rdf:RDF>
