<?xml version="1.0" encoding="utf-8"?>
<rdf:RDF xmlns:rdf="http://www.w3.org/1999/02/22-rdf-syntax-ns#" xmlns:cim="http://iec.ch/TC57/2013/CIM-schema-cim16#" xmlns:entsoe="http://entsoe.eu/CIM/SchemaExtension/3/1#" xmlns:md="http://iec.ch/TC57/61970-552/ModelDescription/1#">
  <md:FullModel rdf:about="urn:uuid:8d6b5a63-e64e-4a25-955f-9c5e107382eb">
    <md:Model.created>2014-10-24T16:53:10</md:Model.created>
    <md:Model.scenarioTime>2014-03-28T10:13:02</md:Model.scenarioTime>
    <md:Model.version>2</md:Model.version>
    <md:Model.DependentOn rdf:resource="urn:uuid:96adadbe-902b-4cd6-9fc8-01a56ecbee79"/>
    <md:Model.DependentOn rdf:resource="urn:uuid:2399cbd0-9a39-11e0-aa80-0800200c9a66"/>
    <md:Model.description>CGMES Conformity Assessment: 'MicroGridTestConfiguration....T4 (MAS BE) Test Configuration. The model is owned by ENTSO-E and is provided by ENTSO-E “as it is”. To the fullest extent permitted by law, ENTSO-E shall not be liable for any damages of any kind arising out of the use of the model (including any of its subsequent modifications). ENTSO-E neither warrants, nor represents that the use of the model will not infringe the rights of third parties. Any use of the model shall  include a reference to ENTSO-E. ENTSO-E web site is the only official source of information related to the model.</md:Model.description>
    <md:Model.modelingAuthoritySet>http://ELIA/CGMES/2.4.15</md:Model.modelingAuthoritySet>
    <md:Model.profile>http://entsoe.eu/CIM/GeographicalLocation/2/1</md:Model.profile>
    <md:Model.Supersedes rdf:resource="urn:uuid:9e383122-10cf-4da3-9785-f404b3541588"/>
  </md:FullModel>
  <cim:CoordinateSystem rdf:ID="_b3c35c66-a931-46a3-a194-ccb572484ab3">
    <cim:IdentifiedObject.name>WGS84</cim:IdentifiedObject.name>
    <cim:CoordinateSystem.crsUrn>urn:ogc:def:crs:EPSG::4326</cim:CoordinateSystem.crsUrn>
  </cim:CoordinateSystem>
  <cim:Location rdf:ID="_8296afc2-a9fe-4f34-8402-3b6f99c4f227">
    <cim:Location.PowerSystemResources rdf:resource="#_87f7002b-056f-4a6a-a872-1744eea757e3"/>
    <cim:Location.CoordinateSystem rdf:resource="#_b3c35c66-a931-46a3-a194-ccb572484ab3"/>
  </cim:Location>
  <cim:PositionPoint rdf:ID="_c574b5d4-a697-4ab6-9a39-99bc1f741ca7">
    <cim:PositionPoint.sequenceNumber>1</cim:PositionPoint.sequenceNumber>
    <cim:PositionPoint.Location rdf:resource="#_8296afc2-a9fe-4f34-8402-3b6f99c4f227"/>
    <cim:PositionPoint.xPosition>4.259260</cim:PositionPoint.xPosition>
    <cim:PositionPoint.yPosition>51.325100</cim:PositionPoint.yPosition>
  </cim:PositionPoint>
  <cim:Location rdf:ID="_5ea7d675-2705-46da-8cb2-beaa26e53ea1">
    <cim:Location.PowerSystemResources rdf:resource="#_37e14a0f-5e34-4647-a062-8bfd9305fa9d"/>
    <cim:Location.CoordinateSystem rdf:resource="#_b3c35c66-a931-46a3-a194-ccb572484ab3"/>
  </cim:Location>
  <cim:PositionPoint rdf:ID="_3cf37eb6-1011-4b06-90d6-85c86ff1bae6">
    <cim:PositionPoint.sequenceNumber>1</cim:PositionPoint.sequenceNumber>
    <cim:PositionPoint.Location rdf:resource="#_5ea7d675-2705-46da-8cb2-beaa26e53ea1"/>
    <cim:PositionPoint.xPosition>4.300890</cim:PositionPoint.xPosition>
    <cim:PositionPoint.yPosition>50.803800</cim:PositionPoint.yPosition>
  </cim:PositionPoint>
  <cim:Location rdf:ID="_6d542baf-c8c4-4672-bda3-14ad9330f7f2">
    <cim:Location.PowerSystemResources rdf:resource="#_a16b4a6c-70b1-4abf-9a9d-bd0fa47f9fe4"/>
    <cim:Location.CoordinateSystem rdf:resource="#_b3c35c66-a931-46a3-a194-ccb572484ab3"/>
  </cim:Location>
  <cim:PositionPoint rdf:ID="_b48ec4db-9e7a-40ff-be86-a03a1abaf21c">
    <cim:PositionPoint.sequenceNumber>1</cim:PositionPoint.sequenceNumber>
    <cim:PositionPoint.Location rdf:resource="#_6d542baf-c8c4-4672-bda3-14ad9330f7f2"/>
    <cim:PositionPoint.xPosition>4.888920</cim:PositionPoint.xPosition>
    <cim:PositionPoint.yPosition>51.913800</cim:PositionPoint.yPosition>
  </cim:PositionPoint>
  <cim:PositionPoint rdf:ID="_22e69b3d-c17f-4548-8997-c3c1f1d12dd7">
    <cim:PositionPoint.sequenceNumber>3</cim:PositionPoint.sequenceNumber>
    <cim:PositionPoint.Location rdf:resource="#_6d542baf-c8c4-4672-bda3-14ad9330f7f2"/>
    <cim:PositionPoint.xPosition>4.847720</cim:PositionPoint.xPosition>
    <cim:PositionPoint.yPosition>51.612900</cim:PositionPoint.yPosition>
  </cim:PositionPoint>
  <cim:PositionPoint rdf:ID="_010e7109-d1b3-4b3b-9ee4-fe29504295f5">
    <cim:PositionPoint.sequenceNumber>5</cim:PositionPoint.sequenceNumber>
    <cim:PositionPoint.Location rdf:resource="#_6d542baf-c8c4-4672-bda3-14ad9330f7f2"/>
    <cim:PositionPoint.xPosition>4.259260</cim:PositionPoint.xPosition>
    <cim:PositionPoint.yPosition>51.325100</cim:PositionPoint.yPosition>
  </cim:PositionPoint>
  <cim:Location rdf:ID="_44567a93-5e71-49a4-8cb0-cb32a93a6f10">
    <cim:Location.PowerSystemResources rdf:resource="#_b58bf21a-096a-4dae-9a01-3f03b60c24c7"/>
    <cim:Location.CoordinateSystem rdf:resource="#_b3c35c66-a931-46a3-a194-ccb572484ab3"/>
  </cim:Location>
  <cim:PositionPoint rdf:ID="_db44afd5-c28d-4cf1-b2cf-e01f791b5f3a">
    <cim:PositionPoint.sequenceNumber>1</cim:PositionPoint.sequenceNumber>
    <cim:PositionPoint.Location rdf:resource="#_44567a93-5e71-49a4-8cb0-cb32a93a6f10"/>
    <cim:PositionPoint.xPosition>4.301130</cim:PositionPoint.xPosition>
    <cim:PositionPoint.yPosition>50.803500</cim:PositionPoint.yPosition>
  </cim:PositionPoint>
  <cim:PositionPoint rdf:ID="_72b1423a-4984-4696-85bb-7599671dc628">
    <cim:PositionPoint.sequenceNumber>3</cim:PositionPoint.sequenceNumber>
    <cim:PositionPoint.Location rdf:resource="#_44567a93-5e71-49a4-8cb0-cb32a93a6f10"/>
    <cim:PositionPoint.xPosition>4.345090</cim:PositionPoint.xPosition>
    <cim:PositionPoint.yPosition>50.916900</cim:PositionPoint.yPosition>
  </cim:PositionPoint>
  <cim:PositionPoint rdf:ID="_4633ca78-99c0-4528-a441-e1a6ef985783">
    <cim:PositionPoint.sequenceNumber>5</cim:PositionPoint.sequenceNumber>
    <cim:PositionPoint.Location rdf:resource="#_44567a93-5e71-49a4-8cb0-cb32a93a6f10"/>
    <cim:PositionPoint.xPosition>4.295650</cim:PositionPoint.xPosition>
    <cim:PositionPoint.yPosition>51.044800</cim:PositionPoint.yPosition>
  </cim:PositionPoint>
  <cim:PositionPoint rdf:ID="_3f369078-9196-4efb-b266-e10df0c81245">
    <cim:PositionPoint.sequenceNumber>7</cim:PositionPoint.sequenceNumber>
    <cim:PositionPoint.Location rdf:resource="#_44567a93-5e71-49a4-8cb0-cb32a93a6f10"/>
    <cim:PositionPoint.xPosition>4.383540</cim:PositionPoint.xPosition>
    <cim:PositionPoint.yPosition>51.157000</cim:PositionPoint.yPosition>
  </cim:PositionPoint>
  <cim:PositionPoint rdf:ID="_d0ceb2d9-387c-462a-bf51-0193e7dc8a9f">
    <cim:PositionPoint.sequenceNumber>9</cim:PositionPoint.sequenceNumber>
    <cim:PositionPoint.Location rdf:resource="#_44567a93-5e71-49a4-8cb0-cb32a93a6f10"/>
    <cim:PositionPoint.xPosition>4.259260</cim:PositionPoint.xPosition>
    <cim:PositionPoint.yPosition>51.325100</cim:PositionPoint.yPosition>
  </cim:PositionPoint>
  <cim:Location rdf:ID="_bfbcef07-4336-47b6-b843-b9ebcf50deb5">
    <cim:Location.PowerSystemResources rdf:resource="#_78736387-5f60-4832-b3fe-d50daf81b0a6"/>
    <cim:Location.CoordinateSystem rdf:resource="#_b3c35c66-a931-46a3-a194-ccb572484ab3"/>
  </cim:Location>
  <cim:PositionPoint rdf:ID="_77d9e317-d7ce-4fe0-ab2c-75e6c0d9a7f5">
    <cim:PositionPoint.sequenceNumber>1</cim:PositionPoint.sequenceNumber>
    <cim:PositionPoint.Location rdf:resource="#_bfbcef07-4336-47b6-b843-b9ebcf50deb5"/>
    <cim:PositionPoint.xPosition>4.301730</cim:PositionPoint.xPosition>
    <cim:PositionPoint.yPosition>50.803000</cim:PositionPoint.yPosition>
  </cim:PositionPoint>
  <cim:PositionPoint rdf:ID="_d1b7a5a8-2fd5-4b0b-9e04-254946b6be7b">
    <cim:PositionPoint.sequenceNumber>3</cim:PositionPoint.sequenceNumber>
    <cim:PositionPoint.Location rdf:resource="#_bfbcef07-4336-47b6-b843-b9ebcf50deb5"/>
    <cim:PositionPoint.xPosition>4.690460</cim:PositionPoint.xPosition>
    <cim:PositionPoint.yPosition>50.899400</cim:PositionPoint.yPosition>
  </cim:PositionPoint>
  <cim:PositionPoint rdf:ID="_c214b78b-9fcc-4546-83d0-84c2ccbab41f">
    <cim:PositionPoint.sequenceNumber>5</cim:PositionPoint.sequenceNumber>
    <cim:PositionPoint.Location rdf:resource="#_bfbcef07-4336-47b6-b843-b9ebcf50deb5"/>
    <cim:PositionPoint.xPosition>5.088250</cim:PositionPoint.xPosition>
    <cim:PositionPoint.yPosition>51.302600</cim:PositionPoint.yPosition>
  </cim:PositionPoint>
  <cim:PositionPoint rdf:ID="_ac7aff0d-0e70-4cea-8759-7fa9612867e6">
    <cim:PositionPoint.sequenceNumber>7</cim:PositionPoint.sequenceNumber>
    <cim:PositionPoint.Location rdf:resource="#_bfbcef07-4336-47b6-b843-b9ebcf50deb5"/>
    <cim:PositionPoint.xPosition>5.072940</cim:PositionPoint.xPosition>
    <cim:PositionPoint.yPosition>51.876500</cim:PositionPoint.yPosition>
  </cim:PositionPoint>
  <cim:Location rdf:ID="_4ae0e45c-c8c3-4143-826e-f00f95f095cf">
    <cim:Location.PowerSystemResources rdf:resource="#_ed0c5d75-4a54-43c8-b782-b20d7431630b"/>
    <cim:Location.CoordinateSystem rdf:resource="#_b3c35c66-a931-46a3-a194-ccb572484ab3"/>
  </cim:Location>
  <cim:PositionPoint rdf:ID="_ed0c3e86-194c-4ea1-b684-87bc12b4e44f">
    <cim:PositionPoint.sequenceNumber>1</cim:PositionPoint.sequenceNumber>
    <cim:PositionPoint.Location rdf:resource="#_4ae0e45c-c8c3-4143-826e-f00f95f095cf"/>
    <cim:PositionPoint.xPosition>4.301730</cim:PositionPoint.xPosition>
    <cim:PositionPoint.yPosition>50.803000</cim:PositionPoint.yPosition>
  </cim:PositionPoint>
  <cim:PositionPoint rdf:ID="_7567cb7b-0da6-41d8-83b5-b2d896413d8e">
    <cim:PositionPoint.sequenceNumber>3</cim:PositionPoint.sequenceNumber>
    <cim:PositionPoint.Location rdf:resource="#_4ae0e45c-c8c3-4143-826e-f00f95f095cf"/>
    <cim:PositionPoint.xPosition>4.690460</cim:PositionPoint.xPosition>
    <cim:PositionPoint.yPosition>50.899400</cim:PositionPoint.yPosition>
  </cim:PositionPoint>
  <cim:PositionPoint rdf:ID="_f89b8e7e-82e2-41ea-81f9-54c56fe02ef1">
    <cim:PositionPoint.sequenceNumber>5</cim:PositionPoint.sequenceNumber>
    <cim:PositionPoint.Location rdf:resource="#_4ae0e45c-c8c3-4143-826e-f00f95f095cf"/>
    <cim:PositionPoint.xPosition>5.088250</cim:PositionPoint.xPosition>
    <cim:PositionPoint.yPosition>51.302600</cim:PositionPoint.yPosition>
  </cim:PositionPoint>
  <cim:PositionPoint rdf:ID="_b3034e8a-9a46-4eb7-b551-275e9749d00a">
    <cim:PositionPoint.sequenceNumber>7</cim:PositionPoint.sequenceNumber>
    <cim:PositionPoint.Location rdf:resource="#_4ae0e45c-c8c3-4143-826e-f00f95f095cf"/>
    <cim:PositionPoint.xPosition>5.071860</cim:PositionPoint.xPosition>
    <cim:PositionPoint.yPosition>51.875600</cim:PositionPoint.yPosition>
  </cim:PositionPoint>
  <cim:Location rdf:ID="_e9c81248-2caf-4d5a-bdbf-fe4aa824eb60">
    <cim:Location.PowerSystemResources rdf:resource="#_b18cd1aa-7808-49b9-a7cf-605eaf07b006"/>
    <cim:Location.CoordinateSystem rdf:resource="#_b3c35c66-a931-46a3-a194-ccb572484ab3"/>
  </cim:Location>
  <cim:PositionPoint rdf:ID="_84669c4b-875f-4bdc-9106-265636f4ab20">
    <cim:PositionPoint.sequenceNumber>1</cim:PositionPoint.sequenceNumber>
    <cim:PositionPoint.Location rdf:resource="#_e9c81248-2caf-4d5a-bdbf-fe4aa824eb60"/>
    <cim:PositionPoint.xPosition>4.301730</cim:PositionPoint.xPosition>
    <cim:PositionPoint.yPosition>50.803000</cim:PositionPoint.yPosition>
  </cim:PositionPoint>
  <cim:PositionPoint rdf:ID="_af8dba33-2ca0-4d14-9d4e-ce120ed481c2">
    <cim:PositionPoint.sequenceNumber>3</cim:PositionPoint.sequenceNumber>
    <cim:PositionPoint.Location rdf:resource="#_e9c81248-2caf-4d5a-bdbf-fe4aa824eb60"/>
    <cim:PositionPoint.xPosition>4.690460</cim:PositionPoint.xPosition>
    <cim:PositionPoint.yPosition>50.899400</cim:PositionPoint.yPosition>
  </cim:PositionPoint>
  <cim:PositionPoint rdf:ID="_a59a2efc-c535-4aac-a923-2f2ac158ab3e">
    <cim:PositionPoint.sequenceNumber>5</cim:PositionPoint.sequenceNumber>
    <cim:PositionPoint.Location rdf:resource="#_e9c81248-2caf-4d5a-bdbf-fe4aa824eb60"/>
    <cim:PositionPoint.xPosition>5.088250</cim:PositionPoint.xPosition>
    <cim:PositionPoint.yPosition>51.302600</cim:PositionPoint.yPosition>
  </cim:PositionPoint>
  <cim:PositionPoint rdf:ID="_ef7d4117-9952-4e77-9013-c5918714ed50">
    <cim:PositionPoint.sequenceNumber>7</cim:PositionPoint.sequenceNumber>
    <cim:PositionPoint.Location rdf:resource="#_e9c81248-2caf-4d5a-bdbf-fe4aa824eb60"/>
    <cim:PositionPoint.xPosition>5.070580</cim:PositionPoint.xPosition>
    <cim:PositionPoint.yPosition>51.873100</cim:PositionPoint.yPosition>
  </cim:PositionPoint>
  <cim:Location rdf:ID="_fa7745a1-0b24-4b75-8c9b-9dc4ec22c1a0">
    <cim:Location.PowerSystemResources rdf:resource="#_ffbabc27-1ccd-4fdc-b037-e341706c8d29"/>
    <cim:Location.CoordinateSystem rdf:resource="#_b3c35c66-a931-46a3-a194-ccb572484ab3"/>
  </cim:Location>
  <cim:PositionPoint rdf:ID="_687188f3-d418-4867-867e-f9d387e0f538">
    <cim:PositionPoint.sequenceNumber>1</cim:PositionPoint.sequenceNumber>
    <cim:PositionPoint.Location rdf:resource="#_fa7745a1-0b24-4b75-8c9b-9dc4ec22c1a0"/>
    <cim:PositionPoint.xPosition>4.301130</cim:PositionPoint.xPosition>
    <cim:PositionPoint.yPosition>50.803500</cim:PositionPoint.yPosition>
  </cim:PositionPoint>
  <cim:PositionPoint rdf:ID="_b858edc4-7035-4f0d-92c2-42fa0fd8b38b">
    <cim:PositionPoint.sequenceNumber>3</cim:PositionPoint.sequenceNumber>
    <cim:PositionPoint.Location rdf:resource="#_fa7745a1-0b24-4b75-8c9b-9dc4ec22c1a0"/>
    <cim:PositionPoint.xPosition>4.345090</cim:PositionPoint.xPosition>
    <cim:PositionPoint.yPosition>50.916900</cim:PositionPoint.yPosition>
  </cim:PositionPoint>
  <cim:PositionPoint rdf:ID="_69fc882f-db9c-4278-934b-cec0ac405d42">
    <cim:PositionPoint.sequenceNumber>5</cim:PositionPoint.sequenceNumber>
    <cim:PositionPoint.Location rdf:resource="#_fa7745a1-0b24-4b75-8c9b-9dc4ec22c1a0"/>
    <cim:PositionPoint.xPosition>4.295650</cim:PositionPoint.xPosition>
    <cim:PositionPoint.yPosition>51.044800</cim:PositionPoint.yPosition>
  </cim:PositionPoint>
  <cim:PositionPoint rdf:ID="_19a5b141-6872-46d8-96e1-5864baa4ca48">
    <cim:PositionPoint.sequenceNumber>7</cim:PositionPoint.sequenceNumber>
    <cim:PositionPoint.Location rdf:resource="#_fa7745a1-0b24-4b75-8c9b-9dc4ec22c1a0"/>
    <cim:PositionPoint.xPosition>4.383540</cim:PositionPoint.xPosition>
    <cim:PositionPoint.yPosition>51.157000</cim:PositionPoint.yPosition>
  </cim:PositionPoint>
  <cim:PositionPoint rdf:ID="_f2057e6a-b7de-4df6-9ef9-80840563d5b1">
    <cim:PositionPoint.sequenceNumber>9</cim:PositionPoint.sequenceNumber>
    <cim:PositionPoint.Location rdf:resource="#_fa7745a1-0b24-4b75-8c9b-9dc4ec22c1a0"/>
    <cim:PositionPoint.xPosition>4.259260</cim:PositionPoint.xPosition>
    <cim:PositionPoint.yPosition>51.325100</cim:PositionPoint.yPosition>
  </cim:PositionPoint>
  <cim:Location rdf:ID="_41cc011b-3555-4656-aa30-5770f06d62dc">
    <cim:Location.PowerSystemResources rdf:resource="#_17086487-56ba-4979-b8de-064025a6b4da"/>
    <cim:Location.CoordinateSystem rdf:resource="#_b3c35c66-a931-46a3-a194-ccb572484ab3"/>
  </cim:Location>
  <cim:PositionPoint rdf:ID="_04507171-af4a-4e7a-96fb-1707290c85f9">
    <cim:PositionPoint.sequenceNumber>1</cim:PositionPoint.sequenceNumber>
    <cim:PositionPoint.Location rdf:resource="#_41cc011b-3555-4656-aa30-5770f06d62dc"/>
    <cim:PositionPoint.xPosition>4.887980</cim:PositionPoint.xPosition>
    <cim:PositionPoint.yPosition>51.912700</cim:PositionPoint.yPosition>
  </cim:PositionPoint>
  <cim:PositionPoint rdf:ID="_679e1662-09a0-4d43-b8f7-52d4d079f68f">
    <cim:PositionPoint.sequenceNumber>3</cim:PositionPoint.sequenceNumber>
    <cim:PositionPoint.Location rdf:resource="#_41cc011b-3555-4656-aa30-5770f06d62dc"/>
    <cim:PositionPoint.xPosition>4.846830</cim:PositionPoint.xPosition>
    <cim:PositionPoint.yPosition>51.612100</cim:PositionPoint.yPosition>
  </cim:PositionPoint>
</rdf:RDF>
