<?xml version="1.0" encoding="utf-8"?>
<rdf:RDF xmlns:rdf="http://www.w3.org/1999/02/22-rdf-syntax-ns#" xmlns:cim="http://iec.ch/TC57/2013/CIM-schema-cim16#" xmlns:entsoe="http://entsoe.eu/CIM/SchemaExtension/3/1#" xmlns:md="http://iec.ch/TC57/61970-552/ModelDescription/1#">
  <md:FullModel rdf:about="urn:uuid:1a64ce59-b28c-4b43-bf21-50b51865d777">
    <md:Model.created>2014-10-24T16:53:10</md:Model.created>
    <md:Model.scenarioTime>2014-03-28T10:13:02</md:Model.scenarioTime>
    <md:Model.version>2</md:Model.version>
    <md:Model.DependentOn rdf:resource="urn:uuid:96adadbe-902b-4cd6-9fc8-01a56ecbee79"/>
    <md:Model.DependentOn rdf:resource="urn:uuid:2399cbd1-9a39-11e0-aa80-0800200c9a66"/>
    <md:Model.DependentOn rdf:resource="urn:uuid:806f9f1b-ff69-4fb5-80f9-a8f393d31ebb"/>
    <md:Model.description>CGMES Conformity Assessment: 'MicroGridTestConfiguration....T4 (MAS BE) Test Configuration. The model is owned by ENTSO-E and is provided by ENTSO-E “as it is”. To the fullest extent permitted by law, ENTSO-E shall not be liable for any damages of any kind arising out of the use of the model (including any of its subsequent modifications). ENTSO-E neither warrants, nor represents that the use of the model will not infringe the rights of third parties. Any use of the model shall  include a reference to ENTSO-E. ENTSO-E web site is the only official source of information related to the model.</md:Model.description>
    <md:Model.modelingAuthoritySet>http://ELIA/CGMES/2.4.15</md:Model.modelingAuthoritySet>
    <md:Model.profile>http://entsoe.eu/CIM/StateVariables/4/1</md:Model.profile>
    <md:Model.Supersedes rdf:resource="urn:uuid:c2960b34-0a04-4cd1-9c4d-f3112d85ec6c"/>
  </md:FullModel>
  <cim:SvVoltage rdf:ID="_f2245225-185f-4430-9c4b-bd10f0d962a4">
    <cim:SvVoltage.v>414.114413</cim:SvVoltage.v>
    <cim:SvVoltage.angle>-21.526500</cim:SvVoltage.angle>
    <cim:SvVoltage.TopologicalNode rdf:resource="#_e44141af-f1dc-44d3-bfa4-b674e5c953d7"/>
  </cim:SvVoltage>
  <cim:SvVoltage rdf:ID="_5545c6fb-b25c-4a69-858f-12021f26cd03">
    <cim:SvVoltage.v>224.156562</cim:SvVoltage.v>
    <cim:SvVoltage.angle>-21.796200</cim:SvVoltage.angle>
    <cim:SvVoltage.TopologicalNode rdf:resource="#_99b219f3-4593-428b-a4da-124a54630178"/>
  </cim:SvVoltage>
  <cim:SvVoltage rdf:ID="_7c1169ab-ea28-4920-9f58-d4c22ba004d9">
    <cim:SvVoltage.v>412.382599</cim:SvVoltage.v>
    <cim:SvVoltage.angle>-21.451000</cim:SvVoltage.angle>
    <cim:SvVoltage.TopologicalNode rdf:resource="#_f03d65b2a51049ffa533e433721145c1"/>
  </cim:SvVoltage>
  <cim:SvVoltage rdf:ID="_c0703bf1-7724-453e-bd02-9b64e7c93cf6">
    <cim:SvVoltage.v>413.803877</cim:SvVoltage.v>
    <cim:SvVoltage.angle>-21.515800</cim:SvVoltage.angle>
    <cim:SvVoltage.TopologicalNode rdf:resource="#_9d25a1f9e5d14d47b6dcde99c4380b40"/>
  </cim:SvVoltage>
  <cim:SvVoltage rdf:ID="_215fc597-b984-4c53-8307-882ddd422602">
    <cim:SvVoltage.v>412.652394</cim:SvVoltage.v>
    <cim:SvVoltage.angle>-21.462800</cim:SvVoltage.angle>
    <cim:SvVoltage.TopologicalNode rdf:resource="#_d4affe50316740bdbbf4ae9c7cbf3cfd"/>
  </cim:SvVoltage>
  <cim:SvVoltage rdf:ID="_dc77cab8-4f97-4635-b39d-bce0850ea0ca">
    <cim:SvVoltage.v>222.821488</cim:SvVoltage.v>
    <cim:SvVoltage.angle>-10.434700</cim:SvVoltage.angle>
    <cim:SvVoltage.TopologicalNode rdf:resource="#_8d7bad8bcc634e0796e362390d9040b6"/>
  </cim:SvVoltage>
  <cim:SvVoltage rdf:ID="_bda52e5a-2dc9-4a19-bbae-0c6b08eba090">
    <cim:SvVoltage.v>222.239822</cim:SvVoltage.v>
    <cim:SvVoltage.angle>-10.573800</cim:SvVoltage.angle>
    <cim:SvVoltage.TopologicalNode rdf:resource="#_1fa19c281c8f4e1eaad9e1cab70f923e"/>
  </cim:SvVoltage>
  <cim:SvVoltage rdf:ID="_33d5d18a-f661-4a1b-89d2-85013edc4b7a">
    <cim:SvVoltage.v>223.435281</cim:SvVoltage.v>
    <cim:SvVoltage.angle>-17.412200</cim:SvVoltage.angle>
    <cim:SvVoltage.TopologicalNode rdf:resource="#_23b65c6b-2351-4673-89e9-1895c7291543"/>
  </cim:SvVoltage>
  <cim:SvVoltage rdf:ID="_0a125acf-c6b3-4ed1-a07f-eb2210c8a8e4">
    <cim:SvVoltage.v>223.435281</cim:SvVoltage.v>
    <cim:SvVoltage.angle>-17.412200</cim:SvVoltage.angle>
    <cim:SvVoltage.TopologicalNode rdf:resource="#_f70f6bad-eb8d-4b8f-8431-4ab93581514e"/>
  </cim:SvVoltage>
  <cim:SvVoltage rdf:ID="_1ad0b88c-7a63-4fa7-a176-e9d1b62bd1bf">
    <cim:SvVoltage.v>10.816961</cim:SvVoltage.v>
    <cim:SvVoltage.angle>-19.642100</cim:SvVoltage.angle>
    <cim:SvVoltage.TopologicalNode rdf:resource="#_a81d08ed-f51d-4538-8d1e-fb2d0dbd128e"/>
  </cim:SvVoltage>
  <cim:SvVoltage rdf:ID="_a3c80107-6406-4c0f-a2f8-ced7d4dbc1fa">
    <cim:SvVoltage.v>21.987000</cim:SvVoltage.v>
    <cim:SvVoltage.angle>-20.588300</cim:SvVoltage.angle>
    <cim:SvVoltage.TopologicalNode rdf:resource="#_f96d552a-618d-4d0c-a39a-2dea3c411dee"/>
  </cim:SvVoltage>
  <cim:SvVoltage rdf:ID="_b8d38e10-504d-4641-9ab2-2ea9df35914d">
    <cim:SvVoltage.v>115.500000</cim:SvVoltage.v>
    <cim:SvVoltage.angle>-22.029800</cim:SvVoltage.angle>
    <cim:SvVoltage.TopologicalNode rdf:resource="#_5c74cb26-ce2f-40c6-951d-89091eb781b6"/>
  </cim:SvVoltage>
  <cim:SvPowerFlow rdf:ID="_3b0bbd94-b006-45ea-88e0-b19951b5fbc1">
    <cim:SvPowerFlow.p>-31.579291</cim:SvPowerFlow.p>
    <cim:SvPowerFlow.q>120.813763</cim:SvPowerFlow.q>
    <cim:SvPowerFlow.Terminal rdf:resource="#_b9539c41-d114-4280-8a54-8ecec398091e"/>
  </cim:SvPowerFlow>
  <cim:SvPowerFlow rdf:ID="_2dd4a2d0-4cd7-4536-80fa-2bfd05a2988c">
    <cim:SvPowerFlow.p>-16.452661</cim:SvPowerFlow.p>
    <cim:SvPowerFlow.q>64.018020</cim:SvPowerFlow.q>
    <cim:SvPowerFlow.Terminal rdf:resource="#_53072f42-f77b-47e2-bd9a-e097c910b173"/>
  </cim:SvPowerFlow>
  <cim:SvPowerFlow rdf:ID="_0fe31dc9-5d25-49be-be07-cac406f7aac1">
    <cim:SvPowerFlow.p>-11.518775</cim:SvPowerFlow.p>
    <cim:SvPowerFlow.q>67.377544</cim:SvPowerFlow.q>
    <cim:SvPowerFlow.Terminal rdf:resource="#_c41978db-794b-4bae-953e-60fc519e87dd"/>
  </cim:SvPowerFlow>
  <cim:SvPowerFlow rdf:ID="_8b3b9043-3ab8-467d-b0af-e8bded2a3a93">
    <cim:SvPowerFlow.p>-89.462903</cim:SvPowerFlow.p>
    <cim:SvPowerFlow.q>1.519011</cim:SvPowerFlow.q>
    <cim:SvPowerFlow.Terminal rdf:resource="#_d238885e-d9b6-4edc-8567-6a68c605ed67"/>
  </cim:SvPowerFlow>
  <cim:SvPowerFlow rdf:ID="_fa28a7e8-3518-456d-b767-74b198551244">
    <cim:SvPowerFlow.p>-86.814383</cim:SvPowerFlow.p>
    <cim:SvPowerFlow.q>4.958972</cim:SvPowerFlow.q>
    <cim:SvPowerFlow.Terminal rdf:resource="#_4a7363a4-0b21-4f65-8bba-33e3a8f6bac3"/>
  </cim:SvPowerFlow>
  <cim:SvPowerFlow rdf:ID="_3f94d1db-1acd-41c4-a55f-fbc45ab03492">
    <cim:SvPowerFlow.p>1.000000</cim:SvPowerFlow.p>
    <cim:SvPowerFlow.q>0e+000</cim:SvPowerFlow.q>
    <cim:SvPowerFlow.Terminal rdf:resource="#_b9376bea-c75d-49f3-94ca-6a71fa0086a5"/>
  </cim:SvPowerFlow>
  <cim:SvPowerFlow rdf:ID="_65e17ff0-22aa-4d65-af70-6e0e3a2d9c1b">
    <cim:SvPowerFlow.p>200.000000</cim:SvPowerFlow.p>
    <cim:SvPowerFlow.q>50.000000</cim:SvPowerFlow.q>
    <cim:SvPowerFlow.Terminal rdf:resource="#_a036b765-1669-4f64-acd3-1e8fbd513312"/>
  </cim:SvPowerFlow>
  <cim:SvPowerFlow rdf:ID="_17910af3-a8f0-4352-a643-5aaac9e43119">
    <cim:SvPowerFlow.p>200.000000</cim:SvPowerFlow.p>
    <cim:SvPowerFlow.q>90.000000</cim:SvPowerFlow.q>
    <cim:SvPowerFlow.Terminal rdf:resource="#_cbdf1842-74ed-4fce-a5d4-0296c82cbc92"/>
  </cim:SvPowerFlow>
  <cim:SvPowerFlow rdf:ID="_d9c7e0e3-d126-4133-9222-05caf4961674">
    <cim:SvPowerFlow.p>-118.000000</cim:SvPowerFlow.p>
    <cim:SvPowerFlow.q>-85.603401</cim:SvPowerFlow.q>
    <cim:SvPowerFlow.Terminal rdf:resource="#_4bb5407b-b4a5-416c-80ad-1a778ada2b9b"/>
  </cim:SvPowerFlow>
  <cim:SvPowerFlow rdf:ID="_a8103011-c03d-4dd3-a8ea-e4bb2af7ea9d">
    <cim:SvPowerFlow.p>-90.000000</cim:SvPowerFlow.p>
    <cim:SvPowerFlow.q>84.484905</cim:SvPowerFlow.q>
    <cim:SvPowerFlow.Terminal rdf:resource="#_beffa353-7d10-421d-9c08-036b744b1cee"/>
  </cim:SvPowerFlow>
  <cim:SvPowerFlow rdf:ID="_69ff8ceb-cd69-41da-bb6c-915423a72df0">
    <cim:SvPowerFlow.p>1.187609</cim:SvPowerFlow.p>
    <cim:SvPowerFlow.q>-59.380452</cim:SvPowerFlow.q>
    <cim:SvPowerFlow.Terminal rdf:resource="#_22af3121-1a66-4546-bd80-4371f417c644"/>
  </cim:SvPowerFlow>
  <cim:SvPowerFlow rdf:ID="_6c4c980b-557a-481c-aced-79300acd2c81">
    <cim:SvPowerFlow.p>0e+000</cim:SvPowerFlow.p>
    <cim:SvPowerFlow.q>-330.750000</cim:SvPowerFlow.q>
    <cim:SvPowerFlow.Terminal rdf:resource="#_d5e2e58e-ccf6-47d9-b3bb-3088eb7a9b6c"/>
  </cim:SvPowerFlow>
  <cim:SvPowerFlow rdf:ID="_8ac688b7-d7c3-44cf-b235-f2ab7b3ff02d">
    <cim:SvPowerFlow.p>0e+000</cim:SvPowerFlow.p>
    <cim:SvPowerFlow.q>-9.861397</cim:SvPowerFlow.q>
    <cim:SvPowerFlow.Terminal rdf:resource="#_67bb74f1-8620-4a32-9d7d-a44092d11d22"/>
  </cim:SvPowerFlow>
  <cim:SvTapStep rdf:ID="_8876196d-920e-48be-a6db-010f3adc317b">
    <cim:SvTapStep.position>20</cim:SvTapStep.position>
    <cim:SvTapStep.TapChanger rdf:resource="#_83cc66dd-8d93-4a2c-8103-f1f5a9cf7e2e"/>
  </cim:SvTapStep>
  <cim:SvTapStep rdf:ID="_88300d54-5537-4e47-8337-6e3241c41176">
    <cim:SvTapStep.position>10</cim:SvTapStep.position>
    <cim:SvTapStep.TapChanger rdf:resource="#_36b83adb-3d45-4693-8967-96627b5f9ec9"/>
  </cim:SvTapStep>
  <cim:SvTapStep rdf:ID="_8032013b-8d2c-4292-ab70-63f3daaa72fb">
    <cim:SvTapStep.position>13</cim:SvTapStep.position>
    <cim:SvTapStep.TapChanger rdf:resource="#_63454a73-f439-45bb-951a-e7b193986571"/>
  </cim:SvTapStep>
  <cim:SvTapStep rdf:ID="_f013d1d7-0ac8-4a5a-93e4-b44cc458f569">
    <cim:SvTapStep.position>17</cim:SvTapStep.position>
    <cim:SvTapStep.TapChanger rdf:resource="#_fe25f43a-7341-446e-a71a-8ab7119ba806"/>
  </cim:SvTapStep>
  <cim:SvShuntCompensatorSections rdf:ID="_0410a4d0-9dc7-4fdd-bec2-f39715b90988">
    <cim:SvShuntCompensatorSections.sections>1</cim:SvShuntCompensatorSections.sections>
    <cim:SvShuntCompensatorSections.ShuntCompensator rdf:resource="#_002b0a40-3957-46db-b84a-30420083558f"/>
  </cim:SvShuntCompensatorSections>
  <cim:SvShuntCompensatorSections rdf:ID="_dc27f164-4d93-4453-abbe-9d8e8242c42e">
    <cim:SvShuntCompensatorSections.sections>1</cim:SvShuntCompensatorSections.sections>
    <cim:SvShuntCompensatorSections.ShuntCompensator rdf:resource="#_d771118f-36e9-4115-a128-cc3d9ce3e3da"/>
  </cim:SvShuntCompensatorSections>
</rdf:RDF>
