<?xml version="1.0" encoding="utf-8"?>
<rdf:RDF xmlns:rdf="http://www.w3.org/1999/02/22-rdf-syntax-ns#" xmlns:cim="http://iec.ch/TC57/2013/CIM-schema-cim16#" xmlns:entsoe="http://entsoe.eu/CIM/SchemaExtension/3/1#" xmlns:md="http://iec.ch/TC57/61970-552/ModelDescription/1#">
  <md:FullModel rdf:about="urn:uuid:8d6b5a63-e64e-4a25-955f-9c5e107382eb">
    <md:Model.created>2014-10-24T16:37:19</md:Model.created>
    <md:Model.scenarioTime>2014-03-28T10:13:02</md:Model.scenarioTime>
    <md:Model.version>2</md:Model.version>
    <md:Model.DependentOn rdf:resource="urn:uuid:96adadbe-902b-4cd6-9fc8-01a56ecbee79"/>
    <md:Model.DependentOn rdf:resource="urn:uuid:2399cbd0-9a39-11e0-aa80-0800200c9a66"/>
    <md:Model.description>CGMES Conformity Assessment: 'MicroGridTestConfiguration....T4 (MAS BE) Test Configuration. The model is owned by ENTSO-E and is provided by ENTSO-E “as it is”. To the fullest extent permitted by law, ENTSO-E shall not be liable for any damages of any kind arising out of the use of the model (including any of its subsequent modifications). ENTSO-E neither warrants, nor represents that the use of the model will not infringe the rights of third parties. Any use of the model shall  include a reference to ENTSO-E. ENTSO-E web site is the only official source of information related to the model.</md:Model.description>
    <md:Model.modelingAuthoritySet>http://ELIA/CGMES/2.4.15</md:Model.modelingAuthoritySet>
    <md:Model.profile>http://entsoe.eu/CIM/GeographicalLocation/2/1</md:Model.profile>
    <md:Model.Supersedes rdf:resource="urn:uuid:9e383122-10cf-4da3-9785-f404b3541588"/>
  </md:FullModel>
  <cim:CoordinateSystem rdf:ID="_403af113-8944-4d9d-8fef-17fccca73234">
    <cim:IdentifiedObject.name>WGS84</cim:IdentifiedObject.name>
    <cim:CoordinateSystem.crsUrn>urn:ogc:def:crs:EPSG::4326</cim:CoordinateSystem.crsUrn>
  </cim:CoordinateSystem>
  <cim:Location rdf:ID="_5c914791-1e90-44f1-9b6b-79be5688e557">
    <cim:Location.PowerSystemResources rdf:resource="#_87f7002b-056f-4a6a-a872-1744eea757e3"/>
    <cim:Location.CoordinateSystem rdf:resource="#_403af113-8944-4d9d-8fef-17fccca73234"/>
  </cim:Location>
  <cim:PositionPoint rdf:ID="_c4ec3fce-5667-4a89-be7a-e9097de4b382">
    <cim:PositionPoint.sequenceNumber>1</cim:PositionPoint.sequenceNumber>
    <cim:PositionPoint.Location rdf:resource="#_5c914791-1e90-44f1-9b6b-79be5688e557"/>
    <cim:PositionPoint.xPosition>4.259260</cim:PositionPoint.xPosition>
    <cim:PositionPoint.yPosition>51.325100</cim:PositionPoint.yPosition>
  </cim:PositionPoint>
  <cim:Location rdf:ID="_28fbf62d-8597-4d3a-8d49-a39a19fdb2f9">
    <cim:Location.PowerSystemResources rdf:resource="#_37e14a0f-5e34-4647-a062-8bfd9305fa9d"/>
    <cim:Location.CoordinateSystem rdf:resource="#_403af113-8944-4d9d-8fef-17fccca73234"/>
  </cim:Location>
  <cim:PositionPoint rdf:ID="_fe5ad55b-b988-4af5-9bdf-5203a8ec829c">
    <cim:PositionPoint.sequenceNumber>1</cim:PositionPoint.sequenceNumber>
    <cim:PositionPoint.Location rdf:resource="#_28fbf62d-8597-4d3a-8d49-a39a19fdb2f9"/>
    <cim:PositionPoint.xPosition>4.300890</cim:PositionPoint.xPosition>
    <cim:PositionPoint.yPosition>50.803800</cim:PositionPoint.yPosition>
  </cim:PositionPoint>
  <cim:Location rdf:ID="_a44cfb6a-3459-4b7b-9aab-2093cc9bc3e2">
    <cim:Location.PowerSystemResources rdf:resource="#_a16b4a6c-70b1-4abf-9a9d-bd0fa47f9fe4"/>
    <cim:Location.CoordinateSystem rdf:resource="#_403af113-8944-4d9d-8fef-17fccca73234"/>
  </cim:Location>
  <cim:PositionPoint rdf:ID="_92093f85-2adb-4cac-9d1e-fb04ed735f00">
    <cim:PositionPoint.sequenceNumber>1</cim:PositionPoint.sequenceNumber>
    <cim:PositionPoint.Location rdf:resource="#_a44cfb6a-3459-4b7b-9aab-2093cc9bc3e2"/>
    <cim:PositionPoint.xPosition>4.888920</cim:PositionPoint.xPosition>
    <cim:PositionPoint.yPosition>51.913800</cim:PositionPoint.yPosition>
  </cim:PositionPoint>
  <cim:PositionPoint rdf:ID="_aadb5521-baae-4d30-8a25-d3297c29224f">
    <cim:PositionPoint.sequenceNumber>3</cim:PositionPoint.sequenceNumber>
    <cim:PositionPoint.Location rdf:resource="#_a44cfb6a-3459-4b7b-9aab-2093cc9bc3e2"/>
    <cim:PositionPoint.xPosition>4.847720</cim:PositionPoint.xPosition>
    <cim:PositionPoint.yPosition>51.612900</cim:PositionPoint.yPosition>
  </cim:PositionPoint>
  <cim:PositionPoint rdf:ID="_70badca9-1fb7-48c6-8c74-88f1b32fe0fe">
    <cim:PositionPoint.sequenceNumber>5</cim:PositionPoint.sequenceNumber>
    <cim:PositionPoint.Location rdf:resource="#_a44cfb6a-3459-4b7b-9aab-2093cc9bc3e2"/>
    <cim:PositionPoint.xPosition>4.259260</cim:PositionPoint.xPosition>
    <cim:PositionPoint.yPosition>51.325100</cim:PositionPoint.yPosition>
  </cim:PositionPoint>
  <cim:Location rdf:ID="_bda0fb3d-f0e6-44a5-88cd-3971b5fa1c44">
    <cim:Location.PowerSystemResources rdf:resource="#_b58bf21a-096a-4dae-9a01-3f03b60c24c7"/>
    <cim:Location.CoordinateSystem rdf:resource="#_403af113-8944-4d9d-8fef-17fccca73234"/>
  </cim:Location>
  <cim:PositionPoint rdf:ID="_a3c4ca1b-2ff4-4aab-8a3a-5f6d8cf79de8">
    <cim:PositionPoint.sequenceNumber>1</cim:PositionPoint.sequenceNumber>
    <cim:PositionPoint.Location rdf:resource="#_bda0fb3d-f0e6-44a5-88cd-3971b5fa1c44"/>
    <cim:PositionPoint.xPosition>4.301130</cim:PositionPoint.xPosition>
    <cim:PositionPoint.yPosition>50.803500</cim:PositionPoint.yPosition>
  </cim:PositionPoint>
  <cim:PositionPoint rdf:ID="_aa1aa79a-824f-486e-90b0-6e01ddc93d11">
    <cim:PositionPoint.sequenceNumber>3</cim:PositionPoint.sequenceNumber>
    <cim:PositionPoint.Location rdf:resource="#_bda0fb3d-f0e6-44a5-88cd-3971b5fa1c44"/>
    <cim:PositionPoint.xPosition>4.345090</cim:PositionPoint.xPosition>
    <cim:PositionPoint.yPosition>50.916900</cim:PositionPoint.yPosition>
  </cim:PositionPoint>
  <cim:PositionPoint rdf:ID="_b232694c-1ae5-48db-a80a-64e87fa3190a">
    <cim:PositionPoint.sequenceNumber>5</cim:PositionPoint.sequenceNumber>
    <cim:PositionPoint.Location rdf:resource="#_bda0fb3d-f0e6-44a5-88cd-3971b5fa1c44"/>
    <cim:PositionPoint.xPosition>4.295650</cim:PositionPoint.xPosition>
    <cim:PositionPoint.yPosition>51.044800</cim:PositionPoint.yPosition>
  </cim:PositionPoint>
  <cim:PositionPoint rdf:ID="_aa440467-80e6-4d35-859a-920085bf0ed2">
    <cim:PositionPoint.sequenceNumber>7</cim:PositionPoint.sequenceNumber>
    <cim:PositionPoint.Location rdf:resource="#_bda0fb3d-f0e6-44a5-88cd-3971b5fa1c44"/>
    <cim:PositionPoint.xPosition>4.383540</cim:PositionPoint.xPosition>
    <cim:PositionPoint.yPosition>51.157000</cim:PositionPoint.yPosition>
  </cim:PositionPoint>
  <cim:PositionPoint rdf:ID="_8ccfdc54-79cd-4521-9b93-e259936d6e47">
    <cim:PositionPoint.sequenceNumber>9</cim:PositionPoint.sequenceNumber>
    <cim:PositionPoint.Location rdf:resource="#_bda0fb3d-f0e6-44a5-88cd-3971b5fa1c44"/>
    <cim:PositionPoint.xPosition>4.259260</cim:PositionPoint.xPosition>
    <cim:PositionPoint.yPosition>51.325100</cim:PositionPoint.yPosition>
  </cim:PositionPoint>
  <cim:Location rdf:ID="_0e7088a9-be0c-4c5f-8a3b-b32a4523c7fa">
    <cim:Location.PowerSystemResources rdf:resource="#_78736387-5f60-4832-b3fe-d50daf81b0a6"/>
    <cim:Location.CoordinateSystem rdf:resource="#_403af113-8944-4d9d-8fef-17fccca73234"/>
  </cim:Location>
  <cim:PositionPoint rdf:ID="_e983533a-8c1b-4e65-a40d-6bb9be6cbff4">
    <cim:PositionPoint.sequenceNumber>1</cim:PositionPoint.sequenceNumber>
    <cim:PositionPoint.Location rdf:resource="#_0e7088a9-be0c-4c5f-8a3b-b32a4523c7fa"/>
    <cim:PositionPoint.xPosition>4.301730</cim:PositionPoint.xPosition>
    <cim:PositionPoint.yPosition>50.803000</cim:PositionPoint.yPosition>
  </cim:PositionPoint>
  <cim:PositionPoint rdf:ID="_095e4e36-59ae-4fa4-9ade-06d84f8bf891">
    <cim:PositionPoint.sequenceNumber>3</cim:PositionPoint.sequenceNumber>
    <cim:PositionPoint.Location rdf:resource="#_0e7088a9-be0c-4c5f-8a3b-b32a4523c7fa"/>
    <cim:PositionPoint.xPosition>4.690460</cim:PositionPoint.xPosition>
    <cim:PositionPoint.yPosition>50.899400</cim:PositionPoint.yPosition>
  </cim:PositionPoint>
  <cim:PositionPoint rdf:ID="_43059c71-d8bf-453b-92cb-ec66d752b412">
    <cim:PositionPoint.sequenceNumber>5</cim:PositionPoint.sequenceNumber>
    <cim:PositionPoint.Location rdf:resource="#_0e7088a9-be0c-4c5f-8a3b-b32a4523c7fa"/>
    <cim:PositionPoint.xPosition>5.088250</cim:PositionPoint.xPosition>
    <cim:PositionPoint.yPosition>51.302600</cim:PositionPoint.yPosition>
  </cim:PositionPoint>
  <cim:PositionPoint rdf:ID="_3366a311-5a2d-4862-a0ed-d0bd3a0d60fc">
    <cim:PositionPoint.sequenceNumber>7</cim:PositionPoint.sequenceNumber>
    <cim:PositionPoint.Location rdf:resource="#_0e7088a9-be0c-4c5f-8a3b-b32a4523c7fa"/>
    <cim:PositionPoint.xPosition>5.072940</cim:PositionPoint.xPosition>
    <cim:PositionPoint.yPosition>51.876500</cim:PositionPoint.yPosition>
  </cim:PositionPoint>
  <cim:Location rdf:ID="_6dab0590-c86b-4daf-9a62-968b6107664c">
    <cim:Location.PowerSystemResources rdf:resource="#_ed0c5d75-4a54-43c8-b782-b20d7431630b"/>
    <cim:Location.CoordinateSystem rdf:resource="#_403af113-8944-4d9d-8fef-17fccca73234"/>
  </cim:Location>
  <cim:PositionPoint rdf:ID="_5760d1ff-7b9e-4587-9684-09c8ab1a958b">
    <cim:PositionPoint.sequenceNumber>1</cim:PositionPoint.sequenceNumber>
    <cim:PositionPoint.Location rdf:resource="#_6dab0590-c86b-4daf-9a62-968b6107664c"/>
    <cim:PositionPoint.xPosition>4.301730</cim:PositionPoint.xPosition>
    <cim:PositionPoint.yPosition>50.803000</cim:PositionPoint.yPosition>
  </cim:PositionPoint>
  <cim:PositionPoint rdf:ID="_56cdb726-64de-4e83-a408-7c395f447a62">
    <cim:PositionPoint.sequenceNumber>3</cim:PositionPoint.sequenceNumber>
    <cim:PositionPoint.Location rdf:resource="#_6dab0590-c86b-4daf-9a62-968b6107664c"/>
    <cim:PositionPoint.xPosition>4.690460</cim:PositionPoint.xPosition>
    <cim:PositionPoint.yPosition>50.899400</cim:PositionPoint.yPosition>
  </cim:PositionPoint>
  <cim:PositionPoint rdf:ID="_d277db32-87c0-4c2a-9b28-4e8f60637b62">
    <cim:PositionPoint.sequenceNumber>5</cim:PositionPoint.sequenceNumber>
    <cim:PositionPoint.Location rdf:resource="#_6dab0590-c86b-4daf-9a62-968b6107664c"/>
    <cim:PositionPoint.xPosition>5.088250</cim:PositionPoint.xPosition>
    <cim:PositionPoint.yPosition>51.302600</cim:PositionPoint.yPosition>
  </cim:PositionPoint>
  <cim:PositionPoint rdf:ID="_a2d65d4c-40ea-4f46-89c5-5098ed61ca04">
    <cim:PositionPoint.sequenceNumber>7</cim:PositionPoint.sequenceNumber>
    <cim:PositionPoint.Location rdf:resource="#_6dab0590-c86b-4daf-9a62-968b6107664c"/>
    <cim:PositionPoint.xPosition>5.071860</cim:PositionPoint.xPosition>
    <cim:PositionPoint.yPosition>51.875600</cim:PositionPoint.yPosition>
  </cim:PositionPoint>
  <cim:Location rdf:ID="_3516fd99-bbc1-4e31-9abb-03d9f7db8999">
    <cim:Location.PowerSystemResources rdf:resource="#_b18cd1aa-7808-49b9-a7cf-605eaf07b006"/>
    <cim:Location.CoordinateSystem rdf:resource="#_403af113-8944-4d9d-8fef-17fccca73234"/>
  </cim:Location>
  <cim:PositionPoint rdf:ID="_9f5356f5-6980-419f-8309-a7c8d6df9c3a">
    <cim:PositionPoint.sequenceNumber>1</cim:PositionPoint.sequenceNumber>
    <cim:PositionPoint.Location rdf:resource="#_3516fd99-bbc1-4e31-9abb-03d9f7db8999"/>
    <cim:PositionPoint.xPosition>4.301730</cim:PositionPoint.xPosition>
    <cim:PositionPoint.yPosition>50.803000</cim:PositionPoint.yPosition>
  </cim:PositionPoint>
  <cim:PositionPoint rdf:ID="_d6e82232-b9eb-4aee-8b60-98006f6abb08">
    <cim:PositionPoint.sequenceNumber>3</cim:PositionPoint.sequenceNumber>
    <cim:PositionPoint.Location rdf:resource="#_3516fd99-bbc1-4e31-9abb-03d9f7db8999"/>
    <cim:PositionPoint.xPosition>4.690460</cim:PositionPoint.xPosition>
    <cim:PositionPoint.yPosition>50.899400</cim:PositionPoint.yPosition>
  </cim:PositionPoint>
  <cim:PositionPoint rdf:ID="_494afd7d-a6db-404e-81bd-5dac4766b7c6">
    <cim:PositionPoint.sequenceNumber>5</cim:PositionPoint.sequenceNumber>
    <cim:PositionPoint.Location rdf:resource="#_3516fd99-bbc1-4e31-9abb-03d9f7db8999"/>
    <cim:PositionPoint.xPosition>5.088250</cim:PositionPoint.xPosition>
    <cim:PositionPoint.yPosition>51.302600</cim:PositionPoint.yPosition>
  </cim:PositionPoint>
  <cim:PositionPoint rdf:ID="_b21d882c-de71-4212-84f9-f7b3e22b8cf4">
    <cim:PositionPoint.sequenceNumber>7</cim:PositionPoint.sequenceNumber>
    <cim:PositionPoint.Location rdf:resource="#_3516fd99-bbc1-4e31-9abb-03d9f7db8999"/>
    <cim:PositionPoint.xPosition>5.070580</cim:PositionPoint.xPosition>
    <cim:PositionPoint.yPosition>51.873100</cim:PositionPoint.yPosition>
  </cim:PositionPoint>
  <cim:Location rdf:ID="_13415029-5cb9-4630-a74b-a8d06e3d1172">
    <cim:Location.PowerSystemResources rdf:resource="#_ffbabc27-1ccd-4fdc-b037-e341706c8d29"/>
    <cim:Location.CoordinateSystem rdf:resource="#_403af113-8944-4d9d-8fef-17fccca73234"/>
  </cim:Location>
  <cim:PositionPoint rdf:ID="_2cdb130f-d0f2-4e75-8e01-eedc72676a8e">
    <cim:PositionPoint.sequenceNumber>1</cim:PositionPoint.sequenceNumber>
    <cim:PositionPoint.Location rdf:resource="#_13415029-5cb9-4630-a74b-a8d06e3d1172"/>
    <cim:PositionPoint.xPosition>4.301130</cim:PositionPoint.xPosition>
    <cim:PositionPoint.yPosition>50.803500</cim:PositionPoint.yPosition>
  </cim:PositionPoint>
  <cim:PositionPoint rdf:ID="_7afabca2-c315-4963-98bf-56afb78ce594">
    <cim:PositionPoint.sequenceNumber>3</cim:PositionPoint.sequenceNumber>
    <cim:PositionPoint.Location rdf:resource="#_13415029-5cb9-4630-a74b-a8d06e3d1172"/>
    <cim:PositionPoint.xPosition>4.345090</cim:PositionPoint.xPosition>
    <cim:PositionPoint.yPosition>50.916900</cim:PositionPoint.yPosition>
  </cim:PositionPoint>
  <cim:PositionPoint rdf:ID="_4e0fc2c9-3259-43cd-a7ee-54994712cfd9">
    <cim:PositionPoint.sequenceNumber>5</cim:PositionPoint.sequenceNumber>
    <cim:PositionPoint.Location rdf:resource="#_13415029-5cb9-4630-a74b-a8d06e3d1172"/>
    <cim:PositionPoint.xPosition>4.295650</cim:PositionPoint.xPosition>
    <cim:PositionPoint.yPosition>51.044800</cim:PositionPoint.yPosition>
  </cim:PositionPoint>
  <cim:PositionPoint rdf:ID="_d0651ce2-2adf-4d57-9765-b58bffd4727b">
    <cim:PositionPoint.sequenceNumber>7</cim:PositionPoint.sequenceNumber>
    <cim:PositionPoint.Location rdf:resource="#_13415029-5cb9-4630-a74b-a8d06e3d1172"/>
    <cim:PositionPoint.xPosition>4.383540</cim:PositionPoint.xPosition>
    <cim:PositionPoint.yPosition>51.157000</cim:PositionPoint.yPosition>
  </cim:PositionPoint>
  <cim:PositionPoint rdf:ID="_56c47354-d782-4d9d-8f01-e9e4fa921aec">
    <cim:PositionPoint.sequenceNumber>9</cim:PositionPoint.sequenceNumber>
    <cim:PositionPoint.Location rdf:resource="#_13415029-5cb9-4630-a74b-a8d06e3d1172"/>
    <cim:PositionPoint.xPosition>4.259260</cim:PositionPoint.xPosition>
    <cim:PositionPoint.yPosition>51.325100</cim:PositionPoint.yPosition>
  </cim:PositionPoint>
  <cim:Location rdf:ID="_0241ae38-bcf5-408a-9842-641f5d6a43f3">
    <cim:Location.PowerSystemResources rdf:resource="#_17086487-56ba-4979-b8de-064025a6b4da"/>
    <cim:Location.CoordinateSystem rdf:resource="#_403af113-8944-4d9d-8fef-17fccca73234"/>
  </cim:Location>
  <cim:PositionPoint rdf:ID="_db5beb37-9327-432c-81dd-c94b4b82daab">
    <cim:PositionPoint.sequenceNumber>1</cim:PositionPoint.sequenceNumber>
    <cim:PositionPoint.Location rdf:resource="#_0241ae38-bcf5-408a-9842-641f5d6a43f3"/>
    <cim:PositionPoint.xPosition>4.887980</cim:PositionPoint.xPosition>
    <cim:PositionPoint.yPosition>51.912700</cim:PositionPoint.yPosition>
  </cim:PositionPoint>
  <cim:PositionPoint rdf:ID="_8e71bbb6-6631-44c2-92e1-0a111fe645f4">
    <cim:PositionPoint.sequenceNumber>3</cim:PositionPoint.sequenceNumber>
    <cim:PositionPoint.Location rdf:resource="#_0241ae38-bcf5-408a-9842-641f5d6a43f3"/>
    <cim:PositionPoint.xPosition>4.846830</cim:PositionPoint.xPosition>
    <cim:PositionPoint.yPosition>51.612100</cim:PositionPoint.yPosition>
  </cim:PositionPoint>
</rdf:RDF>
