<?xml version="1.0" encoding="utf-8"?>
<rdf:RDF xmlns:rdf="http://www.w3.org/1999/02/22-rdf-syntax-ns#" xmlns:cim="http://iec.ch/TC57/2013/CIM-schema-cim16#" xmlns:entsoe="http://entsoe.eu/CIM/SchemaExtension/3/1#" xmlns:md="http://iec.ch/TC57/61970-552/ModelDescription/1#">
  <md:FullModel rdf:about="urn:uuid:cd217744-228c-4ddf-9081-3b8cbe7082ed">
    <md:Model.created>2014-10-24T16:54:45</md:Model.created>
    <md:Model.scenarioTime>2014-03-28T10:13:02</md:Model.scenarioTime>
    <md:Model.version>2</md:Model.version>
    <md:Model.DependentOn rdf:resource="urn:uuid:19d9a263-529d-4f6c-8221-3a8a45de347b"/>
    <md:Model.DependentOn rdf:resource="urn:uuid:cb9dee24-b0c9-436d-a2f0-5c09bf095148"/>
    <md:Model.DependentOn rdf:resource="urn:uuid:2399cbd1-9a39-11e0-aa80-0800200c9a66"/>
    <md:Model.description>CGMES Conformity Assessment: 'MicroGridTestConfiguration....T4(MAS NL) Test Configuration. The model is owned by ENTSO-E and is provided by ENTSO-E “as it is”. To the fullest extent permitted by law, ENTSO-E shall not be liable for any damages of any kind arising out of the use of the model (including any of its subsequent modifications). ENTSO-E neither warrants, nor represents that the use of the model will not infringe the rights of third parties. Any use of the model shall  include a reference to ENTSO-E. ENTSO-E web site is the only official source of information related to the model.</md:Model.description>
    <md:Model.modelingAuthoritySet>http://TENNET/CGMES/2.4.15</md:Model.modelingAuthoritySet>
    <md:Model.profile>http://entsoe.eu/CIM/StateVariables/4/1</md:Model.profile>
    <md:Model.Supersedes rdf:resource="urn:uuid:01b2376f-f18c-4ad8-bc37-bf31dc348dc4"/>
  </md:FullModel>
  <cim:SvVoltage rdf:ID="_fbd3f065-7b7e-4e78-b989-589bf6a6b4ed">
    <cim:SvVoltage.v>16.033500</cim:SvVoltage.v>
    <cim:SvVoltage.angle>0e+000</cim:SvVoltage.angle>
    <cim:SvVoltage.TopologicalNode rdf:resource="#_97d7d14a-7294-458f-a8d7-024700a08717"/>
  </cim:SvVoltage>
  <cim:SvVoltage rdf:ID="_24c87b42-846d-432e-a6cc-6e051af7c317">
    <cim:SvVoltage.v>16.017750</cim:SvVoltage.v>
    <cim:SvVoltage.angle>-1.811100</cim:SvVoltage.angle>
    <cim:SvVoltage.TopologicalNode rdf:resource="#_6bdc33de-d027-49b7-b98f-3b3d87716615"/>
  </cim:SvVoltage>
  <cim:SvVoltage rdf:ID="_a5731e47-5d00-4b11-87c9-720649fc2f57">
    <cim:SvVoltage.v>412.382599</cim:SvVoltage.v>
    <cim:SvVoltage.angle>-21.451000</cim:SvVoltage.angle>
    <cim:SvVoltage.TopologicalNode rdf:resource="#_f03d65b2a51049ffa533e433721145c1"/>
  </cim:SvVoltage>
  <cim:SvVoltage rdf:ID="_54e26e69-49d0-4c76-9614-a3f285f0a974">
    <cim:SvVoltage.v>413.803877</cim:SvVoltage.v>
    <cim:SvVoltage.angle>-21.515800</cim:SvVoltage.angle>
    <cim:SvVoltage.TopologicalNode rdf:resource="#_9d25a1f9e5d14d47b6dcde99c4380b40"/>
  </cim:SvVoltage>
  <cim:SvVoltage rdf:ID="_2bf29c41-651f-4cf4-bff5-ee0053af8560">
    <cim:SvVoltage.v>412.652394</cim:SvVoltage.v>
    <cim:SvVoltage.angle>-21.462800</cim:SvVoltage.angle>
    <cim:SvVoltage.TopologicalNode rdf:resource="#_d4affe50316740bdbbf4ae9c7cbf3cfd"/>
  </cim:SvVoltage>
  <cim:SvVoltage rdf:ID="_0f31b98d-a432-4a91-ad2c-f32378f66133">
    <cim:SvVoltage.v>222.821488</cim:SvVoltage.v>
    <cim:SvVoltage.angle>-10.434700</cim:SvVoltage.angle>
    <cim:SvVoltage.TopologicalNode rdf:resource="#_8d7bad8bcc634e0796e362390d9040b6"/>
  </cim:SvVoltage>
  <cim:SvVoltage rdf:ID="_0d3738a4-9dd2-407d-b8d6-24f48c8c8a79">
    <cim:SvVoltage.v>224.197341</cim:SvVoltage.v>
    <cim:SvVoltage.angle>-3.591480</cim:SvVoltage.angle>
    <cim:SvVoltage.TopologicalNode rdf:resource="#_795a117d-7caf-4fc2-a8d9-dc8f4cf2344a"/>
  </cim:SvVoltage>
  <cim:SvVoltage rdf:ID="_1688e887-6b48-4612-8cbe-b76d04f5fb6e">
    <cim:SvVoltage.v>222.239822</cim:SvVoltage.v>
    <cim:SvVoltage.angle>-10.573800</cim:SvVoltage.angle>
    <cim:SvVoltage.TopologicalNode rdf:resource="#_1fa19c281c8f4e1eaad9e1cab70f923e"/>
  </cim:SvVoltage>
  <cim:SvVoltage rdf:ID="_91bcbe1e-0a93-45c0-baea-0fdb92605416">
    <cim:SvVoltage.v>224.197341</cim:SvVoltage.v>
    <cim:SvVoltage.angle>-3.591480</cim:SvVoltage.angle>
    <cim:SvVoltage.TopologicalNode rdf:resource="#_afddd60d-f7e6-419a-a5c2-be28d29beaf9"/>
  </cim:SvVoltage>
  <cim:SvVoltage rdf:ID="_cbb087ef-f4c0-460e-8f0d-5f42ed28b820">
    <cim:SvVoltage.v>410.488365</cim:SvVoltage.v>
    <cim:SvVoltage.angle>-21.359400</cim:SvVoltage.angle>
    <cim:SvVoltage.TopologicalNode rdf:resource="#_81b0e447-181e-4aec-8921-f1dd7813bebc"/>
  </cim:SvVoltage>
  <cim:SvPowerFlow rdf:ID="_10a3acea-2127-476c-8cee-6a4c300ba8df">
    <cim:SvPowerFlow.p>86.814383</cim:SvPowerFlow.p>
    <cim:SvPowerFlow.q>-4.958972</cim:SvPowerFlow.q>
    <cim:SvPowerFlow.Terminal rdf:resource="#_26e50b4b-9a19-420d-98ce-bc4f11971cd7"/>
  </cim:SvPowerFlow>
  <cim:SvPowerFlow rdf:ID="_f51b4534-a8a9-4edb-8495-76e00e107f59">
    <cim:SvPowerFlow.p>89.462903</cim:SvPowerFlow.p>
    <cim:SvPowerFlow.q>-1.519011</cim:SvPowerFlow.q>
    <cim:SvPowerFlow.Terminal rdf:resource="#_24dd035c-0a8c-4351-aeb2-08d6622b42ae"/>
  </cim:SvPowerFlow>
  <cim:SvPowerFlow rdf:ID="_b1545a68-f940-4d3c-8257-83e53f7d1d38">
    <cim:SvPowerFlow.p>11.518776</cim:SvPowerFlow.p>
    <cim:SvPowerFlow.q>-67.377544</cim:SvPowerFlow.q>
    <cim:SvPowerFlow.Terminal rdf:resource="#_f970233f-b573-49d9-9fc3-3a2a59ed3bbb"/>
  </cim:SvPowerFlow>
  <cim:SvPowerFlow rdf:ID="_62b67ef7-a454-4e5b-836f-15e324384508">
    <cim:SvPowerFlow.p>16.452662</cim:SvPowerFlow.p>
    <cim:SvPowerFlow.q>-64.018020</cim:SvPowerFlow.q>
    <cim:SvPowerFlow.Terminal rdf:resource="#_39d27c17-1e5b-4edc-a7ec-65a2d56542df"/>
  </cim:SvPowerFlow>
  <cim:SvPowerFlow rdf:ID="_2916e57d-2aa9-4d50-bde5-7d28ca6a8afe">
    <cim:SvPowerFlow.p>31.579291</cim:SvPowerFlow.p>
    <cim:SvPowerFlow.q>-120.813760</cim:SvPowerFlow.q>
    <cim:SvPowerFlow.Terminal rdf:resource="#_f48d48c7-e9f6-460c-898f-cc68a96efdeb"/>
  </cim:SvPowerFlow>
  <cim:SvPowerFlow rdf:ID="_d73f9802-db76-4ea2-b6d6-b7ea451fc753">
    <cim:SvPowerFlow.p>487.854461</cim:SvPowerFlow.p>
    <cim:SvPowerFlow.q>231.316438</cim:SvPowerFlow.q>
    <cim:SvPowerFlow.Terminal rdf:resource="#_fab54e9c-b12e-4e47-a9f2-fec4ef96c0c0"/>
  </cim:SvPowerFlow>
  <cim:SvPowerFlow rdf:ID="_ad6d22c9-62c3-440d-86b4-3bb3ebdc6420">
    <cim:SvPowerFlow.p>10.000000</cim:SvPowerFlow.p>
    <cim:SvPowerFlow.q>10.000000</cim:SvPowerFlow.q>
    <cim:SvPowerFlow.Terminal rdf:resource="#_6dad1a97-6874-4206-a5a5-837e495325f8"/>
  </cim:SvPowerFlow>
  <cim:SvPowerFlow rdf:ID="_f2d41eb5-34a7-4638-83d3-b43391d767d2">
    <cim:SvPowerFlow.p>90.000000</cim:SvPowerFlow.p>
    <cim:SvPowerFlow.q>280.000000</cim:SvPowerFlow.q>
    <cim:SvPowerFlow.Terminal rdf:resource="#_f461fd2d-1e41-4a3e-8213-7cc33c77a089"/>
  </cim:SvPowerFlow>
  <cim:SvPowerFlow rdf:ID="_4c27bb3e-ba07-4a25-a53c-f62ec7627f07">
    <cim:SvPowerFlow.p>-140.000000</cim:SvPowerFlow.p>
    <cim:SvPowerFlow.q>-15.855775</cim:SvPowerFlow.q>
    <cim:SvPowerFlow.Terminal rdf:resource="#_ae4b7cbe-349a-41c8-ace2-25ec26f14a64"/>
  </cim:SvPowerFlow>
  <cim:SvPowerFlow rdf:ID="_bb3ba9b6-4d02-4243-8058-4529906505ff">
    <cim:SvPowerFlow.p>-150.000000</cim:SvPowerFlow.p>
    <cim:SvPowerFlow.q>-15.855775</cim:SvPowerFlow.q>
    <cim:SvPowerFlow.Terminal rdf:resource="#_f04ecab5-1a12-4cc0-ba56-b157ebf11a42"/>
  </cim:SvPowerFlow>
  <cim:SvPowerFlow rdf:ID="_afa52eb3-badc-4ac6-bce4-5a304d2fbf12">
    <cim:SvPowerFlow.p>-557.884490</cim:SvPowerFlow.p>
    <cim:SvPowerFlow.q>-226.180820</cim:SvPowerFlow.q>
    <cim:SvPowerFlow.Terminal rdf:resource="#_faab7959-f9bf-421b-bc3f-d364e0c1388b"/>
  </cim:SvPowerFlow>
  <cim:SvPowerFlow rdf:ID="_2186c740-de82-4625-91d2-7db9b1899c00">
    <cim:SvPowerFlow.p>0e+000</cim:SvPowerFlow.p>
    <cim:SvPowerFlow.q>-52.656468</cim:SvPowerFlow.q>
    <cim:SvPowerFlow.Terminal rdf:resource="#_a015f692-3fc5-4ec3-8d1d-977c7b499e7c"/>
  </cim:SvPowerFlow>
  <cim:SvTapStep rdf:ID="_245f693b-d979-4423-b15c-ec97d6618dbf">
    <cim:SvTapStep.position>8</cim:SvTapStep.position>
    <cim:SvTapStep.TapChanger rdf:resource="#_341327c4-9224-40bf-bc33-7a3bb0bae680"/>
  </cim:SvTapStep>
  <cim:SvTapStep rdf:ID="_205f98eb-9e61-4a8c-a2e9-cc4cc104a3ca">
    <cim:SvTapStep.position>17</cim:SvTapStep.position>
    <cim:SvTapStep.TapChanger rdf:resource="#_ee649b97-d2ec-47e1-976f-0f4d9f50fa11"/>
  </cim:SvTapStep>
  <cim:SvTapStep rdf:ID="_0e0f8976-582a-4cfb-b400-89405bb908de">
    <cim:SvTapStep.position>5</cim:SvTapStep.position>
    <cim:SvTapStep.TapChanger rdf:resource="#_44b4277a-0f4b-43a8-ad93-6f7d6ef02061"/>
  </cim:SvTapStep>
  <cim:SvShuntCompensatorSections rdf:ID="_d5628bbd-2194-4ddb-b330-7a8aa8a42374">
    <cim:SvShuntCompensatorSections.sections>1</cim:SvShuntCompensatorSections.sections>
    <cim:SvShuntCompensatorSections.ShuntCompensator rdf:resource="#_fbfed7e3-3dec-4829-a286-029e73535685"/>
  </cim:SvShuntCompensatorSections>
  <cim:TopologicalIsland rdf:ID="_75386a3d-b5d6-4632-ab14-1626da26530c">
    <cim:IdentifiedObject.name>Slack</cim:IdentifiedObject.name>
    <cim:TopologicalIsland.AngleRefTopologicalNode rdf:resource="#_97d7d14a-7294-458f-a8d7-024700a08717"/>
    <cim:TopologicalIsland.TopologicalNodes rdf:resource="#_97d7d14a-7294-458f-a8d7-024700a08717"/>
    <cim:TopologicalIsland.TopologicalNodes rdf:resource="#_6bdc33de-d027-49b7-b98f-3b3d87716615"/>
    <cim:TopologicalIsland.TopologicalNodes rdf:resource="#_795a117d-7caf-4fc2-a8d9-dc8f4cf2344a"/>
    <cim:TopologicalIsland.TopologicalNodes rdf:resource="#_afddd60d-f7e6-419a-a5c2-be28d29beaf9"/>
    <cim:TopologicalIsland.TopologicalNodes rdf:resource="#_81b0e447-181e-4aec-8921-f1dd7813bebc"/>
  </cim:TopologicalIsland>
</rdf:RDF>
