<?xml version="1.0" encoding="utf-8"?>
<rdf:RDF xmlns:rdf="http://www.w3.org/1999/02/22-rdf-syntax-ns#" xmlns:cim="http://iec.ch/TC57/2013/CIM-schema-cim16#" xmlns:entsoe="http://entsoe.eu/CIM/SchemaExtension/3/1#" xmlns:md="http://iec.ch/TC57/61970-552/ModelDescription/1#">
  <md:FullModel rdf:about="urn:uuid:cd217744-228c-4ddf-9081-3b8cbe7082ed">
    <md:Model.created>2014-10-24T16:39:29</md:Model.created>
    <md:Model.scenarioTime>2014-03-28T10:13:02</md:Model.scenarioTime>
    <md:Model.version>2</md:Model.version>
    <md:Model.DependentOn rdf:resource="urn:uuid:19d9a263-529d-4f6c-8221-3a8a45de347b"/>
    <md:Model.DependentOn rdf:resource="urn:uuid:cb9dee24-b0c9-436d-a2f0-5c09bf095148"/>
    <md:Model.DependentOn rdf:resource="urn:uuid:2399cbd1-9a39-11e0-aa80-0800200c9a66"/>
    <md:Model.description>CGMES Conformity Assessment: 'MicroGridTestConfiguration....T4 (MAS NL) Test Configuration. The model is owned by ENTSO-E and is provided by ENTSO-E “as it is”. To the fullest extent permitted by law, ENTSO-E shall not be liable for any damages of any kind arising out of the use of the model (including any of its subsequent modifications). ENTSO-E neither warrants, nor represents that the use of the model will not infringe the rights of third parties. Any use of the model shall  include a reference to ENTSO-E. ENTSO-E web site is the only official source of information related to the model.</md:Model.description>
    <md:Model.modelingAuthoritySet>http://TENNET/CGMES/2.4.15</md:Model.modelingAuthoritySet>
    <md:Model.profile>http://entsoe.eu/CIM/StateVariables/4/1</md:Model.profile>
    <md:Model.Supersedes rdf:resource="urn:uuid:01b2376f-f18c-4ad8-bc37-bf31dc348dc4"/>
  </md:FullModel>
  <cim:SvVoltage rdf:ID="_e439b2ad-6653-48c0-9c19-5d48b10bae39">
    <cim:SvVoltage.v>16.033500</cim:SvVoltage.v>
    <cim:SvVoltage.angle>0e+000</cim:SvVoltage.angle>
    <cim:SvVoltage.TopologicalNode rdf:resource="#_97d7d14a-7294-458f-a8d7-024700a08717"/>
  </cim:SvVoltage>
  <cim:SvVoltage rdf:ID="_b571bd87-83e6-4346-b596-2d6f9c725ced">
    <cim:SvVoltage.v>16.017750</cim:SvVoltage.v>
    <cim:SvVoltage.angle>-1.811100</cim:SvVoltage.angle>
    <cim:SvVoltage.TopologicalNode rdf:resource="#_6bdc33de-d027-49b7-b98f-3b3d87716615"/>
  </cim:SvVoltage>
  <cim:SvVoltage rdf:ID="_8c0e34ad-fce9-4a77-b15f-d206c080468c">
    <cim:SvVoltage.v>412.382599</cim:SvVoltage.v>
    <cim:SvVoltage.angle>-21.451000</cim:SvVoltage.angle>
    <cim:SvVoltage.TopologicalNode rdf:resource="#_f03d65b2a51049ffa533e433721145c1"/>
  </cim:SvVoltage>
  <cim:SvVoltage rdf:ID="_2b7cd2fb-5495-45ab-bf65-69474ed1e9e2">
    <cim:SvVoltage.v>413.803877</cim:SvVoltage.v>
    <cim:SvVoltage.angle>-21.515800</cim:SvVoltage.angle>
    <cim:SvVoltage.TopologicalNode rdf:resource="#_9d25a1f9e5d14d47b6dcde99c4380b40"/>
  </cim:SvVoltage>
  <cim:SvVoltage rdf:ID="_c58bc0fd-eb67-411a-918e-000e25e1b996">
    <cim:SvVoltage.v>412.652394</cim:SvVoltage.v>
    <cim:SvVoltage.angle>-21.462800</cim:SvVoltage.angle>
    <cim:SvVoltage.TopologicalNode rdf:resource="#_d4affe50316740bdbbf4ae9c7cbf3cfd"/>
  </cim:SvVoltage>
  <cim:SvVoltage rdf:ID="_78b80b4e-f9dd-40dd-9e9e-7f165823b9c5">
    <cim:SvVoltage.v>222.821488</cim:SvVoltage.v>
    <cim:SvVoltage.angle>-10.434700</cim:SvVoltage.angle>
    <cim:SvVoltage.TopologicalNode rdf:resource="#_8d7bad8bcc634e0796e362390d9040b6"/>
  </cim:SvVoltage>
  <cim:SvVoltage rdf:ID="_4ad61100-a733-4cbc-96da-648d0ccacf11">
    <cim:SvVoltage.v>224.197341</cim:SvVoltage.v>
    <cim:SvVoltage.angle>-3.591480</cim:SvVoltage.angle>
    <cim:SvVoltage.TopologicalNode rdf:resource="#_795a117d-7caf-4fc2-a8d9-dc8f4cf2344a"/>
  </cim:SvVoltage>
  <cim:SvVoltage rdf:ID="_f4631aac-39bb-436f-a95d-e1db9687f9cb">
    <cim:SvVoltage.v>222.239822</cim:SvVoltage.v>
    <cim:SvVoltage.angle>-10.573800</cim:SvVoltage.angle>
    <cim:SvVoltage.TopologicalNode rdf:resource="#_1fa19c281c8f4e1eaad9e1cab70f923e"/>
  </cim:SvVoltage>
  <cim:SvVoltage rdf:ID="_e63f5376-db61-4891-8e54-dd25546e8292">
    <cim:SvVoltage.v>224.197341</cim:SvVoltage.v>
    <cim:SvVoltage.angle>-3.591480</cim:SvVoltage.angle>
    <cim:SvVoltage.TopologicalNode rdf:resource="#_afddd60d-f7e6-419a-a5c2-be28d29beaf9"/>
  </cim:SvVoltage>
  <cim:SvVoltage rdf:ID="_0a314aef-a951-407d-853c-ecea1ab59fb1">
    <cim:SvVoltage.v>410.488365</cim:SvVoltage.v>
    <cim:SvVoltage.angle>-21.359400</cim:SvVoltage.angle>
    <cim:SvVoltage.TopologicalNode rdf:resource="#_81b0e447-181e-4aec-8921-f1dd7813bebc"/>
  </cim:SvVoltage>
  <cim:SvPowerFlow rdf:ID="_ed3d285e-0e34-40c5-8117-47e757a82ec5">
    <cim:SvPowerFlow.p>86.814383</cim:SvPowerFlow.p>
    <cim:SvPowerFlow.q>-4.958972</cim:SvPowerFlow.q>
    <cim:SvPowerFlow.Terminal rdf:resource="#_26e50b4b-9a19-420d-98ce-bc4f11971cd7"/>
  </cim:SvPowerFlow>
  <cim:SvPowerFlow rdf:ID="_4695d763-2041-4bbd-9208-502b6bca6c7f">
    <cim:SvPowerFlow.p>89.462903</cim:SvPowerFlow.p>
    <cim:SvPowerFlow.q>-1.519011</cim:SvPowerFlow.q>
    <cim:SvPowerFlow.Terminal rdf:resource="#_24dd035c-0a8c-4351-aeb2-08d6622b42ae"/>
  </cim:SvPowerFlow>
  <cim:SvPowerFlow rdf:ID="_28359023-5e46-4aad-8268-4534e2b06c5c">
    <cim:SvPowerFlow.p>11.518776</cim:SvPowerFlow.p>
    <cim:SvPowerFlow.q>-67.377544</cim:SvPowerFlow.q>
    <cim:SvPowerFlow.Terminal rdf:resource="#_f970233f-b573-49d9-9fc3-3a2a59ed3bbb"/>
  </cim:SvPowerFlow>
  <cim:SvPowerFlow rdf:ID="_0d0dca92-454c-401f-a14c-eea2af558b92">
    <cim:SvPowerFlow.p>16.452662</cim:SvPowerFlow.p>
    <cim:SvPowerFlow.q>-64.018020</cim:SvPowerFlow.q>
    <cim:SvPowerFlow.Terminal rdf:resource="#_39d27c17-1e5b-4edc-a7ec-65a2d56542df"/>
  </cim:SvPowerFlow>
  <cim:SvPowerFlow rdf:ID="_9c84d9c5-1c17-49f2-93ad-008dcd86cc9f">
    <cim:SvPowerFlow.p>31.579291</cim:SvPowerFlow.p>
    <cim:SvPowerFlow.q>-120.813760</cim:SvPowerFlow.q>
    <cim:SvPowerFlow.Terminal rdf:resource="#_f48d48c7-e9f6-460c-898f-cc68a96efdeb"/>
  </cim:SvPowerFlow>
  <cim:SvPowerFlow rdf:ID="_7478804e-3a03-450e-afa1-2f122c974c80">
    <cim:SvPowerFlow.p>487.854461</cim:SvPowerFlow.p>
    <cim:SvPowerFlow.q>231.316438</cim:SvPowerFlow.q>
    <cim:SvPowerFlow.Terminal rdf:resource="#_fab54e9c-b12e-4e47-a9f2-fec4ef96c0c0"/>
  </cim:SvPowerFlow>
  <cim:SvPowerFlow rdf:ID="_c20d52f5-2515-48aa-84ca-ec00e4b650e1">
    <cim:SvPowerFlow.p>10.000000</cim:SvPowerFlow.p>
    <cim:SvPowerFlow.q>10.000000</cim:SvPowerFlow.q>
    <cim:SvPowerFlow.Terminal rdf:resource="#_6dad1a97-6874-4206-a5a5-837e495325f8"/>
  </cim:SvPowerFlow>
  <cim:SvPowerFlow rdf:ID="_ca2fb761-1cd0-4bbf-9c0d-96784864aec8">
    <cim:SvPowerFlow.p>90.000000</cim:SvPowerFlow.p>
    <cim:SvPowerFlow.q>280.000000</cim:SvPowerFlow.q>
    <cim:SvPowerFlow.Terminal rdf:resource="#_f461fd2d-1e41-4a3e-8213-7cc33c77a089"/>
  </cim:SvPowerFlow>
  <cim:SvPowerFlow rdf:ID="_f967862c-f683-4f9a-853d-c67411ea2723">
    <cim:SvPowerFlow.p>-140.000000</cim:SvPowerFlow.p>
    <cim:SvPowerFlow.q>-15.855775</cim:SvPowerFlow.q>
    <cim:SvPowerFlow.Terminal rdf:resource="#_ae4b7cbe-349a-41c8-ace2-25ec26f14a64"/>
  </cim:SvPowerFlow>
  <cim:SvPowerFlow rdf:ID="_ef87f87c-26c8-4c54-9be8-13aceb0453ae">
    <cim:SvPowerFlow.p>-150.000000</cim:SvPowerFlow.p>
    <cim:SvPowerFlow.q>-15.855775</cim:SvPowerFlow.q>
    <cim:SvPowerFlow.Terminal rdf:resource="#_f04ecab5-1a12-4cc0-ba56-b157ebf11a42"/>
  </cim:SvPowerFlow>
  <cim:SvPowerFlow rdf:ID="_aeddf77a-b1f0-4535-b216-4131862c50fc">
    <cim:SvPowerFlow.p>-557.884490</cim:SvPowerFlow.p>
    <cim:SvPowerFlow.q>-226.180820</cim:SvPowerFlow.q>
    <cim:SvPowerFlow.Terminal rdf:resource="#_faab7959-f9bf-421b-bc3f-d364e0c1388b"/>
  </cim:SvPowerFlow>
  <cim:SvPowerFlow rdf:ID="_87ad60d1-7258-4e88-afde-60ac198b4acd">
    <cim:SvPowerFlow.p>0e+000</cim:SvPowerFlow.p>
    <cim:SvPowerFlow.q>-52.656468</cim:SvPowerFlow.q>
    <cim:SvPowerFlow.Terminal rdf:resource="#_a015f692-3fc5-4ec3-8d1d-977c7b499e7c"/>
  </cim:SvPowerFlow>
  <cim:SvTapStep rdf:ID="_a18eabab-bf97-40f5-9fc7-60c5d6d21d7b">
    <cim:SvTapStep.position>8</cim:SvTapStep.position>
    <cim:SvTapStep.TapChanger rdf:resource="#_341327c4-9224-40bf-bc33-7a3bb0bae680"/>
  </cim:SvTapStep>
  <cim:SvTapStep rdf:ID="_871a8a2b-5e0a-41a3-8bfa-7017f43ef8a1">
    <cim:SvTapStep.position>17</cim:SvTapStep.position>
    <cim:SvTapStep.TapChanger rdf:resource="#_ee649b97-d2ec-47e1-976f-0f4d9f50fa11"/>
  </cim:SvTapStep>
  <cim:SvTapStep rdf:ID="_d76df6f2-8d74-4681-bc8c-dd29e1d943da">
    <cim:SvTapStep.position>5</cim:SvTapStep.position>
    <cim:SvTapStep.TapChanger rdf:resource="#_44b4277a-0f4b-43a8-ad93-6f7d6ef02061"/>
  </cim:SvTapStep>
  <cim:SvShuntCompensatorSections rdf:ID="_9f2a2ead-8f52-4695-af5b-f31940d65daa">
    <cim:SvShuntCompensatorSections.sections>1</cim:SvShuntCompensatorSections.sections>
    <cim:SvShuntCompensatorSections.ShuntCompensator rdf:resource="#_fbfed7e3-3dec-4829-a286-029e73535685"/>
  </cim:SvShuntCompensatorSections>
  <cim:TopologicalIsland rdf:ID="_f6ed780e-65d9-4dab-9a0b-9a2e493a0546">
    <cim:IdentifiedObject.name>Slack</cim:IdentifiedObject.name>
    <cim:TopologicalIsland.AngleRefTopologicalNode rdf:resource="#_97d7d14a-7294-458f-a8d7-024700a08717"/>
    <cim:TopologicalIsland.TopologicalNodes rdf:resource="#_97d7d14a-7294-458f-a8d7-024700a08717"/>
    <cim:TopologicalIsland.TopologicalNodes rdf:resource="#_6bdc33de-d027-49b7-b98f-3b3d87716615"/>
    <cim:TopologicalIsland.TopologicalNodes rdf:resource="#_795a117d-7caf-4fc2-a8d9-dc8f4cf2344a"/>
    <cim:TopologicalIsland.TopologicalNodes rdf:resource="#_afddd60d-f7e6-419a-a5c2-be28d29beaf9"/>
    <cim:TopologicalIsland.TopologicalNodes rdf:resource="#_81b0e447-181e-4aec-8921-f1dd7813bebc"/>
  </cim:TopologicalIsland>
</rdf:RDF>
