<?xml version="1.0" encoding="utf-8"?>
<rdf:RDF xmlns:rdf="http://www.w3.org/1999/02/22-rdf-syntax-ns#" xmlns:cim="http://iec.ch/TC57/2013/CIM-schema-cim16#" xmlns:entsoe="http://entsoe.eu/CIM/SchemaExtension/3/1#" xmlns:md="http://iec.ch/TC57/61970-552/ModelDescription/1#">
  <md:FullModel rdf:about="urn:uuid:6e64197d-3603-4c26-8c8a-528a6be6d1f3">
    <md:Model.created>2014-10-24T15:43:47</md:Model.created>
    <md:Model.scenarioTime>2014-04-14T15:35:09</md:Model.scenarioTime>
    <md:Model.version>2</md:Model.version>
    <md:Model.DependentOn rdf:resource="urn:uuid:3f7cf068-a142-49eb-8718-36cb6e4ede6b"/>
    <md:Model.DependentOn rdf:resource="urn:uuid:2399cbd1-9a39-11e0-aa80-0800200c9a66"/>
    <md:Model.DependentOn rdf:resource="urn:uuid:db1c3359-8c1f-4e51-94da-f7a81f34e747"/>
    <md:Model.description>CGMES Conformity Assessment: 'MicroGridTestConfiguration....T2 (MAS NL) Test Configuration. The model is owned by ENTSO-E and is provided by ENTSO-E “as it is”. To the fullest extent permitted by law, ENTSO-E shall not be liable for any damages of any kind arising out of the use of the model (including any of its subsequent modifications). ENTSO-E neither warrants, nor represents that the use of the model will not infringe the rights of third parties. Any use of the model shall  include a reference to ENTSO-E. ENTSO-E web site is the only official source of information related to the model.</md:Model.description>
    <md:Model.modelingAuthoritySet>http://tennet.nl/CGMES/2.4.15</md:Model.modelingAuthoritySet>
    <md:Model.profile>http://entsoe.eu/CIM/StateVariables/4/1</md:Model.profile>
    <md:Model.Supersedes rdf:resource="urn:uuid:01b2376f-f18c-4ad8-bc37-bf31dc348dc4"/>
  </md:FullModel>
  <cim:SvVoltage rdf:ID="_732f1704-7f52-4e3f-bc9c-32a1b56e7c22">
    <cim:SvVoltage.v>224.304647</cim:SvVoltage.v>
    <cim:SvVoltage.angle>-3.594650</cim:SvVoltage.angle>
    <cim:SvVoltage.TopologicalNode rdf:resource="#_1098b1c9-dc85-40ce-b65c-39ae02a3afaa"/>
  </cim:SvVoltage>
  <cim:SvVoltage rdf:ID="_9d01a858-b0bd-4fa7-bfb7-bd8b54f29fd1">
    <cim:SvVoltage.v>16.033500</cim:SvVoltage.v>
    <cim:SvVoltage.angle>0e+000</cim:SvVoltage.angle>
    <cim:SvVoltage.TopologicalNode rdf:resource="#_97d7d14a-7294-458f-a8d7-024700a08717"/>
  </cim:SvVoltage>
  <cim:SvVoltage rdf:ID="_33cba5d8-fbdc-44b8-bab8-5d484a46060f">
    <cim:SvVoltage.v>16.017750</cim:SvVoltage.v>
    <cim:SvVoltage.angle>-1.805210</cim:SvVoltage.angle>
    <cim:SvVoltage.TopologicalNode rdf:resource="#_6bdc33de-d027-49b7-b98f-3b3d87716615"/>
  </cim:SvVoltage>
  <cim:SvVoltage rdf:ID="_34814219-f368-4b52-95fd-e7727b0341da">
    <cim:SvVoltage.v>410.445035</cim:SvVoltage.v>
    <cim:SvVoltage.angle>-5.718660</cim:SvVoltage.angle>
    <cim:SvVoltage.TopologicalNode rdf:resource="#_f03d65b2a51049ffa533e433721145c1"/>
  </cim:SvVoltage>
  <cim:SvVoltage rdf:ID="_77562f62-7815-4b8b-91ee-70db4785e84f">
    <cim:SvVoltage.v>412.240601</cim:SvVoltage.v>
    <cim:SvVoltage.angle>-5.812650</cim:SvVoltage.angle>
    <cim:SvVoltage.TopologicalNode rdf:resource="#_9d25a1f9e5d14d47b6dcde99c4380b40"/>
  </cim:SvVoltage>
  <cim:SvVoltage rdf:ID="_3c9bcf90-515f-41e4-b080-875f864646d2">
    <cim:SvVoltage.v>410.713832</cim:SvVoltage.v>
    <cim:SvVoltage.angle>-5.730320</cim:SvVoltage.angle>
    <cim:SvVoltage.TopologicalNode rdf:resource="#_d4affe50316740bdbbf4ae9c7cbf3cfd"/>
  </cim:SvVoltage>
  <cim:SvVoltage rdf:ID="_d11bf144-02c8-478a-81a4-555d1d81dc9c">
    <cim:SvVoltage.v>222.832903</cim:SvVoltage.v>
    <cim:SvVoltage.angle>-4.515090</cim:SvVoltage.angle>
    <cim:SvVoltage.TopologicalNode rdf:resource="#_8d7bad8bcc634e0796e362390d9040b6"/>
  </cim:SvVoltage>
  <cim:SvVoltage rdf:ID="_6774838d-1596-45ff-959e-78224966a308">
    <cim:SvVoltage.v>224.398352</cim:SvVoltage.v>
    <cim:SvVoltage.angle>-3.584410</cim:SvVoltage.angle>
    <cim:SvVoltage.TopologicalNode rdf:resource="#_795a117d-7caf-4fc2-a8d9-dc8f4cf2344a"/>
  </cim:SvVoltage>
  <cim:SvVoltage rdf:ID="_81b853cf-c278-4657-8a16-9dec524123e5">
    <cim:SvVoltage.v>225.716043</cim:SvVoltage.v>
    <cim:SvVoltage.angle>5.679010</cim:SvVoltage.angle>
    <cim:SvVoltage.TopologicalNode rdf:resource="#_1fa19c281c8f4e1eaad9e1cab70f923e"/>
  </cim:SvVoltage>
  <cim:SvVoltage rdf:ID="_0cde0ce2-402a-48f9-b6fd-686ad25c9654">
    <cim:SvVoltage.v>224.398352</cim:SvVoltage.v>
    <cim:SvVoltage.angle>-3.584410</cim:SvVoltage.angle>
    <cim:SvVoltage.TopologicalNode rdf:resource="#_afddd60d-f7e6-419a-a5c2-be28d29beaf9"/>
  </cim:SvVoltage>
  <cim:SvVoltage rdf:ID="_ee6a362a-7859-4a64-9cb0-4c64ca14c8e6">
    <cim:SvVoltage.v>408.096252</cim:SvVoltage.v>
    <cim:SvVoltage.angle>-5.590800</cim:SvVoltage.angle>
    <cim:SvVoltage.TopologicalNode rdf:resource="#_81b0e447-181e-4aec-8921-f1dd7813bebc"/>
  </cim:SvVoltage>
  <cim:SvPowerFlow rdf:ID="_b36ac74e-5b24-4ecf-95ae-01d7b9b70367">
    <cim:SvPowerFlow.p>18.810172</cim:SvPowerFlow.p>
    <cim:SvPowerFlow.q>-84.882950</cim:SvPowerFlow.q>
    <cim:SvPowerFlow.Terminal rdf:resource="#_f970233f-b573-49d9-9fc3-3a2a59ed3bbb"/>
  </cim:SvPowerFlow>
  <cim:SvPowerFlow rdf:ID="_9758c52b-3f6b-4367-9f77-80838ec83b24">
    <cim:SvPowerFlow.p>11.864079</cim:SvPowerFlow.p>
    <cim:SvPowerFlow.q>7.000632</cim:SvPowerFlow.q>
    <cim:SvPowerFlow.Terminal rdf:resource="#_24dd035c-0a8c-4351-aeb2-08d6622b42ae"/>
  </cim:SvPowerFlow>
  <cim:SvPowerFlow rdf:ID="_076ca771-da89-4c01-826f-747189805eb1">
    <cim:SvPowerFlow.p>150.051936</cim:SvPowerFlow.p>
    <cim:SvPowerFlow.q>60.125342</cim:SvPowerFlow.q>
    <cim:SvPowerFlow.Terminal rdf:resource="#_6abb6f6b-35af-4754-aac0-ccbe6a4d8c90"/>
  </cim:SvPowerFlow>
  <cim:SvPowerFlow rdf:ID="_5120d23e-cc66-478c-9ce3-0527d1bd932e">
    <cim:SvPowerFlow.p>45.958880</cim:SvPowerFlow.p>
    <cim:SvPowerFlow.q>-150.885360</cim:SvPowerFlow.q>
    <cim:SvPowerFlow.Terminal rdf:resource="#_f48d48c7-e9f6-460c-898f-cc68a96efdeb"/>
  </cim:SvPowerFlow>
  <cim:SvPowerFlow rdf:ID="_40d0d2f6-3878-478b-a8e9-46a3d2025762">
    <cim:SvPowerFlow.p>23.673336</cim:SvPowerFlow.p>
    <cim:SvPowerFlow.q>-79.934704</cim:SvPowerFlow.q>
    <cim:SvPowerFlow.Terminal rdf:resource="#_39d27c17-1e5b-4edc-a7ec-65a2d56542df"/>
  </cim:SvPowerFlow>
  <cim:SvPowerFlow rdf:ID="_37a1576d-5115-4d97-9405-4ac9070f0aa8">
    <cim:SvPowerFlow.p>487.943271</cim:SvPowerFlow.p>
    <cim:SvPowerFlow.q>231.379483</cim:SvPowerFlow.q>
    <cim:SvPowerFlow.Terminal rdf:resource="#_fab54e9c-b12e-4e47-a9f2-fec4ef96c0c0"/>
  </cim:SvPowerFlow>
  <cim:SvPowerFlow rdf:ID="_915df051-f40c-4533-b0cb-a399eb1cf189">
    <cim:SvPowerFlow.p>10.000000</cim:SvPowerFlow.p>
    <cim:SvPowerFlow.q>10.000000</cim:SvPowerFlow.q>
    <cim:SvPowerFlow.Terminal rdf:resource="#_6dad1a97-6874-4206-a5a5-837e495325f8"/>
  </cim:SvPowerFlow>
  <cim:SvPowerFlow rdf:ID="_21ed7309-8003-406c-bba1-19865415b77a">
    <cim:SvPowerFlow.p>90.000000</cim:SvPowerFlow.p>
    <cim:SvPowerFlow.q>280.000000</cim:SvPowerFlow.q>
    <cim:SvPowerFlow.Terminal rdf:resource="#_f461fd2d-1e41-4a3e-8213-7cc33c77a089"/>
  </cim:SvPowerFlow>
  <cim:SvPowerFlow rdf:ID="_7e7fda1f-ad4e-49fe-b3b7-3ab6f805b8c3">
    <cim:SvPowerFlow.p>-140.000000</cim:SvPowerFlow.p>
    <cim:SvPowerFlow.q>11.529825</cim:SvPowerFlow.q>
    <cim:SvPowerFlow.Terminal rdf:resource="#_ae4b7cbe-349a-41c8-ace2-25ec26f14a64"/>
  </cim:SvPowerFlow>
  <cim:SvPowerFlow rdf:ID="_665fb61d-a2c0-4495-a64d-5ee516331ab2">
    <cim:SvPowerFlow.p>-150.000000</cim:SvPowerFlow.p>
    <cim:SvPowerFlow.q>11.529825</cim:SvPowerFlow.q>
    <cim:SvPowerFlow.Terminal rdf:resource="#_f04ecab5-1a12-4cc0-ba56-b157ebf11a42"/>
  </cim:SvPowerFlow>
  <cim:SvPowerFlow rdf:ID="_bf91bebb-ee8c-4e45-a738-47ad2469acff">
    <cim:SvPowerFlow.p>-570.393080</cim:SvPowerFlow.p>
    <cim:SvPowerFlow.q>-279.320410</cim:SvPowerFlow.q>
    <cim:SvPowerFlow.Terminal rdf:resource="#_faab7959-f9bf-421b-bc3f-d364e0c1388b"/>
  </cim:SvPowerFlow>
  <cim:SvPowerFlow rdf:ID="_bedaa960-b22c-448a-a230-f9dd29602293">
    <cim:SvPowerFlow.p>0e+000</cim:SvPowerFlow.p>
    <cim:SvPowerFlow.q>-52.044547</cim:SvPowerFlow.q>
    <cim:SvPowerFlow.Terminal rdf:resource="#_a015f692-3fc5-4ec3-8d1d-977c7b499e7c"/>
  </cim:SvPowerFlow>
  <cim:SvTapStep rdf:ID="_0d7a1874-1b0d-4e44-a1da-679ecd966188">
    <cim:SvTapStep.position>-2</cim:SvTapStep.position>
    <cim:SvTapStep.TapChanger rdf:resource="#_c1d5c14b8f8011e08e4d00247eb1f55e"/>
  </cim:SvTapStep>
  <cim:SvTapStep rdf:ID="_bfcf892b-4365-43c1-afd4-61ff96104fcf">
    <cim:SvTapStep.position>17</cim:SvTapStep.position>
    <cim:SvTapStep.TapChanger rdf:resource="#_c1d5c1588f8011e08e4d00247eb1f55e"/>
  </cim:SvTapStep>
  <cim:SvTapStep rdf:ID="_b820a182-21c9-44e8-95ae-de42e87cb06e">
    <cim:SvTapStep.position>5</cim:SvTapStep.position>
    <cim:SvTapStep.TapChanger rdf:resource="#_c1d5c1658f8011e08e4d00247eb1f55e"/>
  </cim:SvTapStep>
  <cim:SvShuntCompensatorSections rdf:ID="_6899a299-ca27-4e55-8dde-77ad596acd4f">
    <cim:SvShuntCompensatorSections.sections>1</cim:SvShuntCompensatorSections.sections>
    <cim:SvShuntCompensatorSections.ShuntCompensator rdf:resource="#_fbfed7e3-3dec-4829-a286-029e73535685"/>
  </cim:SvShuntCompensatorSections>
  <cim:TopologicalIsland rdf:ID="_6186212f-8325-41a8-8f2d-64c3b5978911">
    <cim:IdentifiedObject.name>Slack</cim:IdentifiedObject.name>
    <cim:TopologicalIsland.AngleRefTopologicalNode rdf:resource="#_97d7d14a-7294-458f-a8d7-024700a08717"/>
    <cim:TopologicalIsland.TopologicalNodes rdf:resource="#_97d7d14a-7294-458f-a8d7-024700a08717"/>
    <cim:TopologicalIsland.TopologicalNodes rdf:resource="#_6bdc33de-d027-49b7-b98f-3b3d87716615"/>
    <cim:TopologicalIsland.TopologicalNodes rdf:resource="#_795a117d-7caf-4fc2-a8d9-dc8f4cf2344a"/>
    <cim:TopologicalIsland.TopologicalNodes rdf:resource="#_afddd60d-f7e6-419a-a5c2-be28d29beaf9"/>
    <cim:TopologicalIsland.TopologicalNodes rdf:resource="#_81b0e447-181e-4aec-8921-f1dd7813bebc"/>
  </cim:TopologicalIsland>
</rdf:RDF>
