<?xml version="1.0" encoding="utf-8"?>
<rdf:RDF xmlns:rdf="http://www.w3.org/1999/02/22-rdf-syntax-ns#" xmlns:cim="http://iec.ch/TC57/2013/CIM-schema-cim16#" xmlns:entsoe="http://entsoe.eu/CIM/SchemaExtension/3/1#" xmlns:md="http://iec.ch/TC57/61970-552/ModelDescription/1#">
  <md:FullModel rdf:about="urn:uuid:f0f20ee6-8358-4c26-84c9-6b3f84b84c07">
    <md:Model.created>2014-10-24T15:43:47</md:Model.created>
    <md:Model.scenarioTime>2014-04-14T15:35:09</md:Model.scenarioTime>
    <md:Model.version>2</md:Model.version>
    <md:Model.DependentOn rdf:resource="urn:uuid:eaa2449e-f8f5-4ce2-a228-80fb84e45126"/>
    <md:Model.DependentOn rdf:resource="urn:uuid:2399cbd1-9a39-11e0-aa80-0800200c9a66"/>
    <md:Model.DependentOn rdf:resource="urn:uuid:2b5b0420-e505-4650-a094-6708f94d4aad"/>
    <md:Model.description>CGMES Conformity Assessment: 'MicroGridTestConfiguration....T2 (MAS NL) Test Configuration. The model is owned by ENTSO-E and is provided by ENTSO-E “as it is”. To the fullest extent permitted by law, ENTSO-E shall not be liable for any damages of any kind arising out of the use of the model (including any of its subsequent modifications). ENTSO-E neither warrants, nor represents that the use of the model will not infringe the rights of third parties. Any use of the model shall  include a reference to ENTSO-E. ENTSO-E web site is the only official source of information related to the model.</md:Model.description>
    <md:Model.modelingAuthoritySet>http://tennet.nl.HVDC/CGMES/2.4.15</md:Model.modelingAuthoritySet>
    <md:Model.profile>http://entsoe.eu/CIM/StateVariables/4/1</md:Model.profile>
  </md:FullModel>
  <cim:SvVoltage rdf:ID="_54001a15-9bca-4f5d-a6ea-870471c454a8">
    <cim:SvVoltage.v>224.304647</cim:SvVoltage.v>
    <cim:SvVoltage.angle>-3.594650</cim:SvVoltage.angle>
    <cim:SvVoltage.TopologicalNode rdf:resource="#_1098b1c9-dc85-40ce-b65c-39ae02a3afaa"/>
  </cim:SvVoltage>
  <cim:SvVoltage rdf:ID="_fa78a388-83d8-48fb-83f5-d80a343a5daf">
    <cim:SvVoltage.v>410.445035</cim:SvVoltage.v>
    <cim:SvVoltage.angle>-5.718660</cim:SvVoltage.angle>
    <cim:SvVoltage.TopologicalNode rdf:resource="#_f03d65b2a51049ffa533e433721145c1"/>
  </cim:SvVoltage>
  <cim:SvVoltage rdf:ID="_ae7efe9d-cc2f-4843-97c6-f478d1df5db6">
    <cim:SvVoltage.v>412.240601</cim:SvVoltage.v>
    <cim:SvVoltage.angle>-5.812650</cim:SvVoltage.angle>
    <cim:SvVoltage.TopologicalNode rdf:resource="#_9d25a1f9e5d14d47b6dcde99c4380b40"/>
  </cim:SvVoltage>
  <cim:SvVoltage rdf:ID="_2ddedfba-abf0-4ddb-b3cf-a364d69ac7c0">
    <cim:SvVoltage.v>410.713832</cim:SvVoltage.v>
    <cim:SvVoltage.angle>-5.730320</cim:SvVoltage.angle>
    <cim:SvVoltage.TopologicalNode rdf:resource="#_d4affe50316740bdbbf4ae9c7cbf3cfd"/>
  </cim:SvVoltage>
  <cim:SvVoltage rdf:ID="_ebb2bf23-f5ad-4be9-a8f2-1a050474b2a0">
    <cim:SvVoltage.v>222.832903</cim:SvVoltage.v>
    <cim:SvVoltage.angle>-4.515090</cim:SvVoltage.angle>
    <cim:SvVoltage.TopologicalNode rdf:resource="#_8d7bad8bcc634e0796e362390d9040b6"/>
  </cim:SvVoltage>
  <cim:SvVoltage rdf:ID="_5b722d64-3558-4bec-8f3c-86dfc4fcf68f">
    <cim:SvVoltage.v>225.716043</cim:SvVoltage.v>
    <cim:SvVoltage.angle>5.679010</cim:SvVoltage.angle>
    <cim:SvVoltage.TopologicalNode rdf:resource="#_1fa19c281c8f4e1eaad9e1cab70f923e"/>
  </cim:SvVoltage>
  <cim:SvVoltage rdf:ID="_411c4c8c-5c36-434f-8d3b-68274dca3023">
    <cim:SvVoltage.v>124.427328</cim:SvVoltage.v>
    <cim:SvVoltage.angle>-10.499000</cim:SvVoltage.angle>
    <cim:SvVoltage.TopologicalNode rdf:resource="#_b01fe92f-68ab-4123-ae45-f22d3e8daad1"/>
  </cim:SvVoltage>
  <cim:SvVoltage rdf:ID="_9a3ca186-9a35-4929-8af2-52e245d859bd">
    <cim:SvVoltage.v>124.334501</cim:SvVoltage.v>
    <cim:SvVoltage.angle>12.534110</cim:SvVoltage.angle>
    <cim:SvVoltage.TopologicalNode rdf:resource="#_ac772dd8-7910-443f-8af0-a7fca0fb57f9"/>
  </cim:SvVoltage>
  <cim:SvVoltage rdf:ID="_44ddf6ba-da08-43cc-8d75-59693ca47618">
    <cim:SvVoltage.v>224.157402</cim:SvVoltage.v>
    <cim:SvVoltage.angle>-3.639090</cim:SvVoltage.angle>
    <cim:SvVoltage.TopologicalNode rdf:resource="#_c142012a-b652-4c03-9c35-aa0833e71831"/>
  </cim:SvVoltage>
  <cim:SvVoltage rdf:ID="_6ae4ea7d-7add-4140-940d-e5563060c107">
    <cim:SvVoltage.v>225.808184</cim:SvVoltage.v>
    <cim:SvVoltage.angle>5.724049</cim:SvVoltage.angle>
    <cim:SvVoltage.TopologicalNode rdf:resource="#_9f1860f9-2110-4a36-b0a0-f75126040d29"/>
  </cim:SvVoltage>
  <cim:SvPowerFlow rdf:ID="_18a57e2a-9b65-4325-b45c-fe79113c6c83">
    <cim:SvPowerFlow.p>-150.051930</cim:SvPowerFlow.p>
    <cim:SvPowerFlow.q>-60.125341</cim:SvPowerFlow.q>
    <cim:SvPowerFlow.Terminal rdf:resource="#_7f8e72f1-9595-4b2a-9f02-40a72fbd8904"/>
  </cim:SvPowerFlow>
  <cim:SvPowerFlow rdf:ID="_4d48248d-c232-4d54-86e1-d5cedde14d68">
    <cim:SvPowerFlow.p>140.978003</cim:SvPowerFlow.p>
    <cim:SvPowerFlow.q>22.280755</cim:SvPowerFlow.q>
    <cim:SvPowerFlow.Terminal rdf:resource="#_26e50b4b-9a19-420d-98ce-bc4f11971cd7"/>
  </cim:SvPowerFlow>
  <cim:SvTapStep rdf:ID="_18ac367c-c09a-433c-9287-0f6e41332966">
    <cim:SvTapStep.position>-2</cim:SvTapStep.position>
    <cim:SvTapStep.TapChanger rdf:resource="#_f6b6428b-d201-4170-89f3-4f630c662b7c"/>
  </cim:SvTapStep>
  <cim:SvTapStep rdf:ID="_e8773eec-9786-4081-9a1b-2698b32df677">
    <cim:SvTapStep.position>4</cim:SvTapStep.position>
    <cim:SvTapStep.TapChanger rdf:resource="#_f11b9b1d-96df-4f20-af1c-a51d4cdb7467"/>
  </cim:SvTapStep>
  <cim:VsConverter rdf:about="#_76eeb38f-a3ef-4444-9c65-6cb46a7a94da">
    <cim:VsConverter.delta>0</cim:VsConverter.delta>
    <cim:VsConverter.uf>124.427328</cim:VsConverter.uf>
    <cim:ACDCConverter.uc>124.427328</cim:ACDCConverter.uc>
    <cim:ACDCConverter.udc>152.405856</cim:ACDCConverter.udc>
    <cim:ACDCConverter.poleLossP>3.333380</cim:ACDCConverter.poleLossP>
    <cim:ACDCConverter.idc>962.342430</cim:ACDCConverter.idc>
  </cim:VsConverter>
  <cim:VsConverter rdf:about="#_0f05e270-37ea-471d-89fe-aee8a55b932b">
    <cim:VsConverter.delta>0</cim:VsConverter.delta>
    <cim:VsConverter.uf>124.334501</cim:VsConverter.uf>
    <cim:ACDCConverter.uc>124.334501</cim:ACDCConverter.uc>
    <cim:ACDCConverter.udc>150.000000</cim:ACDCConverter.udc>
    <cim:ACDCConverter.poleLossP>3.333385</cim:ACDCConverter.poleLossP>
    <cim:ACDCConverter.idc>962.342430</cim:ACDCConverter.idc>
  </cim:VsConverter>
</rdf:RDF>
