<?xml version="1.0" encoding="utf-8"?>
<rdf:RDF xmlns:rdf="http://www.w3.org/1999/02/22-rdf-syntax-ns#" xmlns:cim="http://iec.ch/TC57/2013/CIM-schema-cim16#" xmlns:entsoe="http://entsoe.eu/CIM/SchemaExtension/3/1#" xmlns:md="http://iec.ch/TC57/61970-552/ModelDescription/1#">
  <md:FullModel rdf:about="urn:uuid:9aea71e9-a59f-4c71-a1bb-dde627ad6f41">
    <md:Model.created>2014-10-24T14:28:37</md:Model.created>
    <md:Model.scenarioTime>2014-10-24T12:02:49</md:Model.scenarioTime>
    <md:Model.version>2</md:Model.version>
    <md:Model.DependentOn rdf:resource="urn:uuid:34e5b362-7771-4a8f-a5a8-571f76de9f41"/>
    <md:Model.DependentOn rdf:resource="urn:uuid:2399cbd0-9a39-11e0-aa80-0800200c9a66"/>
    <md:Model.description>CGMES Conformity Assessment: 'MicroGridTestConfiguration....T1 (Assembled) Test Configuration. The model is owned by ENTSO-E and is provided by ENTSO-E “as it is”. To the fullest extent permitted by law, ENTSO-E shall not be liable for any damages of any kind arising out of the use of the model (including any of its subsequent modifications). ENTSO-E neither warrants, nor represents that the use of the model will not infringe the rights of third parties. Any use of the model shall  include a reference to ENTSO-E. ENTSO-E web site is the only official source of information related to the model.</md:Model.description>
    <md:Model.modelingAuthoritySet>http://elia.be/CGMES/2.4.15</md:Model.modelingAuthoritySet>
    <md:Model.profile>http://entsoe.eu/CIM/GeographicalLocation/2/1</md:Model.profile>
    <md:Model.Supersedes rdf:resource="urn:uuid:9e383122-10cf-4da3-9785-f404b3541588"/>
  </md:FullModel>
  <cim:CoordinateSystem rdf:ID="_0cd7d8aa-01ff-48d2-a2fc-80472ab2f664">
    <cim:IdentifiedObject.name>WGS84</cim:IdentifiedObject.name>
    <cim:CoordinateSystem.crsUrn>urn:ogc:def:crs:EPSG::4326</cim:CoordinateSystem.crsUrn>
  </cim:CoordinateSystem>
  <cim:Location rdf:ID="_9651f17a-2fb1-464e-835e-c9f0a07dbc4c">
    <cim:Location.PowerSystemResources rdf:resource="#_87f7002b-056f-4a6a-a872-1744eea757e3"/>
    <cim:Location.CoordinateSystem rdf:resource="#_0cd7d8aa-01ff-48d2-a2fc-80472ab2f664"/>
  </cim:Location>
  <cim:PositionPoint rdf:ID="_789fe0da-a904-40ea-a1ad-441fc673ecfd">
    <cim:PositionPoint.sequenceNumber>1</cim:PositionPoint.sequenceNumber>
    <cim:PositionPoint.Location rdf:resource="#_9651f17a-2fb1-464e-835e-c9f0a07dbc4c"/>
    <cim:PositionPoint.xPosition>4.259260</cim:PositionPoint.xPosition>
    <cim:PositionPoint.yPosition>51.325100</cim:PositionPoint.yPosition>
  </cim:PositionPoint>
  <cim:Location rdf:ID="_3cd7dd7d-9ab1-41cd-8bb9-951cde72aceb">
    <cim:Location.PowerSystemResources rdf:resource="#_37e14a0f-5e34-4647-a062-8bfd9305fa9d"/>
    <cim:Location.CoordinateSystem rdf:resource="#_0cd7d8aa-01ff-48d2-a2fc-80472ab2f664"/>
  </cim:Location>
  <cim:PositionPoint rdf:ID="_1c253963-b044-4a37-8a36-034f3934811e">
    <cim:PositionPoint.sequenceNumber>1</cim:PositionPoint.sequenceNumber>
    <cim:PositionPoint.Location rdf:resource="#_3cd7dd7d-9ab1-41cd-8bb9-951cde72aceb"/>
    <cim:PositionPoint.xPosition>4.300890</cim:PositionPoint.xPosition>
    <cim:PositionPoint.yPosition>50.803800</cim:PositionPoint.yPosition>
  </cim:PositionPoint>
  <cim:Location rdf:ID="_2ac5ccbf-8301-4f82-8418-ba5499df5106">
    <cim:Location.PowerSystemResources rdf:resource="#_a16b4a6c-70b1-4abf-9a9d-bd0fa47f9fe4"/>
    <cim:Location.CoordinateSystem rdf:resource="#_0cd7d8aa-01ff-48d2-a2fc-80472ab2f664"/>
  </cim:Location>
  <cim:PositionPoint rdf:ID="_3359f8dc-e763-409b-ac20-b0514dff13cd">
    <cim:PositionPoint.sequenceNumber>1</cim:PositionPoint.sequenceNumber>
    <cim:PositionPoint.Location rdf:resource="#_2ac5ccbf-8301-4f82-8418-ba5499df5106"/>
    <cim:PositionPoint.xPosition>4.888920</cim:PositionPoint.xPosition>
    <cim:PositionPoint.yPosition>51.913800</cim:PositionPoint.yPosition>
  </cim:PositionPoint>
  <cim:PositionPoint rdf:ID="_ba9a9015-e79f-49d0-bc23-fcd744b56806">
    <cim:PositionPoint.sequenceNumber>3</cim:PositionPoint.sequenceNumber>
    <cim:PositionPoint.Location rdf:resource="#_2ac5ccbf-8301-4f82-8418-ba5499df5106"/>
    <cim:PositionPoint.xPosition>4.847720</cim:PositionPoint.xPosition>
    <cim:PositionPoint.yPosition>51.612900</cim:PositionPoint.yPosition>
  </cim:PositionPoint>
  <cim:PositionPoint rdf:ID="_23532479-77a6-42c8-895d-8dd96c179ee3">
    <cim:PositionPoint.sequenceNumber>5</cim:PositionPoint.sequenceNumber>
    <cim:PositionPoint.Location rdf:resource="#_2ac5ccbf-8301-4f82-8418-ba5499df5106"/>
    <cim:PositionPoint.xPosition>4.259260</cim:PositionPoint.xPosition>
    <cim:PositionPoint.yPosition>51.325100</cim:PositionPoint.yPosition>
  </cim:PositionPoint>
  <cim:Location rdf:ID="_29662013-f641-4ef1-ab97-a8279c06e32c">
    <cim:Location.PowerSystemResources rdf:resource="#_b58bf21a-096a-4dae-9a01-3f03b60c24c7"/>
    <cim:Location.CoordinateSystem rdf:resource="#_0cd7d8aa-01ff-48d2-a2fc-80472ab2f664"/>
  </cim:Location>
  <cim:PositionPoint rdf:ID="_bb16ad94-739a-4114-8f44-7c57b50379b1">
    <cim:PositionPoint.sequenceNumber>1</cim:PositionPoint.sequenceNumber>
    <cim:PositionPoint.Location rdf:resource="#_29662013-f641-4ef1-ab97-a8279c06e32c"/>
    <cim:PositionPoint.xPosition>4.301130</cim:PositionPoint.xPosition>
    <cim:PositionPoint.yPosition>50.803500</cim:PositionPoint.yPosition>
  </cim:PositionPoint>
  <cim:PositionPoint rdf:ID="_cc86438d-33f1-4602-b2bb-32012a2edec2">
    <cim:PositionPoint.sequenceNumber>3</cim:PositionPoint.sequenceNumber>
    <cim:PositionPoint.Location rdf:resource="#_29662013-f641-4ef1-ab97-a8279c06e32c"/>
    <cim:PositionPoint.xPosition>4.345090</cim:PositionPoint.xPosition>
    <cim:PositionPoint.yPosition>50.916900</cim:PositionPoint.yPosition>
  </cim:PositionPoint>
  <cim:PositionPoint rdf:ID="_048f980b-a235-4bcb-a573-438344d10d6e">
    <cim:PositionPoint.sequenceNumber>5</cim:PositionPoint.sequenceNumber>
    <cim:PositionPoint.Location rdf:resource="#_29662013-f641-4ef1-ab97-a8279c06e32c"/>
    <cim:PositionPoint.xPosition>4.295650</cim:PositionPoint.xPosition>
    <cim:PositionPoint.yPosition>51.044800</cim:PositionPoint.yPosition>
  </cim:PositionPoint>
  <cim:PositionPoint rdf:ID="_0e65fef8-9904-4a08-be0b-04a05f1b031e">
    <cim:PositionPoint.sequenceNumber>7</cim:PositionPoint.sequenceNumber>
    <cim:PositionPoint.Location rdf:resource="#_29662013-f641-4ef1-ab97-a8279c06e32c"/>
    <cim:PositionPoint.xPosition>4.383540</cim:PositionPoint.xPosition>
    <cim:PositionPoint.yPosition>51.157000</cim:PositionPoint.yPosition>
  </cim:PositionPoint>
  <cim:PositionPoint rdf:ID="_99d25e0a-2a7d-4ffa-86ff-6fd4efd0216f">
    <cim:PositionPoint.sequenceNumber>9</cim:PositionPoint.sequenceNumber>
    <cim:PositionPoint.Location rdf:resource="#_29662013-f641-4ef1-ab97-a8279c06e32c"/>
    <cim:PositionPoint.xPosition>4.259260</cim:PositionPoint.xPosition>
    <cim:PositionPoint.yPosition>51.325100</cim:PositionPoint.yPosition>
  </cim:PositionPoint>
  <cim:Location rdf:ID="_5e08451a-9c56-4d59-94a7-d59b4f808858">
    <cim:Location.PowerSystemResources rdf:resource="#_78736387-5f60-4832-b3fe-d50daf81b0a6"/>
    <cim:Location.CoordinateSystem rdf:resource="#_0cd7d8aa-01ff-48d2-a2fc-80472ab2f664"/>
  </cim:Location>
  <cim:PositionPoint rdf:ID="_fa1da6d7-de46-43b5-9533-854997796b99">
    <cim:PositionPoint.sequenceNumber>1</cim:PositionPoint.sequenceNumber>
    <cim:PositionPoint.Location rdf:resource="#_5e08451a-9c56-4d59-94a7-d59b4f808858"/>
    <cim:PositionPoint.xPosition>4.301730</cim:PositionPoint.xPosition>
    <cim:PositionPoint.yPosition>50.803000</cim:PositionPoint.yPosition>
  </cim:PositionPoint>
  <cim:PositionPoint rdf:ID="_290a7992-e839-4de9-8748-e276bd756875">
    <cim:PositionPoint.sequenceNumber>3</cim:PositionPoint.sequenceNumber>
    <cim:PositionPoint.Location rdf:resource="#_5e08451a-9c56-4d59-94a7-d59b4f808858"/>
    <cim:PositionPoint.xPosition>4.690460</cim:PositionPoint.xPosition>
    <cim:PositionPoint.yPosition>50.899400</cim:PositionPoint.yPosition>
  </cim:PositionPoint>
  <cim:PositionPoint rdf:ID="_e3548b96-c6b1-4a24-a489-542ffa21b785">
    <cim:PositionPoint.sequenceNumber>5</cim:PositionPoint.sequenceNumber>
    <cim:PositionPoint.Location rdf:resource="#_5e08451a-9c56-4d59-94a7-d59b4f808858"/>
    <cim:PositionPoint.xPosition>5.088250</cim:PositionPoint.xPosition>
    <cim:PositionPoint.yPosition>51.302600</cim:PositionPoint.yPosition>
  </cim:PositionPoint>
  <cim:PositionPoint rdf:ID="_8cd3e388-4ef1-4832-9d00-05ae4807b491">
    <cim:PositionPoint.sequenceNumber>7</cim:PositionPoint.sequenceNumber>
    <cim:PositionPoint.Location rdf:resource="#_5e08451a-9c56-4d59-94a7-d59b4f808858"/>
    <cim:PositionPoint.xPosition>5.072940</cim:PositionPoint.xPosition>
    <cim:PositionPoint.yPosition>51.876500</cim:PositionPoint.yPosition>
  </cim:PositionPoint>
  <cim:Location rdf:ID="_596e0eee-6f4f-40db-81df-49c71f9df566">
    <cim:Location.PowerSystemResources rdf:resource="#_ed0c5d75-4a54-43c8-b782-b20d7431630b"/>
    <cim:Location.CoordinateSystem rdf:resource="#_0cd7d8aa-01ff-48d2-a2fc-80472ab2f664"/>
  </cim:Location>
  <cim:PositionPoint rdf:ID="_27e2e00e-8831-4e5d-a74a-931b98bf06fc">
    <cim:PositionPoint.sequenceNumber>1</cim:PositionPoint.sequenceNumber>
    <cim:PositionPoint.Location rdf:resource="#_596e0eee-6f4f-40db-81df-49c71f9df566"/>
    <cim:PositionPoint.xPosition>4.301730</cim:PositionPoint.xPosition>
    <cim:PositionPoint.yPosition>50.803000</cim:PositionPoint.yPosition>
  </cim:PositionPoint>
  <cim:PositionPoint rdf:ID="_9d862623-da50-4a81-aa3f-885aa8df09d8">
    <cim:PositionPoint.sequenceNumber>3</cim:PositionPoint.sequenceNumber>
    <cim:PositionPoint.Location rdf:resource="#_596e0eee-6f4f-40db-81df-49c71f9df566"/>
    <cim:PositionPoint.xPosition>4.690460</cim:PositionPoint.xPosition>
    <cim:PositionPoint.yPosition>50.899400</cim:PositionPoint.yPosition>
  </cim:PositionPoint>
  <cim:PositionPoint rdf:ID="_bf3b93bd-9a17-4ff0-926c-ea98e02d8d46">
    <cim:PositionPoint.sequenceNumber>5</cim:PositionPoint.sequenceNumber>
    <cim:PositionPoint.Location rdf:resource="#_596e0eee-6f4f-40db-81df-49c71f9df566"/>
    <cim:PositionPoint.xPosition>5.088250</cim:PositionPoint.xPosition>
    <cim:PositionPoint.yPosition>51.302600</cim:PositionPoint.yPosition>
  </cim:PositionPoint>
  <cim:PositionPoint rdf:ID="_8ce9ffca-eaba-438c-8364-ce2740b783bc">
    <cim:PositionPoint.sequenceNumber>7</cim:PositionPoint.sequenceNumber>
    <cim:PositionPoint.Location rdf:resource="#_596e0eee-6f4f-40db-81df-49c71f9df566"/>
    <cim:PositionPoint.xPosition>5.071860</cim:PositionPoint.xPosition>
    <cim:PositionPoint.yPosition>51.875600</cim:PositionPoint.yPosition>
  </cim:PositionPoint>
  <cim:Location rdf:ID="_e647dd78-4187-4d79-ac09-d3d661df41f5">
    <cim:Location.PowerSystemResources rdf:resource="#_b18cd1aa-7808-49b9-a7cf-605eaf07b006"/>
    <cim:Location.CoordinateSystem rdf:resource="#_0cd7d8aa-01ff-48d2-a2fc-80472ab2f664"/>
  </cim:Location>
  <cim:PositionPoint rdf:ID="_41a37766-2d7c-4779-93b0-5494ed0a56f2">
    <cim:PositionPoint.sequenceNumber>1</cim:PositionPoint.sequenceNumber>
    <cim:PositionPoint.Location rdf:resource="#_e647dd78-4187-4d79-ac09-d3d661df41f5"/>
    <cim:PositionPoint.xPosition>4.301730</cim:PositionPoint.xPosition>
    <cim:PositionPoint.yPosition>50.803000</cim:PositionPoint.yPosition>
  </cim:PositionPoint>
  <cim:PositionPoint rdf:ID="_ff63cadd-834c-445b-a969-394679a625b5">
    <cim:PositionPoint.sequenceNumber>3</cim:PositionPoint.sequenceNumber>
    <cim:PositionPoint.Location rdf:resource="#_e647dd78-4187-4d79-ac09-d3d661df41f5"/>
    <cim:PositionPoint.xPosition>4.690460</cim:PositionPoint.xPosition>
    <cim:PositionPoint.yPosition>50.899400</cim:PositionPoint.yPosition>
  </cim:PositionPoint>
  <cim:PositionPoint rdf:ID="_a59643d5-31ac-447e-84d5-511725e14525">
    <cim:PositionPoint.sequenceNumber>5</cim:PositionPoint.sequenceNumber>
    <cim:PositionPoint.Location rdf:resource="#_e647dd78-4187-4d79-ac09-d3d661df41f5"/>
    <cim:PositionPoint.xPosition>5.088250</cim:PositionPoint.xPosition>
    <cim:PositionPoint.yPosition>51.302600</cim:PositionPoint.yPosition>
  </cim:PositionPoint>
  <cim:PositionPoint rdf:ID="_e708338b-82c7-4499-bebd-ac3475deec0d">
    <cim:PositionPoint.sequenceNumber>7</cim:PositionPoint.sequenceNumber>
    <cim:PositionPoint.Location rdf:resource="#_e647dd78-4187-4d79-ac09-d3d661df41f5"/>
    <cim:PositionPoint.xPosition>5.070580</cim:PositionPoint.xPosition>
    <cim:PositionPoint.yPosition>51.873100</cim:PositionPoint.yPosition>
  </cim:PositionPoint>
  <cim:Location rdf:ID="_b7d0a6a6-f817-49b6-a10a-a15b5496f8f0">
    <cim:Location.PowerSystemResources rdf:resource="#_ffbabc27-1ccd-4fdc-b037-e341706c8d29"/>
    <cim:Location.CoordinateSystem rdf:resource="#_0cd7d8aa-01ff-48d2-a2fc-80472ab2f664"/>
  </cim:Location>
  <cim:PositionPoint rdf:ID="_5fa8a814-f73d-42c4-8a74-de021d1b6b7f">
    <cim:PositionPoint.sequenceNumber>1</cim:PositionPoint.sequenceNumber>
    <cim:PositionPoint.Location rdf:resource="#_b7d0a6a6-f817-49b6-a10a-a15b5496f8f0"/>
    <cim:PositionPoint.xPosition>4.301130</cim:PositionPoint.xPosition>
    <cim:PositionPoint.yPosition>50.803500</cim:PositionPoint.yPosition>
  </cim:PositionPoint>
  <cim:PositionPoint rdf:ID="_f601f853-affa-4f6b-8143-7c952d250c1c">
    <cim:PositionPoint.sequenceNumber>3</cim:PositionPoint.sequenceNumber>
    <cim:PositionPoint.Location rdf:resource="#_b7d0a6a6-f817-49b6-a10a-a15b5496f8f0"/>
    <cim:PositionPoint.xPosition>4.345090</cim:PositionPoint.xPosition>
    <cim:PositionPoint.yPosition>50.916900</cim:PositionPoint.yPosition>
  </cim:PositionPoint>
  <cim:PositionPoint rdf:ID="_4819a4a1-71c8-4a2c-ae96-3367bc0e5385">
    <cim:PositionPoint.sequenceNumber>5</cim:PositionPoint.sequenceNumber>
    <cim:PositionPoint.Location rdf:resource="#_b7d0a6a6-f817-49b6-a10a-a15b5496f8f0"/>
    <cim:PositionPoint.xPosition>4.295650</cim:PositionPoint.xPosition>
    <cim:PositionPoint.yPosition>51.044800</cim:PositionPoint.yPosition>
  </cim:PositionPoint>
  <cim:PositionPoint rdf:ID="_54c20c38-be04-4319-93fe-0889d3472a98">
    <cim:PositionPoint.sequenceNumber>7</cim:PositionPoint.sequenceNumber>
    <cim:PositionPoint.Location rdf:resource="#_b7d0a6a6-f817-49b6-a10a-a15b5496f8f0"/>
    <cim:PositionPoint.xPosition>4.383540</cim:PositionPoint.xPosition>
    <cim:PositionPoint.yPosition>51.157000</cim:PositionPoint.yPosition>
  </cim:PositionPoint>
  <cim:PositionPoint rdf:ID="_2cfe2075-5e1b-4cbd-8208-32028ad2810b">
    <cim:PositionPoint.sequenceNumber>9</cim:PositionPoint.sequenceNumber>
    <cim:PositionPoint.Location rdf:resource="#_b7d0a6a6-f817-49b6-a10a-a15b5496f8f0"/>
    <cim:PositionPoint.xPosition>4.259260</cim:PositionPoint.xPosition>
    <cim:PositionPoint.yPosition>51.325100</cim:PositionPoint.yPosition>
  </cim:PositionPoint>
  <cim:Location rdf:ID="_9952be30-b756-4e8d-a6dc-87c83efbf7a1">
    <cim:Location.PowerSystemResources rdf:resource="#_17086487-56ba-4979-b8de-064025a6b4da"/>
    <cim:Location.CoordinateSystem rdf:resource="#_0cd7d8aa-01ff-48d2-a2fc-80472ab2f664"/>
  </cim:Location>
  <cim:PositionPoint rdf:ID="_f764690c-fdf4-4efe-9f74-bc10860b7fd0">
    <cim:PositionPoint.sequenceNumber>1</cim:PositionPoint.sequenceNumber>
    <cim:PositionPoint.Location rdf:resource="#_9952be30-b756-4e8d-a6dc-87c83efbf7a1"/>
    <cim:PositionPoint.xPosition>4.887980</cim:PositionPoint.xPosition>
    <cim:PositionPoint.yPosition>51.912700</cim:PositionPoint.yPosition>
  </cim:PositionPoint>
  <cim:PositionPoint rdf:ID="_5b498185-0c46-4bd4-b3f5-f3e66528b60e">
    <cim:PositionPoint.sequenceNumber>3</cim:PositionPoint.sequenceNumber>
    <cim:PositionPoint.Location rdf:resource="#_9952be30-b756-4e8d-a6dc-87c83efbf7a1"/>
    <cim:PositionPoint.xPosition>4.846830</cim:PositionPoint.xPosition>
    <cim:PositionPoint.yPosition>51.612100</cim:PositionPoint.yPosition>
  </cim:PositionPoint>
</rdf:RDF>
