<?xml version="1.0" encoding="utf-8"?>
<rdf:RDF xmlns:rdf="http://www.w3.org/1999/02/22-rdf-syntax-ns#" xmlns:cim="http://iec.ch/TC57/2013/CIM-schema-cim16#" xmlns:entsoe="http://entsoe.eu/CIM/SchemaExtension/3/1#" xmlns:md="http://iec.ch/TC57/61970-552/ModelDescription/1#">
  <md:FullModel rdf:about="urn:uuid:_e49d6770-1630-4317-9ec2-fc8be5f92701">
    <md:Model.created>2014-10-24T14:28:37</md:Model.created>
    <md:Model.scenarioTime>2014-10-24T12:02:49</md:Model.scenarioTime>
    <md:Model.version>2</md:Model.version>
    <md:Model.DependentOn rdf:resource="urn:uuid:34e5b362-7771-4a8f-a5a8-571f76de9f41"/>
    <md:Model.DependentOn rdf:resource="urn:uuid:ec68a1f1-2396-4d6c-9479-716fd328e05f"/>
    <md:Model.DependentOn rdf:resource="urn:uuid:558c68be-45bc-4cd6-9389-491aad7f809f"/>
    <md:Model.DependentOn rdf:resource="urn:uuid:2399cbd1-9a39-11e0-aa80-0800200c9a66"/>
    <md:Model.DependentOn rdf:resource="urn:uuid:3a4b6367-7c3e-4946-a1a1-c3a43c58fad3"/>
    <md:Model.description>CGMES Conformity Assessment: 'MicroGridTestConfiguration....T1 (Assembled) Test Configuration. The model is owned by ENTSO-E and is provided by ENTSO-E “as it is”. To the fullest extent permitted by law, ENTSO-E shall not be liable for any damages of any kind arising out of the use of the model (including any of its subsequent modifications). ENTSO-E neither warrants, nor represents that the use of the model will not infringe the rights of third parties. Any use of the model shall  include a reference to ENTSO-E. ENTSO-E web site is the only official source of information related to the model.</md:Model.description>
    <md:Model.profile>http://entsoe.eu/CIM/StateVariables/4/1</md:Model.profile>
    <md:Model.Supersedes rdf:resource="urn:uuid:_5d0e030d-38b8-4c1f-bf43-b444e0f3a0e1"/>
  </md:FullModel>
  <cim:SvVoltage rdf:ID="_5f1246af-a974-4a1b-8a08-c13241ede1cb">
    <cim:SvVoltage.v>412.989258</cim:SvVoltage.v>
    <cim:SvVoltage.angle>-6.789010</cim:SvVoltage.angle>
    <cim:SvVoltage.TopologicalNode rdf:resource="#_e44141af-f1dc-44d3-bfa4-b674e5c953d7"/>
  </cim:SvVoltage>
  <cim:SvVoltage rdf:ID="_fdc67044-50b5-4e7e-9e86-5d6e25deb556">
    <cim:SvVoltage.v>16.033500</cim:SvVoltage.v>
    <cim:SvVoltage.angle>0e+000</cim:SvVoltage.angle>
    <cim:SvVoltage.TopologicalNode rdf:resource="#_97d7d14a-7294-458f-a8d7-024700a08717"/>
  </cim:SvVoltage>
  <cim:SvVoltage rdf:ID="_81b705da-697e-4a32-b0fd-0d98d380b039">
    <cim:SvVoltage.v>224.315838</cim:SvVoltage.v>
    <cim:SvVoltage.angle>-8.779640</cim:SvVoltage.angle>
    <cim:SvVoltage.TopologicalNode rdf:resource="#_99b219f3-4593-428b-a4da-124a54630178"/>
  </cim:SvVoltage>
  <cim:SvVoltage rdf:ID="_4d06eb35-cd19-4fc4-9385-c89c45e86b8c">
    <cim:SvVoltage.v>16.017750</cim:SvVoltage.v>
    <cim:SvVoltage.angle>-1.716110</cim:SvVoltage.angle>
    <cim:SvVoltage.TopologicalNode rdf:resource="#_6bdc33de-d027-49b7-b98f-3b3d87716615"/>
  </cim:SvVoltage>
  <cim:SvVoltage rdf:ID="_5264f1e9-3129-4026-a91f-f778a3f4ab24">
    <cim:SvVoltage.v>410.881757</cim:SvVoltage.v>
    <cim:SvVoltage.angle>-6.584290</cim:SvVoltage.angle>
    <cim:SvVoltage.TopologicalNode rdf:resource="#_f03d65b2a51049ffa533e433721145c1"/>
  </cim:SvVoltage>
  <cim:SvVoltage rdf:ID="_00b5d906-9314-41c3-a8a9-18a51dd674fe">
    <cim:SvVoltage.v>412.611575</cim:SvVoltage.v>
    <cim:SvVoltage.angle>-6.755170</cim:SvVoltage.angle>
    <cim:SvVoltage.TopologicalNode rdf:resource="#_9d25a1f9e5d14d47b6dcde99c4380b40"/>
  </cim:SvVoltage>
  <cim:SvVoltage rdf:ID="_b4f3bc44-6e25-4f9b-9122-0045e8ffbbcd">
    <cim:SvVoltage.v>411.151687</cim:SvVoltage.v>
    <cim:SvVoltage.angle>-6.595950</cim:SvVoltage.angle>
    <cim:SvVoltage.TopologicalNode rdf:resource="#_d4affe50316740bdbbf4ae9c7cbf3cfd"/>
  </cim:SvVoltage>
  <cim:SvVoltage rdf:ID="_da85ec58-4db6-4ba7-8ee7-819b3facbbe6">
    <cim:SvVoltage.v>225.496236</cim:SvVoltage.v>
    <cim:SvVoltage.angle>-5.585730</cim:SvVoltage.angle>
    <cim:SvVoltage.TopologicalNode rdf:resource="#_8d7bad8bcc634e0796e362390d9040b6"/>
  </cim:SvVoltage>
  <cim:SvVoltage rdf:ID="_bb5f8be8-8c8b-47b4-b16d-a6feda059d3a">
    <cim:SvVoltage.v>225.126196</cim:SvVoltage.v>
    <cim:SvVoltage.angle>-3.491940</cim:SvVoltage.angle>
    <cim:SvVoltage.TopologicalNode rdf:resource="#_795a117d-7caf-4fc2-a8d9-dc8f4cf2344a"/>
  </cim:SvVoltage>
  <cim:SvVoltage rdf:ID="_236d060f-011e-4e5f-bf9e-936c20e31381">
    <cim:SvVoltage.v>224.965529</cim:SvVoltage.v>
    <cim:SvVoltage.angle>-5.644090</cim:SvVoltage.angle>
    <cim:SvVoltage.TopologicalNode rdf:resource="#_1fa19c281c8f4e1eaad9e1cab70f923e"/>
  </cim:SvVoltage>
  <cim:SvVoltage rdf:ID="_29256627-7e04-4043-bb9b-321861e6c548">
    <cim:SvVoltage.v>225.126196</cim:SvVoltage.v>
    <cim:SvVoltage.angle>-3.491940</cim:SvVoltage.angle>
    <cim:SvVoltage.TopologicalNode rdf:resource="#_afddd60d-f7e6-419a-a5c2-be28d29beaf9"/>
  </cim:SvVoltage>
  <cim:SvVoltage rdf:ID="_2ea921cd-8f8f-48c1-bcb5-b4e35d795cfb">
    <cim:SvVoltage.v>408.617263</cim:SvVoltage.v>
    <cim:SvVoltage.angle>-6.361820</cim:SvVoltage.angle>
    <cim:SvVoltage.TopologicalNode rdf:resource="#_81b0e447-181e-4aec-8921-f1dd7813bebc"/>
  </cim:SvVoltage>
  <cim:SvVoltage rdf:ID="_a2585012-e800-44a9-bbbd-792af5a2e3a0">
    <cim:SvVoltage.v>224.871552</cim:SvVoltage.v>
    <cim:SvVoltage.angle>-7.632820</cim:SvVoltage.angle>
    <cim:SvVoltage.TopologicalNode rdf:resource="#_f70f6bad-eb8d-4b8f-8431-4ab93581514e"/>
  </cim:SvVoltage>
  <cim:SvVoltage rdf:ID="_48c9fa25-f221-4470-beb2-1f5fc33ceee4">
    <cim:SvVoltage.v>10.820749</cim:SvVoltage.v>
    <cim:SvVoltage.angle>-7.065810</cim:SvVoltage.angle>
    <cim:SvVoltage.TopologicalNode rdf:resource="#_a81d08ed-f51d-4538-8d1e-fb2d0dbd128e"/>
  </cim:SvVoltage>
  <cim:SvVoltage rdf:ID="_0a841f89-3abb-4f1b-8be7-b1dda05e1d9f">
    <cim:SvVoltage.v>21.987000</cim:SvVoltage.v>
    <cim:SvVoltage.angle>-6.665000</cim:SvVoltage.angle>
    <cim:SvVoltage.TopologicalNode rdf:resource="#_f96d552a-618d-4d0c-a39a-2dea3c411dee"/>
  </cim:SvVoltage>
  <cim:SvVoltage rdf:ID="_a1632f76-a405-4b96-8685-276975536d2b">
    <cim:SvVoltage.v>115.500000</cim:SvVoltage.v>
    <cim:SvVoltage.angle>-9.399980</cim:SvVoltage.angle>
    <cim:SvVoltage.TopologicalNode rdf:resource="#_5c74cb26-ce2f-40c6-951d-89091eb781b6"/>
  </cim:SvVoltage>
  <cim:SvPowerFlow rdf:ID="_07a21bbf-7221-4eeb-b0cc-ee4a1891302b">
    <cim:SvPowerFlow.p>43.805750</cim:SvPowerFlow.p>
    <cim:SvPowerFlow.q>-84.896230</cim:SvPowerFlow.q>
    <cim:SvPowerFlow.Terminal rdf:resource="#_f970233f-b573-49d9-9fc3-3a2a59ed3bbb"/>
  </cim:SvPowerFlow>
  <cim:SvPowerFlow rdf:ID="_4d6c6a44-6628-4690-9279-c57c5cdb3d01">
    <cim:SvPowerFlow.p>27.396260</cim:SvPowerFlow.p>
    <cim:SvPowerFlow.q>-0.427170</cim:SvPowerFlow.q>
    <cim:SvPowerFlow.Terminal rdf:resource="#_24dd035c-0a8c-4351-aeb2-08d6622b42ae"/>
  </cim:SvPowerFlow>
  <cim:SvPowerFlow rdf:ID="_a9a214ea-0642-4bf0-97bd-3a44c4b84246">
    <cim:SvPowerFlow.p>26.834974</cim:SvPowerFlow.p>
    <cim:SvPowerFlow.q>-1.492525</cim:SvPowerFlow.q>
    <cim:SvPowerFlow.Terminal rdf:resource="#_26e50b4b-9a19-420d-98ce-bc4f11971cd7"/>
  </cim:SvPowerFlow>
  <cim:SvPowerFlow rdf:ID="_8d831f29-bdd1-4c95-a555-0474bcab273d">
    <cim:SvPowerFlow.p>-26.834973</cim:SvPowerFlow.p>
    <cim:SvPowerFlow.q>1.492525</cim:SvPowerFlow.q>
    <cim:SvPowerFlow.Terminal rdf:resource="#_4a7363a4-0b21-4f65-8bba-33e3a8f6bac3"/>
  </cim:SvPowerFlow>
  <cim:SvPowerFlow rdf:ID="_221a5800-7882-4427-a092-ad8cec85e856">
    <cim:SvPowerFlow.p>-27.396260</cim:SvPowerFlow.p>
    <cim:SvPowerFlow.q>0.427170</cim:SvPowerFlow.q>
    <cim:SvPowerFlow.Terminal rdf:resource="#_d238885e-d9b6-4edc-8567-6a68c605ed67"/>
  </cim:SvPowerFlow>
  <cim:SvPowerFlow rdf:ID="_109aad95-1902-47d6-9019-c79c88df0caf">
    <cim:SvPowerFlow.p>-43.805750</cim:SvPowerFlow.p>
    <cim:SvPowerFlow.q>84.896230</cim:SvPowerFlow.q>
    <cim:SvPowerFlow.Terminal rdf:resource="#_c41978db-794b-4bae-953e-60fc519e87dd"/>
  </cim:SvPowerFlow>
  <cim:SvPowerFlow rdf:ID="_c8e4a22a-ead9-4b83-aaec-2b4f62b16456">
    <cim:SvPowerFlow.p>-46.927400</cim:SvPowerFlow.p>
    <cim:SvPowerFlow.q>79.208187</cim:SvPowerFlow.q>
    <cim:SvPowerFlow.Terminal rdf:resource="#_53072f42-f77b-47e2-bd9a-e097c910b173"/>
  </cim:SvPowerFlow>
  <cim:SvPowerFlow rdf:ID="_1fca8c10-e313-4b7b-ba24-ce5f03ee7742">
    <cim:SvPowerFlow.p>-90.248678</cim:SvPowerFlow.p>
    <cim:SvPowerFlow.q>148.627050</cim:SvPowerFlow.q>
    <cim:SvPowerFlow.Terminal rdf:resource="#_b9539c41-d114-4280-8a54-8ecec398091e"/>
  </cim:SvPowerFlow>
  <cim:SvPowerFlow rdf:ID="_f50df180-4176-4640-8d6e-3c70dd193e7e">
    <cim:SvPowerFlow.p>90.248679</cim:SvPowerFlow.p>
    <cim:SvPowerFlow.q>-148.627050</cim:SvPowerFlow.q>
    <cim:SvPowerFlow.Terminal rdf:resource="#_f48d48c7-e9f6-460c-898f-cc68a96efdeb"/>
  </cim:SvPowerFlow>
  <cim:SvPowerFlow rdf:ID="_e178f104-f8b5-432f-8eaf-03c250f7df5a">
    <cim:SvPowerFlow.p>46.927400</cim:SvPowerFlow.p>
    <cim:SvPowerFlow.q>-79.208187</cim:SvPowerFlow.q>
    <cim:SvPowerFlow.Terminal rdf:resource="#_39d27c17-1e5b-4edc-a7ec-65a2d56542df"/>
  </cim:SvPowerFlow>
  <cim:SvPowerFlow rdf:ID="_0675c2fa-fab2-433d-9041-e6aa9d772881">
    <cim:SvPowerFlow.p>488.264846</cim:SvPowerFlow.p>
    <cim:SvPowerFlow.q>231.607761</cim:SvPowerFlow.q>
    <cim:SvPowerFlow.Terminal rdf:resource="#_fab54e9c-b12e-4e47-a9f2-fec4ef96c0c0"/>
  </cim:SvPowerFlow>
  <cim:SvPowerFlow rdf:ID="_e4877abd-c2d4-431b-a44b-38d0c6e2ca1e">
    <cim:SvPowerFlow.p>10.000000</cim:SvPowerFlow.p>
    <cim:SvPowerFlow.q>10.000000</cim:SvPowerFlow.q>
    <cim:SvPowerFlow.Terminal rdf:resource="#_6dad1a97-6874-4206-a5a5-837e495325f8"/>
  </cim:SvPowerFlow>
  <cim:SvPowerFlow rdf:ID="_382454c7-3ac1-43e5-a8fd-2d0e20caf888">
    <cim:SvPowerFlow.p>90.000000</cim:SvPowerFlow.p>
    <cim:SvPowerFlow.q>280.000000</cim:SvPowerFlow.q>
    <cim:SvPowerFlow.Terminal rdf:resource="#_f461fd2d-1e41-4a3e-8213-7cc33c77a089"/>
  </cim:SvPowerFlow>
  <cim:SvPowerFlow rdf:ID="_b8af4afc-d138-44f7-b4c8-6a0c5978dab8">
    <cim:SvPowerFlow.p>1.000000</cim:SvPowerFlow.p>
    <cim:SvPowerFlow.q>0e+000</cim:SvPowerFlow.q>
    <cim:SvPowerFlow.Terminal rdf:resource="#_b9376bea-c75d-49f3-94ca-6a71fa0086a5"/>
  </cim:SvPowerFlow>
  <cim:SvPowerFlow rdf:ID="_28b5ee92-ce94-4021-b3f2-0dafd273e28a">
    <cim:SvPowerFlow.p>200.000000</cim:SvPowerFlow.p>
    <cim:SvPowerFlow.q>50.000000</cim:SvPowerFlow.q>
    <cim:SvPowerFlow.Terminal rdf:resource="#_a036b765-1669-4f64-acd3-1e8fbd513312"/>
  </cim:SvPowerFlow>
  <cim:SvPowerFlow rdf:ID="_e8e719fe-0d10-4f11-bdc1-db8fbbfbf990">
    <cim:SvPowerFlow.p>200.000000</cim:SvPowerFlow.p>
    <cim:SvPowerFlow.q>90.000000</cim:SvPowerFlow.q>
    <cim:SvPowerFlow.Terminal rdf:resource="#_cbdf1842-74ed-4fce-a5d4-0296c82cbc92"/>
  </cim:SvPowerFlow>
  <cim:SvPowerFlow rdf:ID="_616a78aa-423c-4db8-9680-865edafffd53">
    <cim:SvPowerFlow.p>-140.000000</cim:SvPowerFlow.p>
    <cim:SvPowerFlow.q>26.673136</cim:SvPowerFlow.q>
    <cim:SvPowerFlow.Terminal rdf:resource="#_ae4b7cbe-349a-41c8-ace2-25ec26f14a64"/>
  </cim:SvPowerFlow>
  <cim:SvPowerFlow rdf:ID="_41988a44-b479-4edc-b860-1a2881129814">
    <cim:SvPowerFlow.p>-150.000000</cim:SvPowerFlow.p>
    <cim:SvPowerFlow.q>26.673136</cim:SvPowerFlow.q>
    <cim:SvPowerFlow.Terminal rdf:resource="#_f04ecab5-1a12-4cc0-ba56-b157ebf11a42"/>
  </cim:SvPowerFlow>
  <cim:SvPowerFlow rdf:ID="_b6228c0f-bc6b-4495-82ed-04405179238d">
    <cim:SvPowerFlow.p>-557.219230</cim:SvPowerFlow.p>
    <cim:SvPowerFlow.q>-249.237250</cim:SvPowerFlow.q>
    <cim:SvPowerFlow.Terminal rdf:resource="#_faab7959-f9bf-421b-bc3f-d364e0c1388b"/>
  </cim:SvPowerFlow>
  <cim:SvPowerFlow rdf:ID="_9df13b6e-5adf-4e16-b397-349a2d4f2543">
    <cim:SvPowerFlow.p>-90.000000</cim:SvPowerFlow.p>
    <cim:SvPowerFlow.q>51.126769</cim:SvPowerFlow.q>
    <cim:SvPowerFlow.Terminal rdf:resource="#_beffa353-7d10-421d-9c08-036b744b1cee"/>
  </cim:SvPowerFlow>
  <cim:SvPowerFlow rdf:ID="_1f28ee97-b185-422c-b140-bbad17baf16d">
    <cim:SvPowerFlow.p>-117.495810</cim:SvPowerFlow.p>
    <cim:SvPowerFlow.q>-92.681978</cim:SvPowerFlow.q>
    <cim:SvPowerFlow.Terminal rdf:resource="#_4bb5407b-b4a5-416c-80ad-1a778ada2b9b"/>
  </cim:SvPowerFlow>
  <cim:SvPowerFlow rdf:ID="_22cab54c-ca6d-42e2-b089-9339a7e3aebf">
    <cim:SvPowerFlow.p>0e+000</cim:SvPowerFlow.p>
    <cim:SvPowerFlow.q>-52.177521</cim:SvPowerFlow.q>
    <cim:SvPowerFlow.Terminal rdf:resource="#_a015f692-3fc5-4ec3-8d1d-977c7b499e7c"/>
  </cim:SvPowerFlow>
  <cim:SvPowerFlow rdf:ID="_2d6421ed-bb2e-48b5-9c14-ac3217d78a6b">
    <cim:SvPowerFlow.p>1.181164</cim:SvPowerFlow.p>
    <cim:SvPowerFlow.q>-59.058215</cim:SvPowerFlow.q>
    <cim:SvPowerFlow.Terminal rdf:resource="#_22af3121-1a66-4546-bd80-4371f417c644"/>
  </cim:SvPowerFlow>
  <cim:SvPowerFlow rdf:ID="_e00e4b27-05f4-407f-8334-e03520f0a0ee">
    <cim:SvPowerFlow.p>0e+000</cim:SvPowerFlow.p>
    <cim:SvPowerFlow.q>-330.750000</cim:SvPowerFlow.q>
    <cim:SvPowerFlow.Terminal rdf:resource="#_d5e2e58e-ccf6-47d9-b3bb-3088eb7a9b6c"/>
  </cim:SvPowerFlow>
  <cim:SvTapStep rdf:ID="_9b0f8db9-135c-4a5f-9aa3-6a75ef0833b3">
    <cim:SvTapStep.position>-2</cim:SvTapStep.position>
    <cim:SvTapStep.TapChanger rdf:resource="#_c1d5c14b8f8011e08e4d00247eb1f55e"/>
  </cim:SvTapStep>
  <cim:SvTapStep rdf:ID="_d4632a3f-d778-493a-acd7-503912abd37a">
    <cim:SvTapStep.position>17</cim:SvTapStep.position>
    <cim:SvTapStep.TapChanger rdf:resource="#_c1d5c1588f8011e08e4d00247eb1f55e"/>
  </cim:SvTapStep>
  <cim:SvTapStep rdf:ID="_65607260-41b1-411f-8a05-cbae8babaea9">
    <cim:SvTapStep.position>5</cim:SvTapStep.position>
    <cim:SvTapStep.TapChanger rdf:resource="#_c1d5c1658f8011e08e4d00247eb1f55e"/>
  </cim:SvTapStep>
  <cim:SvTapStep rdf:ID="_f0535884-3faa-44ac-aa41-b5d7aa3376e2">
    <cim:SvTapStep.position>18</cim:SvTapStep.position>
    <cim:SvTapStep.TapChanger rdf:resource="#_83cc66dd-8d93-4a2c-8103-f1f5a9cf7e2e"/>
  </cim:SvTapStep>
  <cim:SvTapStep rdf:ID="_c4706f3a-d98f-4492-b0c2-2991949a7773">
    <cim:SvTapStep.position>10</cim:SvTapStep.position>
    <cim:SvTapStep.TapChanger rdf:resource="#_955d9cd0-4a10-4031-b008-60c0dc340a07"/>
  </cim:SvTapStep>
  <cim:SvTapStep rdf:ID="_f9b5b405-910e-4dad-8f51-2cc885e11a93">
    <cim:SvTapStep.position>16</cim:SvTapStep.position>
    <cim:SvTapStep.TapChanger rdf:resource="#_6ebbef67-3061-4236-a6fd-6ccc4595f6c3"/>
  </cim:SvTapStep>
  <cim:SvTapStep rdf:ID="_d20fe9ea-0de1-4221-b7ac-1f66c5b95cce">
    <cim:SvTapStep.position>17</cim:SvTapStep.position>
    <cim:SvTapStep.TapChanger rdf:resource="#_fe25f43a-7341-446e-a71a-8ab7119ba806"/>
  </cim:SvTapStep>
  <cim:SvShuntCompensatorSections rdf:ID="_84836f5c-d867-4053-9d87-13b1b85b513e">
    <cim:SvShuntCompensatorSections.sections>1</cim:SvShuntCompensatorSections.sections>
    <cim:SvShuntCompensatorSections.ShuntCompensator rdf:resource="#_fbfed7e3-3dec-4829-a286-029e73535685"/>
  </cim:SvShuntCompensatorSections>
  <cim:SvShuntCompensatorSections rdf:ID="_305135e3-5276-4d5b-9c63-6e9e54c7b67d">
    <cim:SvShuntCompensatorSections.sections>1</cim:SvShuntCompensatorSections.sections>
    <cim:SvShuntCompensatorSections.ShuntCompensator rdf:resource="#_002b0a40-3957-46db-b84a-30420083558f"/>
  </cim:SvShuntCompensatorSections>
  <cim:SvShuntCompensatorSections rdf:ID="_c5ab8e80-00f1-4d6f-b469-3b3e789e190b">
    <cim:SvShuntCompensatorSections.sections>1</cim:SvShuntCompensatorSections.sections>
    <cim:SvShuntCompensatorSections.ShuntCompensator rdf:resource="#_d771118f-36e9-4115-a128-cc3d9ce3e3da"/>
  </cim:SvShuntCompensatorSections>
  <cim:TopologicalIsland rdf:ID="_26b57eac-d4b8-4cce-9df7-5588d7011e74">
    <cim:IdentifiedObject.name>Slack</cim:IdentifiedObject.name>
    <cim:TopologicalIsland.AngleRefTopologicalNode rdf:resource="#_97d7d14a-7294-458f-a8d7-024700a08717"/>
    <cim:TopologicalIsland.TopologicalNodes rdf:resource="#_e44141af-f1dc-44d3-bfa4-b674e5c953d7"/>
    <cim:TopologicalIsland.TopologicalNodes rdf:resource="#_97d7d14a-7294-458f-a8d7-024700a08717"/>
    <cim:TopologicalIsland.TopologicalNodes rdf:resource="#_99b219f3-4593-428b-a4da-124a54630178"/>
    <cim:TopologicalIsland.TopologicalNodes rdf:resource="#_6bdc33de-d027-49b7-b98f-3b3d87716615"/>
    <cim:TopologicalIsland.TopologicalNodes rdf:resource="#_795a117d-7caf-4fc2-a8d9-dc8f4cf2344a"/>
    <cim:TopologicalIsland.TopologicalNodes rdf:resource="#_afddd60d-f7e6-419a-a5c2-be28d29beaf9"/>
    <cim:TopologicalIsland.TopologicalNodes rdf:resource="#_81b0e447-181e-4aec-8921-f1dd7813bebc"/>
    <cim:TopologicalIsland.TopologicalNodes rdf:resource="#_f70f6bad-eb8d-4b8f-8431-4ab93581514e"/>
    <cim:TopologicalIsland.TopologicalNodes rdf:resource="#_a81d08ed-f51d-4538-8d1e-fb2d0dbd128e"/>
    <cim:TopologicalIsland.TopologicalNodes rdf:resource="#_f96d552a-618d-4d0c-a39a-2dea3c411dee"/>
    <cim:TopologicalIsland.TopologicalNodes rdf:resource="#_5c74cb26-ce2f-40c6-951d-89091eb781b6"/>
  </cim:TopologicalIsland>
</rdf:RDF>
