<?xml version="1.0" encoding="utf-8"?>
<rdf:RDF xmlns:rdf="http://www.w3.org/1999/02/22-rdf-syntax-ns#" xmlns:cim="http://iec.ch/TC57/2013/CIM-schema-cim16#" xmlns:entsoe="http://entsoe.eu/CIM/SchemaExtension/3/1#" xmlns:md="http://iec.ch/TC57/61970-552/ModelDescription/1#">
  <md:FullModel rdf:about="urn:uuid:_46adba53-0034-44d2-ac07-b34ebc4618c9">
    <md:Model.created>2014-10-24T16:36:33</md:Model.created>
    <md:Model.scenarioTime>2014-03-28T10:13:02</md:Model.scenarioTime>
    <md:Model.version>2</md:Model.version>
    <md:Model.DependentOn rdf:resource="urn:uuid:96adadbe-902b-4cd6-9fc8-01a56ecbee79"/>
    <md:Model.DependentOn rdf:resource="urn:uuid:19d9a263-529d-4f6c-8221-3a8a45de347b"/>
    <md:Model.DependentOn rdf:resource="urn:uuid:cb9dee24-b0c9-436d-a2f0-5c09bf095148"/>
    <md:Model.DependentOn rdf:resource="urn:uuid:2399cbd1-9a39-11e0-aa80-0800200c9a66"/>
    <md:Model.DependentOn rdf:resource="urn:uuid:806f9f1b-ff69-4fb5-80f9-a8f393d31ebb"/>
    <md:Model.description>CGMES Conformity Assessment: 'MicroGridTestConfiguration....T4(Assembled) Test Configuration. The model is owned by ENTSO-E and is provided by ENTSO-E “as it is”. To the fullest extent permitted by law, ENTSO-E shall not be liable for any damages of any kind arising out of the use of the model (including any of its subsequent modifications). ENTSO-E neither warrants, nor represents that the use of the model will not infringe the rights of third parties. Any use of the model shall  include a reference to ENTSO-E. ENTSO-E web site is the only official source of information related to the model.</md:Model.description>
    <md:Model.profile>http://entsoe.eu/CIM/StateVariables/4/1</md:Model.profile>
    <md:Model.Supersedes rdf:resource="urn:uuid:_5d0e030d-38b8-4c1f-bf43-b444e0f3a0e1"/>
  </md:FullModel>
  <cim:SvVoltage rdf:ID="_54ec0b61-0607-46e2-b5e0-ddce10ec7e52">
    <cim:SvVoltage.v>414.114413</cim:SvVoltage.v>
    <cim:SvVoltage.angle>-21.526500</cim:SvVoltage.angle>
    <cim:SvVoltage.TopologicalNode rdf:resource="#_e44141af-f1dc-44d3-bfa4-b674e5c953d7"/>
  </cim:SvVoltage>
  <cim:SvVoltage rdf:ID="_575d7ea1-7162-43f2-8a11-868ca9a18a7c">
    <cim:SvVoltage.v>16.033500</cim:SvVoltage.v>
    <cim:SvVoltage.angle>0e+000</cim:SvVoltage.angle>
    <cim:SvVoltage.TopologicalNode rdf:resource="#_97d7d14a-7294-458f-a8d7-024700a08717"/>
  </cim:SvVoltage>
  <cim:SvVoltage rdf:ID="_b07ca8cd-a942-4f57-b3f2-8fb87f3f1942">
    <cim:SvVoltage.v>224.156562</cim:SvVoltage.v>
    <cim:SvVoltage.angle>-21.796200</cim:SvVoltage.angle>
    <cim:SvVoltage.TopologicalNode rdf:resource="#_99b219f3-4593-428b-a4da-124a54630178"/>
  </cim:SvVoltage>
  <cim:SvVoltage rdf:ID="_b9ad4991-0835-4a8d-9a75-4a9065a9ed7a">
    <cim:SvVoltage.v>16.017750</cim:SvVoltage.v>
    <cim:SvVoltage.angle>-1.811100</cim:SvVoltage.angle>
    <cim:SvVoltage.TopologicalNode rdf:resource="#_6bdc33de-d027-49b7-b98f-3b3d87716615"/>
  </cim:SvVoltage>
  <cim:SvVoltage rdf:ID="_3e34fa6b-6327-4166-8f7c-79228aa99d93">
    <cim:SvVoltage.v>412.382599</cim:SvVoltage.v>
    <cim:SvVoltage.angle>-21.451000</cim:SvVoltage.angle>
    <cim:SvVoltage.TopologicalNode rdf:resource="#_f03d65b2a51049ffa533e433721145c1"/>
  </cim:SvVoltage>
  <cim:SvVoltage rdf:ID="_5bc88f23-0c39-4232-b509-2e29f77a64ed">
    <cim:SvVoltage.v>413.803877</cim:SvVoltage.v>
    <cim:SvVoltage.angle>-21.515800</cim:SvVoltage.angle>
    <cim:SvVoltage.TopologicalNode rdf:resource="#_9d25a1f9e5d14d47b6dcde99c4380b40"/>
  </cim:SvVoltage>
  <cim:SvVoltage rdf:ID="_8d29e877-6c98-477a-a892-14df5922f23b">
    <cim:SvVoltage.v>412.652394</cim:SvVoltage.v>
    <cim:SvVoltage.angle>-21.462800</cim:SvVoltage.angle>
    <cim:SvVoltage.TopologicalNode rdf:resource="#_d4affe50316740bdbbf4ae9c7cbf3cfd"/>
  </cim:SvVoltage>
  <cim:SvVoltage rdf:ID="_f6973411-912c-4dd5-bc20-f6d222215f93">
    <cim:SvVoltage.v>222.821488</cim:SvVoltage.v>
    <cim:SvVoltage.angle>-10.434700</cim:SvVoltage.angle>
    <cim:SvVoltage.TopologicalNode rdf:resource="#_8d7bad8bcc634e0796e362390d9040b6"/>
  </cim:SvVoltage>
  <cim:SvVoltage rdf:ID="_26c753db-4d2f-4fa1-b2bc-d42009d5b0fe">
    <cim:SvVoltage.v>224.197341</cim:SvVoltage.v>
    <cim:SvVoltage.angle>-3.591480</cim:SvVoltage.angle>
    <cim:SvVoltage.TopologicalNode rdf:resource="#_795a117d-7caf-4fc2-a8d9-dc8f4cf2344a"/>
  </cim:SvVoltage>
  <cim:SvVoltage rdf:ID="_52a142d3-39b7-4864-9484-4d724c7e124f">
    <cim:SvVoltage.v>222.239822</cim:SvVoltage.v>
    <cim:SvVoltage.angle>-10.573800</cim:SvVoltage.angle>
    <cim:SvVoltage.TopologicalNode rdf:resource="#_1fa19c281c8f4e1eaad9e1cab70f923e"/>
  </cim:SvVoltage>
  <cim:SvVoltage rdf:ID="_9336c976-b801-4efb-8d00-bcced5431c10">
    <cim:SvVoltage.v>224.197341</cim:SvVoltage.v>
    <cim:SvVoltage.angle>-3.591480</cim:SvVoltage.angle>
    <cim:SvVoltage.TopologicalNode rdf:resource="#_afddd60d-f7e6-419a-a5c2-be28d29beaf9"/>
  </cim:SvVoltage>
  <cim:SvVoltage rdf:ID="_b8d475ee-19b1-408e-a460-38385f320c01">
    <cim:SvVoltage.v>223.435281</cim:SvVoltage.v>
    <cim:SvVoltage.angle>-17.412200</cim:SvVoltage.angle>
    <cim:SvVoltage.TopologicalNode rdf:resource="#_23b65c6b-2351-4673-89e9-1895c7291543"/>
  </cim:SvVoltage>
  <cim:SvVoltage rdf:ID="_207d66ba-e938-4d01-8aca-65f265c69f75">
    <cim:SvVoltage.v>410.488365</cim:SvVoltage.v>
    <cim:SvVoltage.angle>-21.359400</cim:SvVoltage.angle>
    <cim:SvVoltage.TopologicalNode rdf:resource="#_81b0e447-181e-4aec-8921-f1dd7813bebc"/>
  </cim:SvVoltage>
  <cim:SvVoltage rdf:ID="_9fe0c075-a39e-46f4-a3e8-96254dcd0bd3">
    <cim:SvVoltage.v>223.435281</cim:SvVoltage.v>
    <cim:SvVoltage.angle>-17.412200</cim:SvVoltage.angle>
    <cim:SvVoltage.TopologicalNode rdf:resource="#_f70f6bad-eb8d-4b8f-8431-4ab93581514e"/>
  </cim:SvVoltage>
  <cim:SvVoltage rdf:ID="_fca29c34-14f8-425d-bd18-a0243ab25b1b">
    <cim:SvVoltage.v>10.816961</cim:SvVoltage.v>
    <cim:SvVoltage.angle>-19.642100</cim:SvVoltage.angle>
    <cim:SvVoltage.TopologicalNode rdf:resource="#_a81d08ed-f51d-4538-8d1e-fb2d0dbd128e"/>
  </cim:SvVoltage>
  <cim:SvVoltage rdf:ID="_e87e4374-5813-46ce-b9e0-4da9e0f35ca0">
    <cim:SvVoltage.v>21.987000</cim:SvVoltage.v>
    <cim:SvVoltage.angle>-20.588300</cim:SvVoltage.angle>
    <cim:SvVoltage.TopologicalNode rdf:resource="#_f96d552a-618d-4d0c-a39a-2dea3c411dee"/>
  </cim:SvVoltage>
  <cim:SvVoltage rdf:ID="_252d27d8-503f-4c74-ad56-8ee3237a1350">
    <cim:SvVoltage.v>115.500000</cim:SvVoltage.v>
    <cim:SvVoltage.angle>-22.029800</cim:SvVoltage.angle>
    <cim:SvVoltage.TopologicalNode rdf:resource="#_5c74cb26-ce2f-40c6-951d-89091eb781b6"/>
  </cim:SvVoltage>
  <cim:SvPowerFlow rdf:ID="_4fbc4134-3e1b-4366-9bf5-6d7f604b9fdb">
    <cim:SvPowerFlow.p>-31.579291</cim:SvPowerFlow.p>
    <cim:SvPowerFlow.q>120.813763</cim:SvPowerFlow.q>
    <cim:SvPowerFlow.Terminal rdf:resource="#_b9539c41-d114-4280-8a54-8ecec398091e"/>
  </cim:SvPowerFlow>
  <cim:SvPowerFlow rdf:ID="_5ee82470-ee11-4de4-8352-78ca18a5815b">
    <cim:SvPowerFlow.p>-16.452661</cim:SvPowerFlow.p>
    <cim:SvPowerFlow.q>64.018020</cim:SvPowerFlow.q>
    <cim:SvPowerFlow.Terminal rdf:resource="#_53072f42-f77b-47e2-bd9a-e097c910b173"/>
  </cim:SvPowerFlow>
  <cim:SvPowerFlow rdf:ID="_7b72632b-e05e-4ec6-965f-271d763ce9e3">
    <cim:SvPowerFlow.p>-11.518775</cim:SvPowerFlow.p>
    <cim:SvPowerFlow.q>67.377544</cim:SvPowerFlow.q>
    <cim:SvPowerFlow.Terminal rdf:resource="#_c41978db-794b-4bae-953e-60fc519e87dd"/>
  </cim:SvPowerFlow>
  <cim:SvPowerFlow rdf:ID="_e2a88258-876a-44d3-afdd-ad39fc0900c2">
    <cim:SvPowerFlow.p>-89.462903</cim:SvPowerFlow.p>
    <cim:SvPowerFlow.q>1.519011</cim:SvPowerFlow.q>
    <cim:SvPowerFlow.Terminal rdf:resource="#_d238885e-d9b6-4edc-8567-6a68c605ed67"/>
  </cim:SvPowerFlow>
  <cim:SvPowerFlow rdf:ID="_3ca3f653-a556-4f60-b98c-c90bc5f5acd0">
    <cim:SvPowerFlow.p>-86.814383</cim:SvPowerFlow.p>
    <cim:SvPowerFlow.q>4.958972</cim:SvPowerFlow.q>
    <cim:SvPowerFlow.Terminal rdf:resource="#_4a7363a4-0b21-4f65-8bba-33e3a8f6bac3"/>
  </cim:SvPowerFlow>
  <cim:SvPowerFlow rdf:ID="_5c253041-20ae-44c2-b3d8-68a4d4ab1b1d">
    <cim:SvPowerFlow.p>86.814383</cim:SvPowerFlow.p>
    <cim:SvPowerFlow.q>-4.958972</cim:SvPowerFlow.q>
    <cim:SvPowerFlow.Terminal rdf:resource="#_26e50b4b-9a19-420d-98ce-bc4f11971cd7"/>
  </cim:SvPowerFlow>
  <cim:SvPowerFlow rdf:ID="_cea9a916-6791-4359-962d-28f6fa9523f9">
    <cim:SvPowerFlow.p>89.462903</cim:SvPowerFlow.p>
    <cim:SvPowerFlow.q>-1.519011</cim:SvPowerFlow.q>
    <cim:SvPowerFlow.Terminal rdf:resource="#_24dd035c-0a8c-4351-aeb2-08d6622b42ae"/>
  </cim:SvPowerFlow>
  <cim:SvPowerFlow rdf:ID="_efa12678-61ab-497b-854a-debc66f6fd64">
    <cim:SvPowerFlow.p>11.518776</cim:SvPowerFlow.p>
    <cim:SvPowerFlow.q>-67.377544</cim:SvPowerFlow.q>
    <cim:SvPowerFlow.Terminal rdf:resource="#_f970233f-b573-49d9-9fc3-3a2a59ed3bbb"/>
  </cim:SvPowerFlow>
  <cim:SvPowerFlow rdf:ID="_749329ae-8604-4843-85c9-a80d1cf61024">
    <cim:SvPowerFlow.p>16.452662</cim:SvPowerFlow.p>
    <cim:SvPowerFlow.q>-64.018020</cim:SvPowerFlow.q>
    <cim:SvPowerFlow.Terminal rdf:resource="#_39d27c17-1e5b-4edc-a7ec-65a2d56542df"/>
  </cim:SvPowerFlow>
  <cim:SvPowerFlow rdf:ID="_71d4564a-d06b-47ee-ac26-ef63e0787380">
    <cim:SvPowerFlow.p>31.579291</cim:SvPowerFlow.p>
    <cim:SvPowerFlow.q>-120.813760</cim:SvPowerFlow.q>
    <cim:SvPowerFlow.Terminal rdf:resource="#_f48d48c7-e9f6-460c-898f-cc68a96efdeb"/>
  </cim:SvPowerFlow>
  <cim:SvPowerFlow rdf:ID="_30b27cc0-79d4-49a4-9f0f-11356fe149c6">
    <cim:SvPowerFlow.p>487.854461</cim:SvPowerFlow.p>
    <cim:SvPowerFlow.q>231.316438</cim:SvPowerFlow.q>
    <cim:SvPowerFlow.Terminal rdf:resource="#_fab54e9c-b12e-4e47-a9f2-fec4ef96c0c0"/>
  </cim:SvPowerFlow>
  <cim:SvPowerFlow rdf:ID="_be7eb9f5-80f1-4e56-939c-f1d10c2d4853">
    <cim:SvPowerFlow.p>10.000000</cim:SvPowerFlow.p>
    <cim:SvPowerFlow.q>10.000000</cim:SvPowerFlow.q>
    <cim:SvPowerFlow.Terminal rdf:resource="#_6dad1a97-6874-4206-a5a5-837e495325f8"/>
  </cim:SvPowerFlow>
  <cim:SvPowerFlow rdf:ID="_de73acbd-f20c-41cf-83db-833b9de735b3">
    <cim:SvPowerFlow.p>90.000000</cim:SvPowerFlow.p>
    <cim:SvPowerFlow.q>280.000000</cim:SvPowerFlow.q>
    <cim:SvPowerFlow.Terminal rdf:resource="#_f461fd2d-1e41-4a3e-8213-7cc33c77a089"/>
  </cim:SvPowerFlow>
  <cim:SvPowerFlow rdf:ID="_74f282d5-0710-4dc7-bf78-48a843d8677f">
    <cim:SvPowerFlow.p>1.000000</cim:SvPowerFlow.p>
    <cim:SvPowerFlow.q>0e+000</cim:SvPowerFlow.q>
    <cim:SvPowerFlow.Terminal rdf:resource="#_b9376bea-c75d-49f3-94ca-6a71fa0086a5"/>
  </cim:SvPowerFlow>
  <cim:SvPowerFlow rdf:ID="_47ed61b4-5bcd-4a8f-be32-692be02108e7">
    <cim:SvPowerFlow.p>200.000000</cim:SvPowerFlow.p>
    <cim:SvPowerFlow.q>50.000000</cim:SvPowerFlow.q>
    <cim:SvPowerFlow.Terminal rdf:resource="#_a036b765-1669-4f64-acd3-1e8fbd513312"/>
  </cim:SvPowerFlow>
  <cim:SvPowerFlow rdf:ID="_dcfa40d8-274e-4f9c-bfaf-0c11fab7027a">
    <cim:SvPowerFlow.p>200.000000</cim:SvPowerFlow.p>
    <cim:SvPowerFlow.q>90.000000</cim:SvPowerFlow.q>
    <cim:SvPowerFlow.Terminal rdf:resource="#_cbdf1842-74ed-4fce-a5d4-0296c82cbc92"/>
  </cim:SvPowerFlow>
  <cim:SvPowerFlow rdf:ID="_c1278d76-49e3-4f30-9fcb-e452f927de62">
    <cim:SvPowerFlow.p>-140.000000</cim:SvPowerFlow.p>
    <cim:SvPowerFlow.q>-15.855775</cim:SvPowerFlow.q>
    <cim:SvPowerFlow.Terminal rdf:resource="#_ae4b7cbe-349a-41c8-ace2-25ec26f14a64"/>
  </cim:SvPowerFlow>
  <cim:SvPowerFlow rdf:ID="_004058c8-7aa1-4e5f-a39a-c2f9d2d744cc">
    <cim:SvPowerFlow.p>-150.000000</cim:SvPowerFlow.p>
    <cim:SvPowerFlow.q>-15.855775</cim:SvPowerFlow.q>
    <cim:SvPowerFlow.Terminal rdf:resource="#_f04ecab5-1a12-4cc0-ba56-b157ebf11a42"/>
  </cim:SvPowerFlow>
  <cim:SvPowerFlow rdf:ID="_534be883-4441-4acb-afaf-16356070d40c">
    <cim:SvPowerFlow.p>-557.884490</cim:SvPowerFlow.p>
    <cim:SvPowerFlow.q>-226.180820</cim:SvPowerFlow.q>
    <cim:SvPowerFlow.Terminal rdf:resource="#_faab7959-f9bf-421b-bc3f-d364e0c1388b"/>
  </cim:SvPowerFlow>
  <cim:SvPowerFlow rdf:ID="_4e7c08fe-a49c-437e-a800-932732adac63">
    <cim:SvPowerFlow.p>-118.000000</cim:SvPowerFlow.p>
    <cim:SvPowerFlow.q>-85.603401</cim:SvPowerFlow.q>
    <cim:SvPowerFlow.Terminal rdf:resource="#_4bb5407b-b4a5-416c-80ad-1a778ada2b9b"/>
  </cim:SvPowerFlow>
  <cim:SvPowerFlow rdf:ID="_d2f58d39-328f-4817-b1a8-8e4e3faa0a98">
    <cim:SvPowerFlow.p>-90.000000</cim:SvPowerFlow.p>
    <cim:SvPowerFlow.q>84.484905</cim:SvPowerFlow.q>
    <cim:SvPowerFlow.Terminal rdf:resource="#_beffa353-7d10-421d-9c08-036b744b1cee"/>
  </cim:SvPowerFlow>
  <cim:SvPowerFlow rdf:ID="_4bdbfcb8-a827-4565-b0ef-7e69703fdb5b">
    <cim:SvPowerFlow.p>0e+000</cim:SvPowerFlow.p>
    <cim:SvPowerFlow.q>-52.656468</cim:SvPowerFlow.q>
    <cim:SvPowerFlow.Terminal rdf:resource="#_a015f692-3fc5-4ec3-8d1d-977c7b499e7c"/>
  </cim:SvPowerFlow>
  <cim:SvPowerFlow rdf:ID="_8baf434d-08f3-401e-85a2-3f827b382f1c">
    <cim:SvPowerFlow.p>1.187609</cim:SvPowerFlow.p>
    <cim:SvPowerFlow.q>-59.380452</cim:SvPowerFlow.q>
    <cim:SvPowerFlow.Terminal rdf:resource="#_22af3121-1a66-4546-bd80-4371f417c644"/>
  </cim:SvPowerFlow>
  <cim:SvPowerFlow rdf:ID="_51a9abfc-b6a8-45eb-b902-65bc7f772e22">
    <cim:SvPowerFlow.p>0e+000</cim:SvPowerFlow.p>
    <cim:SvPowerFlow.q>-330.750000</cim:SvPowerFlow.q>
    <cim:SvPowerFlow.Terminal rdf:resource="#_d5e2e58e-ccf6-47d9-b3bb-3088eb7a9b6c"/>
  </cim:SvPowerFlow>
  <cim:SvPowerFlow rdf:ID="_92716838-29a2-4e60-9994-9d8394fe6fd0">
    <cim:SvPowerFlow.p>0e+000</cim:SvPowerFlow.p>
    <cim:SvPowerFlow.q>-9.861397</cim:SvPowerFlow.q>
    <cim:SvPowerFlow.Terminal rdf:resource="#_67bb74f1-8620-4a32-9d7d-a44092d11d22"/>
  </cim:SvPowerFlow>
  <cim:SvTapStep rdf:ID="_09be9ff8-b2cf-4090-b6ff-6347554479ba">
    <cim:SvTapStep.position>8</cim:SvTapStep.position>
    <cim:SvTapStep.TapChanger rdf:resource="#_341327c4-9224-40bf-bc33-7a3bb0bae680"/>
  </cim:SvTapStep>
  <cim:SvTapStep rdf:ID="_3ffc4592-3641-428c-b796-ac0c96e6cfae">
    <cim:SvTapStep.position>17</cim:SvTapStep.position>
    <cim:SvTapStep.TapChanger rdf:resource="#_ee649b97-d2ec-47e1-976f-0f4d9f50fa11"/>
  </cim:SvTapStep>
  <cim:SvTapStep rdf:ID="_c2c429eb-9578-41d1-b942-740ce9f84628">
    <cim:SvTapStep.position>5</cim:SvTapStep.position>
    <cim:SvTapStep.TapChanger rdf:resource="#_44b4277a-0f4b-43a8-ad93-6f7d6ef02061"/>
  </cim:SvTapStep>
  <cim:SvTapStep rdf:ID="_8cf0e032-58c8-48ed-841e-7f991993ad3d">
    <cim:SvTapStep.position>20</cim:SvTapStep.position>
    <cim:SvTapStep.TapChanger rdf:resource="#_83cc66dd-8d93-4a2c-8103-f1f5a9cf7e2e"/>
  </cim:SvTapStep>
  <cim:SvTapStep rdf:ID="_0e2d787d-2773-40ff-9ab3-4c7dc623083f">
    <cim:SvTapStep.position>10</cim:SvTapStep.position>
    <cim:SvTapStep.TapChanger rdf:resource="#_36b83adb-3d45-4693-8967-96627b5f9ec9"/>
  </cim:SvTapStep>
  <cim:SvTapStep rdf:ID="_3fc58f4f-cb37-4e0e-81dc-5583c70a7624">
    <cim:SvTapStep.position>13</cim:SvTapStep.position>
    <cim:SvTapStep.TapChanger rdf:resource="#_63454a73-f439-45bb-951a-e7b193986571"/>
  </cim:SvTapStep>
  <cim:SvTapStep rdf:ID="_36ea6e41-2528-4649-ab06-859a8889009d">
    <cim:SvTapStep.position>17</cim:SvTapStep.position>
    <cim:SvTapStep.TapChanger rdf:resource="#_fe25f43a-7341-446e-a71a-8ab7119ba806"/>
  </cim:SvTapStep>
  <cim:SvShuntCompensatorSections rdf:ID="_d63ef962-62a3-4690-bba4-beba0150735a">
    <cim:SvShuntCompensatorSections.sections>1</cim:SvShuntCompensatorSections.sections>
    <cim:SvShuntCompensatorSections.ShuntCompensator rdf:resource="#_fbfed7e3-3dec-4829-a286-029e73535685"/>
  </cim:SvShuntCompensatorSections>
  <cim:SvShuntCompensatorSections rdf:ID="_713952e4-387c-41af-9a88-2a992343c507">
    <cim:SvShuntCompensatorSections.sections>1</cim:SvShuntCompensatorSections.sections>
    <cim:SvShuntCompensatorSections.ShuntCompensator rdf:resource="#_002b0a40-3957-46db-b84a-30420083558f"/>
  </cim:SvShuntCompensatorSections>
  <cim:SvShuntCompensatorSections rdf:ID="_0e69405f-27dc-45a1-920b-ed581ee432d6">
    <cim:SvShuntCompensatorSections.sections>1</cim:SvShuntCompensatorSections.sections>
    <cim:SvShuntCompensatorSections.ShuntCompensator rdf:resource="#_d771118f-36e9-4115-a128-cc3d9ce3e3da"/>
  </cim:SvShuntCompensatorSections>
  <cim:TopologicalIsland rdf:ID="_467569a9-dd1a-4f5d-ab1a-d280e9e6ad8c">
    <cim:IdentifiedObject.name>Slack</cim:IdentifiedObject.name>
    <cim:TopologicalIsland.AngleRefTopologicalNode rdf:resource="#_97d7d14a-7294-458f-a8d7-024700a08717"/>
    <cim:TopologicalIsland.TopologicalNodes rdf:resource="#_e44141af-f1dc-44d3-bfa4-b674e5c953d7"/>
    <cim:TopologicalIsland.TopologicalNodes rdf:resource="#_97d7d14a-7294-458f-a8d7-024700a08717"/>
    <cim:TopologicalIsland.TopologicalNodes rdf:resource="#_99b219f3-4593-428b-a4da-124a54630178"/>
    <cim:TopologicalIsland.TopologicalNodes rdf:resource="#_6bdc33de-d027-49b7-b98f-3b3d87716615"/>
    <cim:TopologicalIsland.TopologicalNodes rdf:resource="#_795a117d-7caf-4fc2-a8d9-dc8f4cf2344a"/>
    <cim:TopologicalIsland.TopologicalNodes rdf:resource="#_afddd60d-f7e6-419a-a5c2-be28d29beaf9"/>
    <cim:TopologicalIsland.TopologicalNodes rdf:resource="#_23b65c6b-2351-4673-89e9-1895c7291543"/>
    <cim:TopologicalIsland.TopologicalNodes rdf:resource="#_81b0e447-181e-4aec-8921-f1dd7813bebc"/>
    <cim:TopologicalIsland.TopologicalNodes rdf:resource="#_f70f6bad-eb8d-4b8f-8431-4ab93581514e"/>
    <cim:TopologicalIsland.TopologicalNodes rdf:resource="#_a81d08ed-f51d-4538-8d1e-fb2d0dbd128e"/>
    <cim:TopologicalIsland.TopologicalNodes rdf:resource="#_f96d552a-618d-4d0c-a39a-2dea3c411dee"/>
    <cim:TopologicalIsland.TopologicalNodes rdf:resource="#_5c74cb26-ce2f-40c6-951d-89091eb781b6"/>
  </cim:TopologicalIsland>
</rdf:RDF>
