<?xml version="1.0" encoding="utf-8"?>
<rdf:RDF xmlns:rdf="http://www.w3.org/1999/02/22-rdf-syntax-ns#" xmlns:cim="http://iec.ch/TC57/2013/CIM-schema-cim16#" xmlns:entsoe="http://entsoe.eu/CIM/SchemaExtension/3/1#" xmlns:md="http://iec.ch/TC57/61970-552/ModelDescription/1#">
  <md:FullModel rdf:about="urn:uuid:_5d0e030d-38b8-4c1f-bf43-b444e0f3a0e1">
    <md:Model.created>2014-10-24T11:56:40</md:Model.created>
    <md:Model.scenarioTime>2014-06-01T10:30:00</md:Model.scenarioTime>
    <md:Model.version>2</md:Model.version>
    <md:Model.DependentOn rdf:resource="urn:uuid:77b55f87-fc1e-4046-9599-6c6b4f991a86"/>
    <md:Model.DependentOn rdf:resource="urn:uuid:d400c631-75a0-4c30-8aed-832b0d282e73"/>
    <md:Model.DependentOn rdf:resource="urn:uuid:2399cbd1-9a39-11e0-aa80-0800200c9a66"/>
    <md:Model.DependentOn rdf:resource="urn:uuid:f2f43818-09c8-4252-9611-7af80c398d20"/>
    <md:Model.DependentOn rdf:resource="urn:uuid:5d32d257-1646-4906-a1f6-4d7ce3f91569"/>
    <md:Model.description>CGMES Conformity Assessment: 'MicroGridTestConfiguration....BC (Assembled)Test Configuration. The model is owned by ENTSO-E and is provided by ENTSO-E “as it is”. To the fullest extent permitted by law, ENTSO-E shall not be liable for any damages of any kind arising out of the use of the model (including any of its subsequent modifications). ENTSO-E neither warrants, nor represents that the use of the model will not infringe the rights of third parties. Any use of the model shall  include a reference to ENTSO-E. ENTSO-E web site is the only official source of information related to the model.</md:Model.description>
    <md:Model.profile>http://entsoe.eu/CIM/StateVariables/4/1</md:Model.profile>
  </md:FullModel>
  <cim:SvVoltage rdf:ID="_1ca9d4e9-529c-4f2d-9141-474645fdc5d3">
    <cim:SvVoltage.v>412.989001</cim:SvVoltage.v>
    <cim:SvVoltage.angle>-6.780710</cim:SvVoltage.angle>
    <cim:SvVoltage.TopologicalNode rdf:resource="#_e44141af-f1dc-44d3-bfa4-b674e5c953d7"/>
  </cim:SvVoltage>
  <cim:SvVoltage rdf:ID="_ed499bff-e369-4803-ac76-e20002f89d41">
    <cim:SvVoltage.v>16.033500</cim:SvVoltage.v>
    <cim:SvVoltage.angle>0e+000</cim:SvVoltage.angle>
    <cim:SvVoltage.TopologicalNode rdf:resource="#_97d7d14a-7294-458f-a8d7-024700a08717"/>
  </cim:SvVoltage>
  <cim:SvVoltage rdf:ID="_682b87fd-e3f0-47de-a008-6c89d51b67ef">
    <cim:SvVoltage.v>224.315268</cim:SvVoltage.v>
    <cim:SvVoltage.angle>-8.770120</cim:SvVoltage.angle>
    <cim:SvVoltage.TopologicalNode rdf:resource="#_99b219f3-4593-428b-a4da-124a54630178"/>
  </cim:SvVoltage>
  <cim:SvVoltage rdf:ID="_ad1978af-ef94-4ed4-b17b-46ba9edd1d4e">
    <cim:SvVoltage.v>16.017750</cim:SvVoltage.v>
    <cim:SvVoltage.angle>-1.712910</cim:SvVoltage.angle>
    <cim:SvVoltage.TopologicalNode rdf:resource="#_6bdc33de-d027-49b7-b98f-3b3d87716615"/>
  </cim:SvVoltage>
  <cim:SvVoltage rdf:ID="_44440966-9fcd-4a69-bc7b-cd110046f3af">
    <cim:SvVoltage.v>410.881651</cim:SvVoltage.v>
    <cim:SvVoltage.angle>-6.576440</cim:SvVoltage.angle>
    <cim:SvVoltage.TopologicalNode rdf:resource="#_f03d65b2a51049ffa533e433721145c1"/>
  </cim:SvVoltage>
  <cim:SvVoltage rdf:ID="_dd848bd9-5849-407a-b537-e778b34944b6">
    <cim:SvVoltage.v>412.611344</cim:SvVoltage.v>
    <cim:SvVoltage.angle>-6.746950</cim:SvVoltage.angle>
    <cim:SvVoltage.TopologicalNode rdf:resource="#_9d25a1f9e5d14d47b6dcde99c4380b40"/>
  </cim:SvVoltage>
  <cim:SvVoltage rdf:ID="_6cc39973-a7c7-41f9-9cde-8040df7edb37">
    <cim:SvVoltage.v>411.151578</cim:SvVoltage.v>
    <cim:SvVoltage.angle>-6.588110</cim:SvVoltage.angle>
    <cim:SvVoltage.TopologicalNode rdf:resource="#_d4affe50316740bdbbf4ae9c7cbf3cfd"/>
  </cim:SvVoltage>
  <cim:SvVoltage rdf:ID="_e5531364-ad27-4f0a-9cc0-86cca34aa868">
    <cim:SvVoltage.v>225.496782</cim:SvVoltage.v>
    <cim:SvVoltage.angle>-5.580210</cim:SvVoltage.angle>
    <cim:SvVoltage.TopologicalNode rdf:resource="#_8d7bad8bcc634e0796e362390d9040b6"/>
  </cim:SvVoltage>
  <cim:SvVoltage rdf:ID="_b93e179b-7f85-41f8-ac22-1d77cf3c09d6">
    <cim:SvVoltage.v>225.126556</cim:SvVoltage.v>
    <cim:SvVoltage.angle>-3.488740</cim:SvVoltage.angle>
    <cim:SvVoltage.TopologicalNode rdf:resource="#_795a117d-7caf-4fc2-a8d9-dc8f4cf2344a"/>
  </cim:SvVoltage>
  <cim:SvVoltage rdf:ID="_a8e1a91b-b16a-4698-8f76-66bb7fcfd785">
    <cim:SvVoltage.v>224.966097</cim:SvVoltage.v>
    <cim:SvVoltage.angle>-5.638530</cim:SvVoltage.angle>
    <cim:SvVoltage.TopologicalNode rdf:resource="#_1fa19c281c8f4e1eaad9e1cab70f923e"/>
  </cim:SvVoltage>
  <cim:SvVoltage rdf:ID="_a987294e-4cdf-4a2e-9c4c-1cf052f2f04c">
    <cim:SvVoltage.v>225.126556</cim:SvVoltage.v>
    <cim:SvVoltage.angle>-3.488740</cim:SvVoltage.angle>
    <cim:SvVoltage.TopologicalNode rdf:resource="#_afddd60d-f7e6-419a-a5c2-be28d29beaf9"/>
  </cim:SvVoltage>
  <cim:SvVoltage rdf:ID="_40e1f7cf-bafc-434e-91a0-850133477d56">
    <cim:SvVoltage.v>408.617286</cim:SvVoltage.v>
    <cim:SvVoltage.angle>-6.354430</cim:SvVoltage.angle>
    <cim:SvVoltage.TopologicalNode rdf:resource="#_81b0e447-181e-4aec-8921-f1dd7813bebc"/>
  </cim:SvVoltage>
  <cim:SvVoltage rdf:ID="_e90d5975-46cb-4100-9467-b8b788609a05">
    <cim:SvVoltage.v>115.500000</cim:SvVoltage.v>
    <cim:SvVoltage.angle>-9.391330</cim:SvVoltage.angle>
    <cim:SvVoltage.TopologicalNode rdf:resource="#_5c74cb26-ce2f-40c6-951d-89091eb781b6"/>
  </cim:SvVoltage>
  <cim:SvVoltage rdf:ID="_7b48573a-eafa-4de4-b39c-3d3f9a790328">
    <cim:SvVoltage.v>21.987000</cim:SvVoltage.v>
    <cim:SvVoltage.angle>-6.650800</cim:SvVoltage.angle>
    <cim:SvVoltage.TopologicalNode rdf:resource="#_f96d552a-618d-4d0c-a39a-2dea3c411dee"/>
  </cim:SvVoltage>
  <cim:SvVoltage rdf:ID="_06a8a572-838b-4893-a0b2-d6809130bb97">
    <cim:SvVoltage.v>10.820805</cim:SvVoltage.v>
    <cim:SvVoltage.angle>-7.057180</cim:SvVoltage.angle>
    <cim:SvVoltage.TopologicalNode rdf:resource="#_a81d08ed-f51d-4538-8d1e-fb2d0dbd128e"/>
  </cim:SvVoltage>
  <cim:SvVoltage rdf:ID="_d21f6890-5749-412d-bd6f-a862298168fe">
    <cim:SvVoltage.v>224.871595</cim:SvVoltage.v>
    <cim:SvVoltage.angle>-7.624900</cim:SvVoltage.angle>
    <cim:SvVoltage.TopologicalNode rdf:resource="#_f70f6bad-eb8d-4b8f-8431-4ab93581514e"/>
  </cim:SvVoltage>
  <cim:SvPowerFlow rdf:ID="_4c602070-bc57-4e50-9169-d2f09269931a">
    <cim:SvPowerFlow.p>43.687227</cim:SvPowerFlow.p>
    <cim:SvPowerFlow.q>-84.876604</cim:SvPowerFlow.q>
    <cim:SvPowerFlow.Terminal rdf:resource="#_f970233f-b573-49d9-9fc3-3a2a59ed3bbb"/>
  </cim:SvPowerFlow>
  <cim:SvPowerFlow rdf:ID="_1a2daa70-5507-4dd4-83e5-1c9076aa1b05">
    <cim:SvPowerFlow.p>27.365225</cim:SvPowerFlow.p>
    <cim:SvPowerFlow.q>-0.425626</cim:SvPowerFlow.q>
    <cim:SvPowerFlow.Terminal rdf:resource="#_24dd035c-0a8c-4351-aeb2-08d6622b42ae"/>
  </cim:SvPowerFlow>
  <cim:SvPowerFlow rdf:ID="_bf6d2279-0432-45f8-b6a1-501bc6a5b9e2">
    <cim:SvPowerFlow.p>26.805006</cim:SvPowerFlow.p>
    <cim:SvPowerFlow.q>-1.489867</cim:SvPowerFlow.q>
    <cim:SvPowerFlow.Terminal rdf:resource="#_26e50b4b-9a19-420d-98ce-bc4f11971cd7"/>
  </cim:SvPowerFlow>
  <cim:SvPowerFlow rdf:ID="_1aebd8d5-6884-45db-b7ac-44f422dfdb64">
    <cim:SvPowerFlow.p>-26.805005</cim:SvPowerFlow.p>
    <cim:SvPowerFlow.q>1.489867</cim:SvPowerFlow.q>
    <cim:SvPowerFlow.Terminal rdf:resource="#_4a7363a4-0b21-4f65-8bba-33e3a8f6bac3"/>
  </cim:SvPowerFlow>
  <cim:SvPowerFlow rdf:ID="_c6e95c2f-00b6-4883-aa60-66747e060662">
    <cim:SvPowerFlow.p>-27.365225</cim:SvPowerFlow.p>
    <cim:SvPowerFlow.q>0.425626</cim:SvPowerFlow.q>
    <cim:SvPowerFlow.Terminal rdf:resource="#_d238885e-d9b6-4edc-8567-6a68c605ed67"/>
  </cim:SvPowerFlow>
  <cim:SvPowerFlow rdf:ID="_8ad734a3-83c1-4997-a804-adc8977ef3f9">
    <cim:SvPowerFlow.p>-43.687227</cim:SvPowerFlow.p>
    <cim:SvPowerFlow.q>84.876604</cim:SvPowerFlow.q>
    <cim:SvPowerFlow.Terminal rdf:resource="#_c41978db-794b-4bae-953e-60fc519e87dd"/>
  </cim:SvPowerFlow>
  <cim:SvPowerFlow rdf:ID="_34467aa1-5f69-43e5-bbd9-77740add23c0">
    <cim:SvPowerFlow.p>-46.816624</cim:SvPowerFlow.p>
    <cim:SvPowerFlow.q>79.193778</cim:SvPowerFlow.q>
    <cim:SvPowerFlow.Terminal rdf:resource="#_53072f42-f77b-47e2-bd9a-e097c910b173"/>
  </cim:SvPowerFlow>
  <cim:SvPowerFlow rdf:ID="_be3b0d26-5c4b-4638-ba15-e87f50af858a">
    <cim:SvPowerFlow.p>-90.037004</cim:SvPowerFlow.p>
    <cim:SvPowerFlow.q>148.603742</cim:SvPowerFlow.q>
    <cim:SvPowerFlow.Terminal rdf:resource="#_b9539c41-d114-4280-8a54-8ecec398091e"/>
  </cim:SvPowerFlow>
  <cim:SvPowerFlow rdf:ID="_605a3fdf-ec00-43fc-ae5d-c3ccd1276a22">
    <cim:SvPowerFlow.p>90.037005</cim:SvPowerFlow.p>
    <cim:SvPowerFlow.q>-148.603740</cim:SvPowerFlow.q>
    <cim:SvPowerFlow.Terminal rdf:resource="#_f48d48c7-e9f6-460c-898f-cc68a96efdeb"/>
  </cim:SvPowerFlow>
  <cim:SvPowerFlow rdf:ID="_9268110a-d2fe-435d-bd93-ca5f26277e96">
    <cim:SvPowerFlow.p>46.816625</cim:SvPowerFlow.p>
    <cim:SvPowerFlow.q>-79.193778</cim:SvPowerFlow.q>
    <cim:SvPowerFlow.Terminal rdf:resource="#_39d27c17-1e5b-4edc-a7ec-65a2d56542df"/>
  </cim:SvPowerFlow>
  <cim:SvPowerFlow rdf:ID="_2b6a6bf4-eb7d-4a9e-a916-ab1d8ad8cb9a">
    <cim:SvPowerFlow.p>488.265005</cim:SvPowerFlow.p>
    <cim:SvPowerFlow.q>231.607874</cim:SvPowerFlow.q>
    <cim:SvPowerFlow.Terminal rdf:resource="#_fab54e9c-b12e-4e47-a9f2-fec4ef96c0c0"/>
  </cim:SvPowerFlow>
  <cim:SvPowerFlow rdf:ID="_1514ecba-b952-45f5-9004-1b12db07d48a">
    <cim:SvPowerFlow.p>10.000000</cim:SvPowerFlow.p>
    <cim:SvPowerFlow.q>10.000000</cim:SvPowerFlow.q>
    <cim:SvPowerFlow.Terminal rdf:resource="#_6dad1a97-6874-4206-a5a5-837e495325f8"/>
  </cim:SvPowerFlow>
  <cim:SvPowerFlow rdf:ID="_bbaa85ec-9305-40c0-99ad-635e1e4781be">
    <cim:SvPowerFlow.p>90.000000</cim:SvPowerFlow.p>
    <cim:SvPowerFlow.q>280.000000</cim:SvPowerFlow.q>
    <cim:SvPowerFlow.Terminal rdf:resource="#_f461fd2d-1e41-4a3e-8213-7cc33c77a089"/>
  </cim:SvPowerFlow>
  <cim:SvPowerFlow rdf:ID="_e46ca886-037d-446a-ab24-05f0c833aba2">
    <cim:SvPowerFlow.p>1.000000</cim:SvPowerFlow.p>
    <cim:SvPowerFlow.q>0e+000</cim:SvPowerFlow.q>
    <cim:SvPowerFlow.Terminal rdf:resource="#_b9376bea-c75d-49f3-94ca-6a71fa0086a5"/>
  </cim:SvPowerFlow>
  <cim:SvPowerFlow rdf:ID="_79be0ef0-88d6-4c5c-87e9-408ef4457774">
    <cim:SvPowerFlow.p>200.000000</cim:SvPowerFlow.p>
    <cim:SvPowerFlow.q>90.000000</cim:SvPowerFlow.q>
    <cim:SvPowerFlow.Terminal rdf:resource="#_cbdf1842-74ed-4fce-a5d4-0296c82cbc92"/>
  </cim:SvPowerFlow>
  <cim:SvPowerFlow rdf:ID="_6dca0ffb-bd47-43c6-b54e-84edbcba9f58">
    <cim:SvPowerFlow.p>200.000000</cim:SvPowerFlow.p>
    <cim:SvPowerFlow.q>50.000000</cim:SvPowerFlow.q>
    <cim:SvPowerFlow.Terminal rdf:resource="#_a036b765-1669-4f64-acd3-1e8fbd513312"/>
  </cim:SvPowerFlow>
  <cim:SvPowerFlow rdf:ID="_9e0599e0-d0a5-47ba-968f-4ae8d67016ec">
    <cim:SvPowerFlow.p>-140.000000</cim:SvPowerFlow.p>
    <cim:SvPowerFlow.q>26.680612</cim:SvPowerFlow.q>
    <cim:SvPowerFlow.Terminal rdf:resource="#_ae4b7cbe-349a-41c8-ace2-25ec26f14a64"/>
  </cim:SvPowerFlow>
  <cim:SvPowerFlow rdf:ID="_905e0190-37e5-415d-8262-e37d85d96e61">
    <cim:SvPowerFlow.p>-150.000000</cim:SvPowerFlow.p>
    <cim:SvPowerFlow.q>26.680612</cim:SvPowerFlow.q>
    <cim:SvPowerFlow.Terminal rdf:resource="#_f04ecab5-1a12-4cc0-ba56-b157ebf11a42"/>
  </cim:SvPowerFlow>
  <cim:SvPowerFlow rdf:ID="_b623d583-934e-427c-9d56-378b95b73fd6">
    <cim:SvPowerFlow.p>-556.713870</cim:SvPowerFlow.p>
    <cim:SvPowerFlow.q>-249.198050</cim:SvPowerFlow.q>
    <cim:SvPowerFlow.Terminal rdf:resource="#_faab7959-f9bf-421b-bc3f-d364e0c1388b"/>
  </cim:SvPowerFlow>
  <cim:SvPowerFlow rdf:ID="_1ed7ac3d-ca34-4838-bfe3-180dfa3f2bde">
    <cim:SvPowerFlow.p>-118.000000</cim:SvPowerFlow.p>
    <cim:SvPowerFlow.q>-92.612077</cim:SvPowerFlow.q>
    <cim:SvPowerFlow.Terminal rdf:resource="#_4bb5407b-b4a5-416c-80ad-1a778ada2b9b"/>
  </cim:SvPowerFlow>
  <cim:SvPowerFlow rdf:ID="_4da6dd3a-4e40-4ef6-b15d-b7ddc6322267">
    <cim:SvPowerFlow.p>-90.000000</cim:SvPowerFlow.p>
    <cim:SvPowerFlow.q>51.115627</cim:SvPowerFlow.q>
    <cim:SvPowerFlow.Terminal rdf:resource="#_beffa353-7d10-421d-9c08-036b744b1cee"/>
  </cim:SvPowerFlow>
  <cim:SvPowerFlow rdf:ID="_2fe3ce43-ce49-43c7-9245-596516ace853">
    <cim:SvPowerFlow.p>0e+000</cim:SvPowerFlow.p>
    <cim:SvPowerFlow.q>-52.177526</cim:SvPowerFlow.q>
    <cim:SvPowerFlow.Terminal rdf:resource="#_a015f692-3fc5-4ec3-8d1d-977c7b499e7c"/>
  </cim:SvPowerFlow>
  <cim:SvPowerFlow rdf:ID="_10b54d42-9778-4c54-8dfa-f005ce4718a7">
    <cim:SvPowerFlow.p>0e+000</cim:SvPowerFlow.p>
    <cim:SvPowerFlow.q>-330.750000</cim:SvPowerFlow.q>
    <cim:SvPowerFlow.Terminal rdf:resource="#_d5e2e58e-ccf6-47d9-b3bb-3088eb7a9b6c"/>
  </cim:SvPowerFlow>
  <cim:SvPowerFlow rdf:ID="_bc9c16f1-e065-49ef-b7a3-70f9411616bf">
    <cim:SvPowerFlow.p>1.181163</cim:SvPowerFlow.p>
    <cim:SvPowerFlow.q>-59.058142</cim:SvPowerFlow.q>
    <cim:SvPowerFlow.Terminal rdf:resource="#_22af3121-1a66-4546-bd80-4371f417c644"/>
  </cim:SvPowerFlow>
  <cim:SvTapStep rdf:ID="_0a908579-d666-4bb5-a3d0-49e1ff11f1a9">
    <cim:SvTapStep.position>-2</cim:SvTapStep.position>
    <cim:SvTapStep.TapChanger rdf:resource="#_c1d5c14b8f8011e08e4d00247eb1f55e"/>
  </cim:SvTapStep>
  <cim:SvTapStep rdf:ID="_1276883f-6fc8-44f1-9198-086ec55d9f4f">
    <cim:SvTapStep.position>17</cim:SvTapStep.position>
    <cim:SvTapStep.TapChanger rdf:resource="#_c1d5c1588f8011e08e4d00247eb1f55e"/>
  </cim:SvTapStep>
  <cim:SvTapStep rdf:ID="_936f2b03-b7b4-4220-b329-4e3d0f377713">
    <cim:SvTapStep.position>5</cim:SvTapStep.position>
    <cim:SvTapStep.TapChanger rdf:resource="#_c1d5c1658f8011e08e4d00247eb1f55e"/>
  </cim:SvTapStep>
  <cim:SvTapStep rdf:ID="_dcd9e7b3-b1ac-4c78-a408-301cc78638a6">
    <cim:SvTapStep.position>16</cim:SvTapStep.position>
    <cim:SvTapStep.TapChanger rdf:resource="#_6ebbef67-3061-4236-a6fd-6ccc4595f6c3"/>
  </cim:SvTapStep>
  <cim:SvTapStep rdf:ID="_a434c667-3222-494b-848b-897e7ffb648b">
    <cim:SvTapStep.position>10</cim:SvTapStep.position>
    <cim:SvTapStep.TapChanger rdf:resource="#_955d9cd0-4a10-4031-b008-60c0dc340a07"/>
  </cim:SvTapStep>
  <cim:SvTapStep rdf:ID="_488f2806-e098-4e0d-b9b8-6f9ead0d8ec7">
    <cim:SvTapStep.position>18</cim:SvTapStep.position>
    <cim:SvTapStep.TapChanger rdf:resource="#_83cc66dd-8d93-4a2c-8103-f1f5a9cf7e2e"/>
  </cim:SvTapStep>
  <cim:SvTapStep rdf:ID="_d7c66a2a-f2e3-497b-9829-0930990f9c32">
    <cim:SvTapStep.position>17</cim:SvTapStep.position>
    <cim:SvTapStep.TapChanger rdf:resource="#_fe25f43a-7341-446e-a71a-8ab7119ba806"/>
  </cim:SvTapStep>
  <cim:SvShuntCompensatorSections rdf:ID="_d04fce16-fe56-4eaa-89f8-3ca701123e35">
    <cim:SvShuntCompensatorSections.sections>1</cim:SvShuntCompensatorSections.sections>
    <cim:SvShuntCompensatorSections.ShuntCompensator rdf:resource="#_fbfed7e3-3dec-4829-a286-029e73535685"/>
  </cim:SvShuntCompensatorSections>
  <cim:SvShuntCompensatorSections rdf:ID="_37e66735-3683-4ad5-a25f-d31a06f094c6">
    <cim:SvShuntCompensatorSections.sections>1</cim:SvShuntCompensatorSections.sections>
    <cim:SvShuntCompensatorSections.ShuntCompensator rdf:resource="#_d771118f-36e9-4115-a128-cc3d9ce3e3da"/>
  </cim:SvShuntCompensatorSections>
  <cim:SvShuntCompensatorSections rdf:ID="_818ac894-6a38-4b2d-920d-f1517dc95518">
    <cim:SvShuntCompensatorSections.sections>1</cim:SvShuntCompensatorSections.sections>
    <cim:SvShuntCompensatorSections.ShuntCompensator rdf:resource="#_002b0a40-3957-46db-b84a-30420083558f"/>
  </cim:SvShuntCompensatorSections>
  <cim:TopologicalIsland rdf:ID="_a6e1b5ca-a703-4657-b4d8-b1fd2bca06bf">
    <cim:IdentifiedObject.name>Slack</cim:IdentifiedObject.name>
    <cim:TopologicalIsland.AngleRefTopologicalNode rdf:resource="#_97d7d14a-7294-458f-a8d7-024700a08717"/>
    <cim:TopologicalIsland.TopologicalNodes rdf:resource="#_e44141af-f1dc-44d3-bfa4-b674e5c953d7"/>
    <cim:TopologicalIsland.TopologicalNodes rdf:resource="#_97d7d14a-7294-458f-a8d7-024700a08717"/>
    <cim:TopologicalIsland.TopologicalNodes rdf:resource="#_99b219f3-4593-428b-a4da-124a54630178"/>
    <cim:TopologicalIsland.TopologicalNodes rdf:resource="#_6bdc33de-d027-49b7-b98f-3b3d87716615"/>
    <cim:TopologicalIsland.TopologicalNodes rdf:resource="#_795a117d-7caf-4fc2-a8d9-dc8f4cf2344a"/>
    <cim:TopologicalIsland.TopologicalNodes rdf:resource="#_afddd60d-f7e6-419a-a5c2-be28d29beaf9"/>
    <cim:TopologicalIsland.TopologicalNodes rdf:resource="#_81b0e447-181e-4aec-8921-f1dd7813bebc"/>
    <cim:TopologicalIsland.TopologicalNodes rdf:resource="#_5c74cb26-ce2f-40c6-951d-89091eb781b6"/>
    <cim:TopologicalIsland.TopologicalNodes rdf:resource="#_f96d552a-618d-4d0c-a39a-2dea3c411dee"/>
    <cim:TopologicalIsland.TopologicalNodes rdf:resource="#_a81d08ed-f51d-4538-8d1e-fb2d0dbd128e"/>
    <cim:TopologicalIsland.TopologicalNodes rdf:resource="#_f70f6bad-eb8d-4b8f-8431-4ab93581514e"/>
  </cim:TopologicalIsland>
</rdf:RDF>
