<rdf:RDF xmlns:rdf="http://www.w3.org/1999/02/22-rdf-syntax-ns#" xmlns:cim="http://iec.ch/TC57/2013/CIM-schema-cim16#" xmlns:entsoe="http://entsoe.eu/CIM/SchemaExtension/3/1#" xmlns:md="http://iec.ch/TC57/61970-552/ModelDescription/1#" xmlns:dm="http://iec.ch/TC57/61970-552/DifferenceModel/1#">
<dm:DifferenceModel rdf:about="urn:uuid:1fbbb385-f7cb-4229-bbd1-c8cb6156a619">
<md:Model.created>2014-10-24T14:13:36</md:Model.created>
<md:Model.scenarioTime/>
<md:Model.version>2</md:Model.version>
<md:Model.DependentOn rdf:resource="urn:uuid:1fbbb385-f7cb-4229-bbd1-c8cb6156a616"/>
<md:Model.Supersedes rdf:resource="urn:uuid:d400c631-75a0-4c30-8aed-832b0d282e73"/>
<md:Model.description>CGMES Conformity Assessment: 'MicroGridTestConfiguration....T1' Test Configuration. The model is owned by ENTSO-E and is provided by ENTSO-E “as it is”. To the fullest extent permitted by law, ENTSO-E shall not be liable for any damages of any kind arising out of the use of the model (including any of its subsequent modifications). ENTSO-E neither warrants, nor represents that the use of the model will not infringe the rights of third parties. Any use of the model shall  include a reference to ENTSO-E. ENTSO-E web site is the only official source of information related to the model.</md:Model.description>
<md:Model.modelingAuthoritySet>http://elia.be/CGMES/2.4.15</md:Model.modelingAuthoritySet>
<md:Model.profile>http://iec.ch/TC57/61970-552/DifferenceModel/1http://entsoe.eu/CIM/EquipmentCore/3/1</md:Model.profile>
<md:Model.profile>http://entsoe.eu/CIM/EquipmentShortCircuit/3/1</md:Model.profile>
<md:Model.profile>http://entsoe.eu/CIM/EquipmentOperation/3/1</md:Model.profile>
<dm:preconditions parseType="Statements"> </dm:preconditions>
<dm:reverseDifferences parseType="Statements">
<cim:GeneratingUnit rdf:ID="_5b7a4d43-09ec-4033-882d-64a76d557631">
<cim:IdentifiedObject.name>Gen-1229753024</cim:IdentifiedObject.name>
<cim:IdentifiedObject.description>Machine</cim:IdentifiedObject.description>
<cim:GeneratingUnit.initialP>118.000000</cim:GeneratingUnit.initialP>
<cim:GeneratingUnit.nominalP>255.000000</cim:GeneratingUnit.nominalP>
<cim:GeneratingUnit.maxOperatingP>200.000000</cim:GeneratingUnit.maxOperatingP>
<cim:GeneratingUnit.minOperatingP>50.000000</cim:GeneratingUnit.minOperatingP>
<cim:GeneratingUnit.genControlSource rdf:resource="http://iec.ch/TC57/2013/CIM-schema-cim16#GeneratorControlSource.offAGC"/>
<cim:Equipment.aggregate>false</cim:Equipment.aggregate>
<cim:Equipment.EquipmentContainer rdf:resource="#_37e14a0f-5e34-4647-a062-8bfd9305fa9d"/>
</cim:GeneratingUnit>
<cim:SynchronousMachine rdf:ID="_550ebe0d-f2b2-48c1-991f-cebea43a21aa">
<cim:IdentifiedObject.name>BE-G2</cim:IdentifiedObject.name>
<entsoe:IdentifiedObject.shortName>BE-G2</entsoe:IdentifiedObject.shortName>
<cim:IdentifiedObject.description>Machine</cim:IdentifiedObject.description>
<cim:Equipment.aggregate>false</cim:Equipment.aggregate>
<cim:Equipment.EquipmentContainer rdf:resource="#_929ba893-c9dc-44d7-b1fd-30834bd3ab85"/>
<cim:SynchronousMachine.qPercent>100.000000</cim:SynchronousMachine.qPercent>
<cim:SynchronousMachine.maxQ>200.000000</cim:SynchronousMachine.maxQ>
<cim:SynchronousMachine.minQ>-200.000000</cim:SynchronousMachine.minQ>
<cim:RotatingMachine.ratedS>300.000000</cim:RotatingMachine.ratedS>
<cim:SynchronousMachine.type rdf:resource="http://iec.ch/TC57/2013/CIM-schema-cim16#SynchronousMachineKind.generator"/>
<cim:RegulatingCondEq.RegulatingControl rdf:resource="#_84bf5be8-eb59-4555-b131-fce4d2d7775d"/>
<cim:RotatingMachine.GeneratingUnit rdf:resource="#_5b7a4d43-09ec-4033-882d-64a76d557631"/>
<cim:RotatingMachine.ratedU>21.000000</cim:RotatingMachine.ratedU>
<cim:RotatingMachine.ratedPowerFactor>0.850000</cim:RotatingMachine.ratedPowerFactor>
<cim:SynchronousMachine.shortCircuitRotorType rdf:resource="http://iec.ch/TC57/2013/CIM-schema-cim16#ShortCircuitRotorKind.turboSeries1"/>
<cim:SynchronousMachine.r0>0e+000</cim:SynchronousMachine.r0>
<cim:SynchronousMachine.r2>0e+000</cim:SynchronousMachine.r2>
<cim:SynchronousMachine.x0>0.130000</cim:SynchronousMachine.x0>
<cim:SynchronousMachine.x2>0.170000</cim:SynchronousMachine.x2>
<cim:SynchronousMachine.earthingStarPointR>0e+000</cim:SynchronousMachine.earthingStarPointR>
<cim:SynchronousMachine.earthingStarPointX>0e+000</cim:SynchronousMachine.earthingStarPointX>
<cim:SynchronousMachine.r>0e+000</cim:SynchronousMachine.r>
<cim:SynchronousMachine.satDirectSubtransX>0.200000</cim:SynchronousMachine.satDirectSubtransX>
<cim:SynchronousMachine.satDirectSyncX>2.000000</cim:SynchronousMachine.satDirectSyncX>
<cim:SynchronousMachine.satDirectTransX>0e+000</cim:SynchronousMachine.satDirectTransX>
<cim:SynchronousMachine.mu>0e+000</cim:SynchronousMachine.mu>
<cim:SynchronousMachine.ikk>0e+000</cim:SynchronousMachine.ikk>
<cim:SynchronousMachine.voltageRegulationRange>0e+000</cim:SynchronousMachine.voltageRegulationRange>
<cim:SynchronousMachine.earthing>true</cim:SynchronousMachine.earthing>
</cim:SynchronousMachine>
<cim:RegulatingControl rdf:ID="_84bf5be8-eb59-4555-b131-fce4d2d7775d">
<cim:IdentifiedObject.name>BE-G2</cim:IdentifiedObject.name>
<entsoe:IdentifiedObject.shortName>BE-G2</entsoe:IdentifiedObject.shortName>
<cim:RegulatingControl.mode rdf:resource="http://iec.ch/TC57/2013/CIM-schema-cim16#RegulatingControlModeKind.voltage"/>
<cim:RegulatingControl.Terminal rdf:resource="#_4bb5407b-b4a5-416c-80ad-1a778ada2b9b"/>
</cim:RegulatingControl>
<rdf:Description rdf:about="#_4bb5407b-b4a5-416c-80ad-1a778ada2b9b">
<cim:IdentifiedObject.name>BE-G2 - T1</cim:IdentifiedObject.name>
<entsoe:IdentifiedObject.shortName>BE-G2</entsoe:IdentifiedObject.shortName>
<cim:Terminal.ConductingEquipment rdf:resource="#_550ebe0d-f2b2-48c1-991f-cebea43a21aa"/>
</rdf:Description>
</dm:reverseDifferences>
<dm:forwardDifferences parseType="Statements">
<cim:EnergySource rdf:ID="_81d30eac-e291-4ce4-a133-4c134a207650">
<cim:IdentifiedObject.name>ACGENC-1230999187</cim:IdentifiedObject.name>
<cim:Equipment.aggregate>false</cim:Equipment.aggregate>
<cim:Equipment.EquipmentContainer rdf:resource="#_929ba893-c9dc-44d7-b1fd-30834bd3ab85"/>
<cim:EnergySource.r>0.009194</cim:EnergySource.r>
<cim:EnergySource.r0>0e+000</cim:EnergySource.r0>
<cim:EnergySource.rn>0e+000</cim:EnergySource.rn>
<cim:EnergySource.x>0.091941</cim:EnergySource.x>
<cim:EnergySource.x0>0e+000</cim:EnergySource.x0>
<cim:EnergySource.xn>0e+000</cim:EnergySource.xn>
<cim:EnergySource.nominalVoltage>21.000000</cim:EnergySource.nominalVoltage>
<cim:EnergySource.voltageMagnitude>21.987000</cim:EnergySource.voltageMagnitude>
<cim:EnergySource.voltageAngle>-0.116326</cim:EnergySource.voltageAngle>
<entsoe:EnergySource.EnergySchedulingType rdf:resource="#_24C12434-E42B-497f-928F-119C6AE92079"/>
</cim:EnergySource>
<rdf:Description rdf:about="#_4bb5407b-b4a5-416c-80ad-1a778ada2b9b">
<cim:IdentifiedObject.name>ACGENC-1230999187 - T1</cim:IdentifiedObject.name>
<cim:Terminal.ConductingEquipment rdf:resource="#_81d30eac-e291-4ce4-a133-4c134a207650"/>
</rdf:Description>
</dm:forwardDifferences>
</dm:DifferenceModel>
</rdf:RDF>
