<rdf:RDF xmlns:rdf="http://www.w3.org/1999/02/22-rdf-syntax-ns#" xmlns:cim="http://iec.ch/TC57/2013/CIM-schema-cim16#" xmlns:entsoe="http://entsoe.eu/CIM/SchemaExtension/3/1#" xmlns:md="http://iec.ch/TC57/61970-552/ModelDescription/1#" xmlns:dm="http://iec.ch/TC57/61970-552/DifferenceModel/1#">
<dm:DifferenceModel rdf:about="urn:uuid:1fbbb385-f7cb-4229-bbd1-c8cb6156a618">
<md:Model.created>2014-10-24T13:34:17</md:Model.created>
<md:Model.scenarioTime/>
<md:Model.version>2</md:Model.version>
<md:Model.DependentOn rdf:resource="urn:uuid:1fbbb385-f7cb-4229-bbd1-c8cb6156a616"/>
<md:Model.Supersedes rdf:resource="urn:uuid:d400c631-75a0-4c30-8aed-832b0d282e73"/>
<md:Model.description>CGMES Conformity Assessment: 'MicroGridTestConfiguration....T1' Test Configuration. The model is owned by ENTSO-E and is provided by ENTSO-E “as it is”. To the fullest extent permitted by law, ENTSO-E shall not be liable for any damages of any kind arising out of the use of the model (including any of its subsequent modifications). ENTSO-E neither warrants, nor represents that the use of the model will not infringe the rights of third parties. Any use of the model shall  include a reference to ENTSO-E. ENTSO-E web site is the only official source of information related to the model.</md:Model.description>
<md:Model.modelingAuthoritySet>http://tennet.nl/CGMES/2.4.15</md:Model.modelingAuthoritySet>
<md:Model.profile>http://iec.ch/TC57/61970-552/DifferenceModel/1http://entsoe.eu/CIM/EquipmentCore/3/1</md:Model.profile>
<md:Model.profile>http://entsoe.eu/CIM/EquipmentShortCircuit/3/1</md:Model.profile>
<md:Model.profile>http://entsoe.eu/CIM/EquipmentOperation/3/1</md:Model.profile>
<dm:preconditions parseType="Statements"> </dm:preconditions>
<dm:reverseDifferences parseType="Statements">
<rdf:Description rdf:about="#_ab7ece75-d726-48c8-a924-b0a9325e6d51">
<cim:Terminal.phases rdf:resource="http://iec.ch/TC57/2013/CIM-schema-cim16#PhaseCode.ABC"/>
</rdf:Description>
<rdf:Description rdf:about="#_664a19e1-1dc2-48d5-b265-c0630981e61c">
<cim:TransformerEnd.rground>0e+000</cim:TransformerEnd.rground>
<cim:TransformerEnd.xground>0.0</cim:TransformerEnd.xground>
<cim:PowerTransformerEnd.connectionKind rdf:resource="http://iec.ch/TC57/2013/CIM-schema-cim16#WindingConnection.Y"/>
</rdf:Description>
</dm:reverseDifferences>
<dm:forwardDifferences parseType="Statements">
<cim:PetersenCoil rdf:ID="_1e951716-1c9e-413f-b919-9f822df4b38a">
<cim:IdentifiedObject.name>BE-TR2_2</cim:IdentifiedObject.name>
<entsoe:IdentifiedObject.shortName>BE-T_2</entsoe:IdentifiedObject.shortName>
<cim:Equipment.aggregate>false</cim:Equipment.aggregate>
<cim:Equipment.EquipmentContainer rdf:resource="#_8bbd7e74-ae20-4dce-8780-c20f8e18c2e0"/>
<cim:EarthFaultCompensator.r>100.000000</cim:EarthFaultCompensator.r>
<cim:PetersenCoil.xGroundNominal>100.000000</cim:PetersenCoil.xGroundNominal>
<cim:PetersenCoil.xGroundMax>1000.000000</cim:PetersenCoil.xGroundMax>
<cim:PetersenCoil.xGroundMin>10.000000</cim:PetersenCoil.xGroundMin>
<cim:PetersenCoil.positionCurrent>300.000000</cim:PetersenCoil.positionCurrent>
<cim:PetersenCoil.offsetCurrent>10.000000</cim:PetersenCoil.offsetCurrent>
<cim:PetersenCoil.nominalU>400.000000</cim:PetersenCoil.nominalU>
<cim:PetersenCoil.mode rdf:resource="http://iec.ch/TC57/2013/CIM-schema-cim16#PetersenCoilModeKind.fixed"/>
</cim:PetersenCoil>
<cim:Terminal rdf:ID="_933972e9-dc35-4899-929b-4e217623cde9">
<cim:IdentifiedObject.name>BE-TR2_2</cim:IdentifiedObject.name>
<entsoe:IdentifiedObject.shortName>BE-T_2</entsoe:IdentifiedObject.shortName>
<cim:ACDCTerminal.sequenceNumber>1</cim:ACDCTerminal.sequenceNumber>
<cim:Terminal.phases rdf:resource="http://iec.ch/TC57/2013/CIM-schema-cim16#PhaseCode.N"/>
<cim:Terminal.ConductingEquipment rdf:resource="#_1e951716-1c9e-413f-b919-9f822df4b38a"/>
<cim:Terminal.ConnectivityNode rdf:resource="#_56ca173b-fd2d-4ef3-bc32-4ae86a318c39"/>
</cim:Terminal>
<rdf:Description rdf:about="#_ab7ece75-d726-48c8-a924-b0a9325e6d51">
<cim:Terminal.phases rdf:resource="http://iec.ch/TC57/2013/CIM-schema-cim16#PhaseCode.ABCN"/>
</rdf:Description>
<rdf:Description rdf:about="#_664a19e1-1dc2-48d5-b265-c0630981e61c">
<cim:TransformerEnd.rground>100.000000</cim:TransformerEnd.rground>
<cim:TransformerEnd.xground>100.0000000000</cim:TransformerEnd.xground>
<cim:PowerTransformerEnd.connectionKind rdf:resource="http://iec.ch/TC57/2013/CIM-schema-cim16#WindingConnection.Yn"/>
</rdf:Description>
</dm:forwardDifferences>
</dm:DifferenceModel>
</rdf:RDF>
