<rdf:RDF xmlns:rdf="http://www.w3.org/1999/02/22-rdf-syntax-ns#" xmlns:cim="http://iec.ch/TC57/2013/CIM-schema-cim16#" xmlns:entsoe="http://entsoe.eu/CIM/SchemaExtension/3/1#" xmlns:md="http://iec.ch/TC57/61970-552/ModelDescription/1#" xmlns:dm="http://iec.ch/TC57/61970-552/DifferenceModel/1#">
<dm:DifferenceModel rdf:about="urn:uuid:1fbbb385-f7cb-4229-bbd1-c8cb6156a616">
<md:Model.created>2014-10-24T13:17:37</md:Model.created>
<md:Model.scenarioTime/>
<md:Model.version>2</md:Model.version>
<md:Model.Supersedes rdf:resource="urn:uuid:d400c631-75a0-4c30-8aed-832b0d282e73"/>
<md:Model.description>CGMES Conformity Assessment: 'MicroGridTestConfiguration....T1' Test Configuration. The model is owned by ENTSO-E and is provided by ENTSO-E “as it is”. To the fullest extent permitted by law, ENTSO-E shall not be liable for any damages of any kind arising out of the use of the model (including any of its subsequent modifications). ENTSO-E neither warrants, nor represents that the use of the model will not infringe the rights of third parties. Any use of the model shall  include a reference to ENTSO-E. ENTSO-E web site is the only official source of information related to the model.</md:Model.description>
<md:Model.modelingAuthoritySet>http://elia.be/CGMES/2.4.15</md:Model.modelingAuthoritySet>
<md:Model.profile>http://iec.ch/TC57/61970-552/DifferenceModel/1http://entsoe.eu/CIM/EquipmentCore/3/1</md:Model.profile>
<md:Model.profile>http://entsoe.eu/CIM/EquipmentShortCircuit/3/1</md:Model.profile>
<md:Model.profile>http://entsoe.eu/CIM/EquipmentOperation/3/1</md:Model.profile>
<dm:preconditions parseType="Statements"> </dm:preconditions>
<dm:reverseDifferences parseType="Statements">
<rdf:Description rdf:about="#_d0486169-2205-40b2-895e-b672ecb9e5fc">
<cim:IdentifiedObject.name>220.0</cim:IdentifiedObject.name>
</rdf:Description>
<rdf:Description rdf:about="#_b9376bea-c75d-49f3-94ca-6a71fa0086a5"/>
<rdf:Description rdf:about="#_cbdf1842-74ed-4fce-a5d4-0296c82cbc92"/>
<rdf:Description rdf:about="#_a036b765-1669-4f64-acd3-1e8fbd513312"/>
<rdf:Description rdf:about="#_4a7363a4-0b21-4f65-8bba-33e3a8f6bac3"/>
<rdf:Description rdf:about="#_d238885e-d9b6-4edc-8567-6a68c605ed67"/>
<rdf:Description rdf:about="#_c41978db-794b-4bae-953e-60fc519e87dd"/>
<rdf:Description rdf:about="#_53072f42-f77b-47e2-bd9a-e097c910b173"/>
<rdf:Description rdf:about="#_b9539c41-d114-4280-8a54-8ecec398091e"/>
<rdf:Description rdf:about="#_4bb5407b-b4a5-416c-80ad-1a778ada2b9b"/>
<rdf:Description rdf:about="#_6ba406ce-78cf-4485-9b01-a34e584f1a8d">
<cim:RegulatingControl.Terminal rdf:resource="#_2cd21c77-b8b1-4896-95fb-240f45b9ac89"/>
</rdf:Description>
<rdf:Description rdf:about="#_beffa353-7d10-421d-9c08-036b744b1cee"/>
<rdf:Description rdf:about="#_57ae9251-c022-4c67-a8eb-611ad54c963c"/>
<rdf:Description rdf:about="#_5b2c65b0-68ce-4530-85b7-385346a3b5e1"/>
<rdf:Description rdf:about="#_05a17350-55f5-4a00-9a50-8c0048a25495"/>
<rdf:Description rdf:about="#_a4d42d33-ae54-4fe9-ad59-f30da0dfb809"/>
<rdf:Description rdf:about="#_051d49ba-4360-4372-86bf-50eb8cf29778"/>
<rdf:Description rdf:about="#_02a244ca-8bcb-4e25-8613-e948b8ba1f22"/>
<rdf:Description rdf:about="#_c14d2036-72ec-4df3-b1b7-75d8afd9a1fe"/>
<rdf:Description rdf:about="#_f9f29835-8a31-4310-9780-b1ad26f3cbb0"/>
<rdf:Description rdf:about="#_231a4cf8-5069-4d53-96e4-e839f073f1ea"/>
<rdf:Description rdf:about="#_f3b56334-4638-49d3-a6a0-3f417422b8f5"/>
<rdf:Description rdf:about="#_699545b9-82b9-4331-bc80-538d73b4ba56"/>
<rdf:Description rdf:about="#_77f04391-aa23-49b6-b3e9-6089130bb5d5"/>
<rdf:Description rdf:about="#_1ef0715a-d5a9-477b-b6e7-b635529ac140"/>
<rdf:Description rdf:about="#_70d962fb-a492-4c36-8cad-b5c584df53bd"/>
<rdf:Description rdf:about="#_c3774d3f-f48c-4954-a0cf-b4572eb714fd"/>
<rdf:Description rdf:about="#_2cd21c77-b8b1-4896-95fb-240f45b9ac89"/>
<rdf:Description rdf:about="#_4c19ace6-c825-4c5b-87d9-031e6e6a3379"/>
<rdf:Description rdf:about="#_ab7ece75-d726-48c8-a924-b0a9325e6d51"/>
<rdf:Description rdf:about="#_ca7974cf-b25e-4898-9221-7154233e5eb2"/>
<rdf:Description rdf:about="#_1182d878-2eaa-4eec-91be-ce7b2b1e7f9a"/>
<rdf:Description rdf:about="#_76e9ca77-f805-40ea-8120-5a6d58416d34"/>
<rdf:Description rdf:about="#_53fd6693-57e6-482e-8fbe-dcf3531a7ce0"/>
<rdf:Description rdf:about="#_ca0f7e2e-3442-4ada-a704-91f319c0ebe3"/>
<rdf:Description rdf:about="#_d5e2e58e-ccf6-47d9-b3bb-3088eb7a9b6c"/>
<rdf:Description rdf:about="#_22af3121-1a66-4546-bd80-4371f417c644"/>
<rdf:Description rdf:about="#_3c6d83a3-b5f9-41a2-a3d9-cf15d903ed0a"/>
<rdf:Description rdf:about="#_ad794c0e-b9ec-420b-ada1-97680e3dde05"/>
<rdf:Description rdf:about="#_a1b46f53-86f1-497e-bf57-c3b6268bcd6c"/>
<rdf:Description rdf:about="#_65b8c937-9b25-4b9e-addf-602dbc1337f9"/>
<rdf:Description rdf:about="#_62fc0a4e-00aa-4bf7-b1a0-3a5b2c0b5492"/>
<rdf:Description rdf:about="#_800ada75-8c8c-4568-aec5-20f799e45f3c"/>
<rdf:Description rdf:about="#_fa9e0f4d-8a2f-45e1-9e36-3611600d1c94"/>
<rdf:Description rdf:about="#_302fe23a-f64d-41bd-8a81-78130433916d"/>
<rdf:Description rdf:about="#_8f1c492f-a7cc-4160-9a14-54f1743e4850"/>
</dm:reverseDifferences>
<dm:forwardDifferences parseType="Statements">
<rdf:Description rdf:about="#_d0486169-2205-40b2-895e-b672ecb9e5fc">
<cim:IdentifiedObject.name>225.0</cim:IdentifiedObject.name>
</rdf:Description>
<rdf:Description rdf:about="#_b9376bea-c75d-49f3-94ca-6a71fa0086a5">
<cim:Terminal.ConnectivityNode rdf:resource="#_ae99bd74-26b1-443a-b1a5-656320283a36"/>
</rdf:Description>
<rdf:Description rdf:about="#_a036b765-1669-4f64-acd3-1e8fbd513312">
<cim:Terminal.ConnectivityNode rdf:resource="#_bf851342-832e-4ea2-b2ad-b09729b3af23"/>
</rdf:Description>
<rdf:Description rdf:about="#_cbdf1842-74ed-4fce-a5d4-0296c82cbc92">
<cim:Terminal.ConnectivityNode rdf:resource="#_1695eb20-9044-4133-a3fd-2147f55f170d"/>
</rdf:Description>
<rdf:Description rdf:about="#_4a7363a4-0b21-4f65-8bba-33e3a8f6bac3">
<cim:Terminal.ConnectivityNode rdf:resource="#_b6978550-cb6e-11e1-bcee-406c8f32ef58"/>
</rdf:Description>
<rdf:Description rdf:about="#_d238885e-d9b6-4edc-8567-6a68c605ed67">
<cim:Terminal.ConnectivityNode rdf:resource="#_b66f15c0-cb6e-11e1-bcee-406c8f32ef58"/>
</rdf:Description>
<rdf:Description rdf:about="#_c41978db-794b-4bae-953e-60fc519e87dd">
<cim:Terminal.ConnectivityNode rdf:resource="#_b67cf870-cb6e-11e1-bcee-406c8f32ef58"/>
</rdf:Description>
<rdf:Description rdf:about="#_53072f42-f77b-47e2-bd9a-e097c910b173">
<cim:Terminal.ConnectivityNode rdf:resource="#_b675a570-cb6e-11e1-bcee-406c8f32ef58"/>
</rdf:Description>
<rdf:Description rdf:about="#_b9539c41-d114-4280-8a54-8ecec398091e">
<cim:Terminal.ConnectivityNode rdf:resource="#_b67c8340-cb6e-11e1-bcee-406c8f32ef58"/>
</rdf:Description>
<rdf:Description rdf:about="#_4bb5407b-b4a5-416c-80ad-1a778ada2b9b">
<cim:Terminal.ConnectivityNode rdf:resource="#_f51dce2d-2dc6-4cfe-9486-f9d9a5b0fe33"/>
</rdf:Description>
<rdf:Description rdf:about="#_6ba406ce-78cf-4485-9b01-a34e584f1a8d">
<cim:RegulatingControl.Terminal rdf:resource="#_9f5dbaf3-e384-4e86-9d49-f43c30b4e354"/>
</rdf:Description>
<rdf:Description rdf:about="#_beffa353-7d10-421d-9c08-036b744b1cee">
<cim:Terminal.ConnectivityNode rdf:resource="#_0f074167-d8ad-40ed-b0fa-7dc7e9f5f77c"/>
</rdf:Description>
<rdf:Description rdf:about="#_57ae9251-c022-4c67-a8eb-611ad54c963c">
<cim:Terminal.ConnectivityNode rdf:resource="#_b6978550-cb6e-11e1-bcee-406c8f32ef58"/>
</rdf:Description>
<rdf:Description rdf:about="#_5b2c65b0-68ce-4530-85b7-385346a3b5e1">
<cim:Terminal.ConnectivityNode rdf:resource="#_21032053-e646-46a7-9a09-6a9a96dbf108"/>
</rdf:Description>
<rdf:Description rdf:about="#_699545b9-82b9-4331-bc80-538d73b4ba56">
<cim:Terminal.ConnectivityNode rdf:resource="#_18dca121-6c3b-440f-8bf4-8e365b8af551"/>
</rdf:Description>
<rdf:Description rdf:about="#_77f04391-aa23-49b6-b3e9-6089130bb5d5">
<cim:Terminal.ConnectivityNode rdf:resource="#_d0aad282-7c05-4990-b0cf-d9168815048e"/>
</rdf:Description>
<rdf:Description rdf:about="#_231a4cf8-5069-4d53-96e4-e839f073f1ea">
<cim:Terminal.ConnectivityNode rdf:resource="#_3a849ea6-8dd5-4406-ac11-c89db47ef753"/>
</rdf:Description>
<rdf:Description rdf:about="#_f3b56334-4638-49d3-a6a0-3f417422b8f5">
<cim:Terminal.ConnectivityNode rdf:resource="#_b675a570-cb6e-11e1-bcee-406c8f32ef58"/>
</rdf:Description>
<rdf:Description rdf:about="#_c14d2036-72ec-4df3-b1b7-75d8afd9a1fe">
<cim:Terminal.ConnectivityNode rdf:resource="#_4836f99b-c6e9-4ee8-a956-b1e3da882d46"/>
</rdf:Description>
<rdf:Description rdf:about="#_f9f29835-8a31-4310-9780-b1ad26f3cbb0">
<cim:Terminal.ConnectivityNode rdf:resource="#_b67cf870-cb6e-11e1-bcee-406c8f32ef58"/>
</rdf:Description>
<rdf:Description rdf:about="#_051d49ba-4360-4372-86bf-50eb8cf29778">
<cim:Terminal.ConnectivityNode rdf:resource="#_f33cc626-2c46-46b6-8536-88f30ab532cb"/>
</rdf:Description>
<rdf:Description rdf:about="#_02a244ca-8bcb-4e25-8613-e948b8ba1f22">
<cim:Terminal.ConnectivityNode rdf:resource="#_b67c8340-cb6e-11e1-bcee-406c8f32ef58"/>
</rdf:Description>
<rdf:Description rdf:about="#_05a17350-55f5-4a00-9a50-8c0048a25495">
<cim:Terminal.ConnectivityNode rdf:resource="#_2dde989e-28c3-45f0-aa21-8695843ce894"/>
</rdf:Description>
<rdf:Description rdf:about="#_a4d42d33-ae54-4fe9-ad59-f30da0dfb809">
<cim:Terminal.ConnectivityNode rdf:resource="#_36f63f4c-df3b-4507-baf5-bb4934c09183"/>
</rdf:Description>
<rdf:Description rdf:about="#_1ef0715a-d5a9-477b-b6e7-b635529ac140">
<cim:Terminal.ConnectivityNode rdf:resource="#_b66f15c0-cb6e-11e1-bcee-406c8f32ef58"/>
</rdf:Description>
<rdf:Description rdf:about="#_70d962fb-a492-4c36-8cad-b5c584df53bd">
<cim:Terminal.ConnectivityNode rdf:resource="#_29a37807-af63-402d-ac87-2e248d844793"/>
</rdf:Description>
<cim:ConnectivityNode rdf:ID="_93cec50e-e92e-4773-b408-e2419dad090d">
<cim:IdentifiedObject.name>BE_TR_BUS2</cim:IdentifiedObject.name>
<cim:ConnectivityNode.ConnectivityNodeContainer rdf:resource="#_469df5f7-058f-4451-a998-57a48e8a56fe"/>
</cim:ConnectivityNode>
<cim:ConnectivityNode rdf:ID="_21032053-e646-46a7-9a09-6a9a96dbf108">
<cim:IdentifiedObject.name>N1230991529</cim:IdentifiedObject.name>
<cim:ConnectivityNode.ConnectivityNodeContainer rdf:resource="#_d0486169-2205-40b2-895e-b672ecb9e5fc"/>
</cim:ConnectivityNode>
<cim:ConnectivityNode rdf:ID="_84c93a56-e0ca-4deb-a2ce-5eeb10682cab">
<cim:IdentifiedObject.name>BE_BUSBAR_10</cim:IdentifiedObject.name>
<cim:ConnectivityNode.ConnectivityNodeContainer rdf:resource="#_929ba893-c9dc-44d7-b1fd-30834bd3ab85"/>
</cim:ConnectivityNode>
<cim:ConnectivityNode rdf:ID="_29a37807-af63-402d-ac87-2e248d844793">
<cim:IdentifiedObject.name>N1230991550</cim:IdentifiedObject.name>
<cim:ConnectivityNode.ConnectivityNodeContainer rdf:resource="#_d0486169-2205-40b2-895e-b672ecb9e5fc"/>
</cim:ConnectivityNode>
<cim:ConnectivityNode rdf:ID="_bb6a1e59-1071-4985-b80f-d227cf133067">
<cim:IdentifiedObject.name>BE_BUSBAR_12</cim:IdentifiedObject.name>
<cim:ConnectivityNode.ConnectivityNodeContainer rdf:resource="#_469df5f7-058f-4451-a998-57a48e8a56fe"/>
</cim:ConnectivityNode>
<cim:ConnectivityNode rdf:ID="_56ca173b-fd2d-4ef3-bc32-4ae86a318c39">
<cim:IdentifiedObject.name>BE_TR_BUS3</cim:IdentifiedObject.name>
<cim:ConnectivityNode.ConnectivityNodeContainer rdf:resource="#_8bbd7e74-ae20-4dce-8780-c20f8e18c2e0"/>
</cim:ConnectivityNode>
<cim:ConnectivityNode rdf:ID="_a09067cc-e7b3-4743-8134-f5e42b32e88a">
<cim:IdentifiedObject.name>BE_TR_BUS4</cim:IdentifiedObject.name>
<cim:ConnectivityNode.ConnectivityNodeContainer rdf:resource="#_b10b171b-3bc5-4849-bb1f-61ed9ea1ec7c"/>
</cim:ConnectivityNode>
<cim:ConnectivityNode rdf:ID="_36f63f4c-df3b-4507-baf5-bb4934c09183">
<cim:IdentifiedObject.name>N1230992414</cim:IdentifiedObject.name>
<entsoe:IdentifiedObject.shortName>BE-B_3</entsoe:IdentifiedObject.shortName>
<cim:IdentifiedObject.description>BGENT_21; UCTE code</cim:IdentifiedObject.description>
<cim:ConnectivityNode.ConnectivityNodeContainer rdf:resource="#_d0486169-2205-40b2-895e-b672ecb9e5fc"/>
</cim:ConnectivityNode>
<cim:ConnectivityNode rdf:ID="_d0aad282-7c05-4990-b0cf-d9168815048e">
<cim:IdentifiedObject.name>N1230992411</cim:IdentifiedObject.name>
<entsoe:IdentifiedObject.shortName>BE-B_3</entsoe:IdentifiedObject.shortName>
<cim:IdentifiedObject.description>BGENT_21; UCTE code</cim:IdentifiedObject.description>
<cim:ConnectivityNode.ConnectivityNodeContainer rdf:resource="#_d0486169-2205-40b2-895e-b672ecb9e5fc"/>
</cim:ConnectivityNode>
<cim:ConnectivityNode rdf:ID="_d5b267d8-29d8-434b-b3aa-08f8f3435fc0">
<cim:IdentifiedObject.name>BE_TR_BUS1</cim:IdentifiedObject.name>
<cim:ConnectivityNode.ConnectivityNodeContainer rdf:resource="#_8bbd7e74-ae20-4dce-8780-c20f8e18c2e0"/>
</cim:ConnectivityNode>
<cim:ConnectivityNode rdf:ID="_4836f99b-c6e9-4ee8-a956-b1e3da882d46">
<cim:IdentifiedObject.name>BE-Busbar_1</cim:IdentifiedObject.name>
<entsoe:IdentifiedObject.shortName>BE-B_1</entsoe:IdentifiedObject.shortName>
<cim:IdentifiedObject.description>BGENT_11; old UCTE code</cim:IdentifiedObject.description>
<cim:ConnectivityNode.ConnectivityNodeContainer rdf:resource="#_469df5f7-058f-4451-a998-57a48e8a56fe"/>
</cim:ConnectivityNode>
<cim:ConnectivityNode rdf:ID="_ae99bd74-26b1-443a-b1a5-656320283a36">
<cim:IdentifiedObject.name>BE-Busbar_2</cim:IdentifiedObject.name>
<entsoe:IdentifiedObject.shortName>BE-B_2</entsoe:IdentifiedObject.shortName>
<cim:IdentifiedObject.description>BBRUS_21; this is UCTE code</cim:IdentifiedObject.description>
<cim:ConnectivityNode.ConnectivityNodeContainer rdf:resource="#_d0486169-2205-40b2-895e-b672ecb9e5fc"/>
</cim:ConnectivityNode>
<cim:ConnectivityNode rdf:ID="_bf851342-832e-4ea2-b2ad-b09729b3af23">
<cim:IdentifiedObject.name>BE-Busbar_3</cim:IdentifiedObject.name>
<entsoe:IdentifiedObject.shortName>BE-B_3</entsoe:IdentifiedObject.shortName>
<cim:IdentifiedObject.description>BGENT_21; UCTE code</cim:IdentifiedObject.description>
<cim:ConnectivityNode.ConnectivityNodeContainer rdf:resource="#_b10b171b-3bc5-4849-bb1f-61ed9ea1ec7c"/>
</cim:ConnectivityNode>
<cim:ConnectivityNode rdf:ID="_0f074167-d8ad-40ed-b0fa-7dc7e9f5f77c">
<cim:IdentifiedObject.name>BE-Busbar_4</cim:IdentifiedObject.name>
<entsoe:IdentifiedObject.shortName>BE-B_4</entsoe:IdentifiedObject.shortName>
<cim:IdentifiedObject.description>BGENT_71; This is the old UCTE code from UCTE DEF</cim:IdentifiedObject.description>
<cim:ConnectivityNode.ConnectivityNodeContainer rdf:resource="#_4ba71b59-ee2f-450b-9f7d-cc2f1cc5e386"/>
</cim:ConnectivityNode>
<cim:ConnectivityNode rdf:ID="_f51dce2d-2dc6-4cfe-9486-f9d9a5b0fe33">
<cim:IdentifiedObject.name>BE-Busbar_5</cim:IdentifiedObject.name>
<entsoe:IdentifiedObject.shortName>BE-B_5</entsoe:IdentifiedObject.shortName>
<cim:IdentifiedObject.description>BGENT_72; this is old code</cim:IdentifiedObject.description>
<cim:ConnectivityNode.ConnectivityNodeContainer rdf:resource="#_929ba893-c9dc-44d7-b1fd-30834bd3ab85"/>
</cim:ConnectivityNode>
<cim:ConnectivityNode rdf:ID="_1695eb20-9044-4133-a3fd-2147f55f170d">
<cim:IdentifiedObject.name>BE-Busbar_6</cim:IdentifiedObject.name>
<entsoe:IdentifiedObject.shortName>BE-B_6</entsoe:IdentifiedObject.shortName>
<cim:IdentifiedObject.description>BBRUS151; BGENT_51</cim:IdentifiedObject.description>
<cim:ConnectivityNode.ConnectivityNodeContainer rdf:resource="#_8bbd7e74-ae20-4dce-8780-c20f8e18c2e0"/>
</cim:ConnectivityNode>
<cim:ConnectivityNode rdf:ID="_f33cc626-2c46-46b6-8536-88f30ab532cb">
<cim:IdentifiedObject.name>N1230991724</cim:IdentifiedObject.name>
<cim:ConnectivityNode.ConnectivityNodeContainer rdf:resource="#_469df5f7-058f-4451-a998-57a48e8a56fe"/>
</cim:ConnectivityNode>
<cim:ConnectivityNode rdf:ID="_3a849ea6-8dd5-4406-ac11-c89db47ef753">
<cim:IdentifiedObject.name>N1230991739</cim:IdentifiedObject.name>
<cim:ConnectivityNode.ConnectivityNodeContainer rdf:resource="#_469df5f7-058f-4451-a998-57a48e8a56fe"/>
</cim:ConnectivityNode>
<cim:ConnectivityNode rdf:ID="_3293fcc7-4962-47df-a7c1-ce150600c388">
<cim:IdentifiedObject.name>BE_TR_BUS5</cim:IdentifiedObject.name>
<cim:ConnectivityNode.ConnectivityNodeContainer rdf:resource="#_8bbd7e74-ae20-4dce-8780-c20f8e18c2e0"/>
</cim:ConnectivityNode>
<cim:ConnectivityNode rdf:ID="_2dde989e-28c3-45f0-aa21-8695843ce894">
<cim:IdentifiedObject.name>N1230992291</cim:IdentifiedObject.name>
<entsoe:IdentifiedObject.shortName>BE-B_3</entsoe:IdentifiedObject.shortName>
<cim:IdentifiedObject.description>BGENT_21; UCTE code</cim:IdentifiedObject.description>
<cim:ConnectivityNode.ConnectivityNodeContainer rdf:resource="#_b10b171b-3bc5-4849-bb1f-61ed9ea1ec7c"/>
</cim:ConnectivityNode>
<cim:ConnectivityNode rdf:ID="_18dca121-6c3b-440f-8bf4-8e365b8af551">
<cim:IdentifiedObject.name>N1230992288</cim:IdentifiedObject.name>
<entsoe:IdentifiedObject.shortName>BE-B_3</entsoe:IdentifiedObject.shortName>
<cim:IdentifiedObject.description>BGENT_21; UCTE code</cim:IdentifiedObject.description>
<cim:ConnectivityNode.ConnectivityNodeContainer rdf:resource="#_b10b171b-3bc5-4849-bb1f-61ed9ea1ec7c"/>
</cim:ConnectivityNode>
<rdf:Description rdf:about="#_ca7974cf-b25e-4898-9221-7154233e5eb2">
<cim:Terminal.ConnectivityNode rdf:resource="#_3293fcc7-4962-47df-a7c1-ce150600c388"/>
</rdf:Description>
<rdf:Description rdf:about="#_1182d878-2eaa-4eec-91be-ce7b2b1e7f9a">
<cim:Terminal.ConnectivityNode rdf:resource="#_0f074167-d8ad-40ed-b0fa-7dc7e9f5f77c"/>
</rdf:Description>
<rdf:Description rdf:about="#_4c19ace6-c825-4c5b-87d9-031e6e6a3379">
<cim:Terminal.ConnectivityNode rdf:resource="#_a09067cc-e7b3-4743-8134-f5e42b32e88a"/>
</rdf:Description>
<rdf:Description rdf:about="#_ab7ece75-d726-48c8-a924-b0a9325e6d51">
<cim:Terminal.ConnectivityNode rdf:resource="#_56ca173b-fd2d-4ef3-bc32-4ae86a318c39"/>
</rdf:Description>
<rdf:Description rdf:about="#_c3774d3f-f48c-4954-a0cf-b4572eb714fd">
<cim:Terminal.ConnectivityNode rdf:resource="#_93cec50e-e92e-4773-b408-e2419dad090d"/>
</rdf:Description>
<rdf:Description rdf:about="#_2cd21c77-b8b1-4896-95fb-240f45b9ac89">
<cim:Terminal.ConnectivityNode rdf:resource="#_d5b267d8-29d8-434b-b3aa-08f8f3435fc0"/>
</rdf:Description>
<rdf:Description rdf:about="#_76e9ca77-f805-40ea-8120-5a6d58416d34">
<cim:Terminal.ConnectivityNode rdf:resource="#_bb6a1e59-1071-4985-b80f-d227cf133067"/>
</rdf:Description>
<rdf:Description rdf:about="#_53fd6693-57e6-482e-8fbe-dcf3531a7ce0">
<cim:Terminal.ConnectivityNode rdf:resource="#_bf851342-832e-4ea2-b2ad-b09729b3af23"/>
</rdf:Description>
<rdf:Description rdf:about="#_ca0f7e2e-3442-4ada-a704-91f319c0ebe3">
<cim:Terminal.ConnectivityNode rdf:resource="#_84c93a56-e0ca-4deb-a2ce-5eeb10682cab"/>
</rdf:Description>
<rdf:Description rdf:about="#_22af3121-1a66-4546-bd80-4371f417c644">
<cim:Terminal.ConnectivityNode rdf:resource="#_4836f99b-c6e9-4ee8-a956-b1e3da882d46"/>
</rdf:Description>
<rdf:Description rdf:about="#_d5e2e58e-ccf6-47d9-b3bb-3088eb7a9b6c">
<cim:Terminal.ConnectivityNode rdf:resource="#_1695eb20-9044-4133-a3fd-2147f55f170d"/>
</rdf:Description>
<cim:Breaker rdf:ID="_6b564930-b5e2-49d3-9d06-e1de28d6fd65">
<cim:IdentifiedObject.name>BE_Breaker_2</cim:IdentifiedObject.name>
<cim:Equipment.aggregate>false</cim:Equipment.aggregate>
<cim:Switch.normalOpen>false</cim:Switch.normalOpen>
<cim:Switch.retained>false</cim:Switch.retained>
<cim:Equipment.EquipmentContainer rdf:resource="#_469df5f7-058f-4451-a998-57a48e8a56fe"/>
</cim:Breaker>
<cim:Terminal rdf:ID="_345d8528-1a7e-4245-92d6-15db7a7e3c86">
<cim:IdentifiedObject.name>BE_Breaker_2 - T1</cim:IdentifiedObject.name>
<cim:ACDCTerminal.sequenceNumber>1</cim:ACDCTerminal.sequenceNumber>
<cim:Terminal.phases rdf:resource="http://iec.ch/TC57/2013/CIM-schema-cim16#PhaseCode.ABC"/>
<cim:Terminal.ConductingEquipment rdf:resource="#_6b564930-b5e2-49d3-9d06-e1de28d6fd65"/>
<cim:Terminal.ConnectivityNode rdf:resource="#_93cec50e-e92e-4773-b408-e2419dad090d"/>
</cim:Terminal>
<cim:Terminal rdf:ID="_907dbcfe-2037-4f84-97f1-6e59f782168e">
<cim:IdentifiedObject.name>BE_Breaker_2 - T2</cim:IdentifiedObject.name>
<cim:ACDCTerminal.sequenceNumber>2</cim:ACDCTerminal.sequenceNumber>
<cim:Terminal.phases rdf:resource="http://iec.ch/TC57/2013/CIM-schema-cim16#PhaseCode.ABC"/>
<cim:Terminal.ConductingEquipment rdf:resource="#_6b564930-b5e2-49d3-9d06-e1de28d6fd65"/>
<cim:Terminal.ConnectivityNode rdf:resource="#_4836f99b-c6e9-4ee8-a956-b1e3da882d46"/>
</cim:Terminal>
<cim:Breaker rdf:ID="_969470b9-e74c-40d2-b3f7-bcfd88400fd1">
<cim:IdentifiedObject.name>BE_Breaker_10</cim:IdentifiedObject.name>
<cim:Equipment.aggregate>false</cim:Equipment.aggregate>
<cim:Switch.normalOpen>false</cim:Switch.normalOpen>
<cim:Switch.retained>false</cim:Switch.retained>
<cim:Equipment.EquipmentContainer rdf:resource="#_929ba893-c9dc-44d7-b1fd-30834bd3ab85"/>
</cim:Breaker>
<cim:Terminal rdf:ID="_f392d0d3-47cb-4ec1-925f-b3762d4a787c">
<cim:IdentifiedObject.name>BE_Breaker_10 - T1</cim:IdentifiedObject.name>
<cim:ACDCTerminal.sequenceNumber>1</cim:ACDCTerminal.sequenceNumber>
<cim:Terminal.phases rdf:resource="http://iec.ch/TC57/2013/CIM-schema-cim16#PhaseCode.ABC"/>
<cim:Terminal.ConductingEquipment rdf:resource="#_969470b9-e74c-40d2-b3f7-bcfd88400fd1"/>
<cim:Terminal.ConnectivityNode rdf:resource="#_f51dce2d-2dc6-4cfe-9486-f9d9a5b0fe33"/>
</cim:Terminal>
<cim:Terminal rdf:ID="_b3bf6cbd-abe8-42b6-95f4-20682475b484">
<cim:IdentifiedObject.name>BE_Breaker_10 - T2</cim:IdentifiedObject.name>
<cim:ACDCTerminal.sequenceNumber>2</cim:ACDCTerminal.sequenceNumber>
<cim:Terminal.phases rdf:resource="http://iec.ch/TC57/2013/CIM-schema-cim16#PhaseCode.ABC"/>
<cim:Terminal.ConductingEquipment rdf:resource="#_969470b9-e74c-40d2-b3f7-bcfd88400fd1"/>
<cim:Terminal.ConnectivityNode rdf:resource="#_84c93a56-e0ca-4deb-a2ce-5eeb10682cab"/>
</cim:Terminal>
<cim:Breaker rdf:ID="_925a3a38-cd26-4f89-8891-c5bc8494e1ae">
<cim:IdentifiedObject.name>CIRCB-1230991526</cim:IdentifiedObject.name>
<cim:Equipment.aggregate>false</cim:Equipment.aggregate>
<cim:Switch.normalOpen>false</cim:Switch.normalOpen>
<cim:Switch.retained>false</cim:Switch.retained>
<cim:Equipment.EquipmentContainer rdf:resource="#_d0486169-2205-40b2-895e-b672ecb9e5fc"/>
</cim:Breaker>
<cim:Terminal rdf:ID="_381fc1a6-63f7-4728-bb84-d4d7fe4f8794">
<cim:IdentifiedObject.name>CIRCB-1230991526 - T1</cim:IdentifiedObject.name>
<cim:ACDCTerminal.sequenceNumber>1</cim:ACDCTerminal.sequenceNumber>
<cim:Terminal.phases rdf:resource="http://iec.ch/TC57/2013/CIM-schema-cim16#PhaseCode.ABC"/>
<cim:Terminal.ConductingEquipment rdf:resource="#_925a3a38-cd26-4f89-8891-c5bc8494e1ae"/>
<cim:Terminal.ConnectivityNode rdf:resource="#_ae99bd74-26b1-443a-b1a5-656320283a36"/>
</cim:Terminal>
<cim:Terminal rdf:ID="_e1e6f751-259f-4182-b4e1-12eba54a54ce">
<cim:IdentifiedObject.name>CIRCB-1230991526 - T2</cim:IdentifiedObject.name>
<cim:ACDCTerminal.sequenceNumber>2</cim:ACDCTerminal.sequenceNumber>
<cim:Terminal.phases rdf:resource="http://iec.ch/TC57/2013/CIM-schema-cim16#PhaseCode.ABC"/>
<cim:Terminal.ConductingEquipment rdf:resource="#_925a3a38-cd26-4f89-8891-c5bc8494e1ae"/>
<cim:Terminal.ConnectivityNode rdf:resource="#_21032053-e646-46a7-9a09-6a9a96dbf108"/>
</cim:Terminal>
<cim:Breaker rdf:ID="_484536e9-762a-49a3-9970-d60b9fae03fe">
<cim:IdentifiedObject.name>CIRCB-1230991544</cim:IdentifiedObject.name>
<cim:Equipment.aggregate>false</cim:Equipment.aggregate>
<cim:Switch.normalOpen>false</cim:Switch.normalOpen>
<cim:Switch.retained>false</cim:Switch.retained>
<cim:Equipment.EquipmentContainer rdf:resource="#_d0486169-2205-40b2-895e-b672ecb9e5fc"/>
</cim:Breaker>
<cim:Terminal rdf:ID="_310c303a-b0ed-4e42-9854-628f34c53d2b">
<cim:IdentifiedObject.name>CIRCB-1230991544 - T1</cim:IdentifiedObject.name>
<cim:ACDCTerminal.sequenceNumber>1</cim:ACDCTerminal.sequenceNumber>
<cim:Terminal.phases rdf:resource="http://iec.ch/TC57/2013/CIM-schema-cim16#PhaseCode.ABC"/>
<cim:Terminal.ConductingEquipment rdf:resource="#_484536e9-762a-49a3-9970-d60b9fae03fe"/>
<cim:Terminal.ConnectivityNode rdf:resource="#_ae99bd74-26b1-443a-b1a5-656320283a36"/>
</cim:Terminal>
<cim:Terminal rdf:ID="_678a3049-afc0-432f-8f53-b30aa71907b2">
<cim:IdentifiedObject.name>CIRCB-1230991544 - T2</cim:IdentifiedObject.name>
<cim:ACDCTerminal.sequenceNumber>2</cim:ACDCTerminal.sequenceNumber>
<cim:Terminal.phases rdf:resource="http://iec.ch/TC57/2013/CIM-schema-cim16#PhaseCode.ABC"/>
<cim:Terminal.ConductingEquipment rdf:resource="#_484536e9-762a-49a3-9970-d60b9fae03fe"/>
<cim:Terminal.ConnectivityNode rdf:resource="#_29a37807-af63-402d-ac87-2e248d844793"/>
</cim:Terminal>
<cim:Breaker rdf:ID="_96c2b5c8-8e28-4b08-96d2-ca9b09cdbd83">
<cim:IdentifiedObject.name>BE_Breaker_12</cim:IdentifiedObject.name>
<cim:Equipment.aggregate>false</cim:Equipment.aggregate>
<cim:Switch.normalOpen>false</cim:Switch.normalOpen>
<cim:Switch.retained>false</cim:Switch.retained>
<cim:Equipment.EquipmentContainer rdf:resource="#_469df5f7-058f-4451-a998-57a48e8a56fe"/>
</cim:Breaker>
<cim:Terminal rdf:ID="_5c206db8-ef8c-4e53-b2b9-38b52b194c5a">
<cim:IdentifiedObject.name>BE_Breaker_12 - T1</cim:IdentifiedObject.name>
<cim:ACDCTerminal.sequenceNumber>1</cim:ACDCTerminal.sequenceNumber>
<cim:Terminal.phases rdf:resource="http://iec.ch/TC57/2013/CIM-schema-cim16#PhaseCode.ABC"/>
<cim:Terminal.ConductingEquipment rdf:resource="#_96c2b5c8-8e28-4b08-96d2-ca9b09cdbd83"/>
<cim:Terminal.ConnectivityNode rdf:resource="#_bb6a1e59-1071-4985-b80f-d227cf133067"/>
</cim:Terminal>
<cim:Terminal rdf:ID="_a45d705f-46f6-4bde-8790-11a762da8c01">
<cim:IdentifiedObject.name>BE_Breaker_12 - T2</cim:IdentifiedObject.name>
<cim:ACDCTerminal.sequenceNumber>2</cim:ACDCTerminal.sequenceNumber>
<cim:Terminal.phases rdf:resource="http://iec.ch/TC57/2013/CIM-schema-cim16#PhaseCode.ABC"/>
<cim:Terminal.ConductingEquipment rdf:resource="#_96c2b5c8-8e28-4b08-96d2-ca9b09cdbd83"/>
<cim:Terminal.ConnectivityNode rdf:resource="#_4836f99b-c6e9-4ee8-a956-b1e3da882d46"/>
</cim:Terminal>
<cim:Breaker rdf:ID="_2922c1dd-4113-466e-8cad-002572f3f557">
<cim:IdentifiedObject.name>BE_Breaker_3</cim:IdentifiedObject.name>
<cim:Equipment.aggregate>false</cim:Equipment.aggregate>
<cim:Switch.normalOpen>false</cim:Switch.normalOpen>
<cim:Switch.retained>false</cim:Switch.retained>
<cim:Equipment.EquipmentContainer rdf:resource="#_8bbd7e74-ae20-4dce-8780-c20f8e18c2e0"/>
</cim:Breaker>
<cim:Terminal rdf:ID="_4bbaf84d-2437-44e1-a56c-e79723370e77">
<cim:IdentifiedObject.name>BE_Breaker_3 - T1</cim:IdentifiedObject.name>
<cim:ACDCTerminal.sequenceNumber>1</cim:ACDCTerminal.sequenceNumber>
<cim:Terminal.phases rdf:resource="http://iec.ch/TC57/2013/CIM-schema-cim16#PhaseCode.ABC"/>
<cim:Terminal.ConductingEquipment rdf:resource="#_2922c1dd-4113-466e-8cad-002572f3f557"/>
<cim:Terminal.ConnectivityNode rdf:resource="#_1695eb20-9044-4133-a3fd-2147f55f170d"/>
</cim:Terminal>
<cim:Terminal rdf:ID="_b8bca219-a924-434f-8163-50aae6d486a7">
<cim:IdentifiedObject.name>BE_Breaker_3 - T2</cim:IdentifiedObject.name>
<cim:ACDCTerminal.sequenceNumber>2</cim:ACDCTerminal.sequenceNumber>
<cim:Terminal.phases rdf:resource="http://iec.ch/TC57/2013/CIM-schema-cim16#PhaseCode.ABC"/>
<cim:Terminal.ConductingEquipment rdf:resource="#_2922c1dd-4113-466e-8cad-002572f3f557"/>
<cim:Terminal.ConnectivityNode rdf:resource="#_56ca173b-fd2d-4ef3-bc32-4ae86a318c39"/>
</cim:Terminal>
<cim:Breaker rdf:ID="_fd136c65-d001-41a1-adc7-c5430b5c5e72">
<cim:IdentifiedObject.name>CIRCB-1230992399</cim:IdentifiedObject.name>
<cim:Equipment.aggregate>false</cim:Equipment.aggregate>
<cim:Switch.normalOpen>false</cim:Switch.normalOpen>
<cim:Switch.retained>false</cim:Switch.retained>
<cim:Equipment.EquipmentContainer rdf:resource="#_d0486169-2205-40b2-895e-b672ecb9e5fc"/>
</cim:Breaker>
<cim:Terminal rdf:ID="_e57dd4ed-5ea0-4374-9b36-40a294a8e2be">
<cim:IdentifiedObject.name>CIRCB-1230992399 - T1</cim:IdentifiedObject.name>
<cim:ACDCTerminal.sequenceNumber>1</cim:ACDCTerminal.sequenceNumber>
<cim:Terminal.phases rdf:resource="http://iec.ch/TC57/2013/CIM-schema-cim16#PhaseCode.ABC"/>
<cim:Terminal.ConductingEquipment rdf:resource="#_fd136c65-d001-41a1-adc7-c5430b5c5e72"/>
<cim:Terminal.ConnectivityNode rdf:resource="#_d0aad282-7c05-4990-b0cf-d9168815048e"/>
</cim:Terminal>
<cim:Terminal rdf:ID="_b6e23b90-9c48-4285-ac02-5b68d0c572a6">
<cim:IdentifiedObject.name>CIRCB-1230992399 - T2</cim:IdentifiedObject.name>
<cim:ACDCTerminal.sequenceNumber>2</cim:ACDCTerminal.sequenceNumber>
<cim:Terminal.phases rdf:resource="http://iec.ch/TC57/2013/CIM-schema-cim16#PhaseCode.ABC"/>
<cim:Terminal.ConductingEquipment rdf:resource="#_fd136c65-d001-41a1-adc7-c5430b5c5e72"/>
<cim:Terminal.ConnectivityNode rdf:resource="#_ae99bd74-26b1-443a-b1a5-656320283a36"/>
</cim:Terminal>
<cim:Breaker rdf:ID="_a603d890-5d9d-42ef-98d0-acf47d121c0e">
<cim:IdentifiedObject.name>BE_Breaker_4</cim:IdentifiedObject.name>
<cim:Equipment.aggregate>false</cim:Equipment.aggregate>
<cim:Switch.normalOpen>false</cim:Switch.normalOpen>
<cim:Switch.retained>false</cim:Switch.retained>
<cim:Equipment.EquipmentContainer rdf:resource="#_b10b171b-3bc5-4849-bb1f-61ed9ea1ec7c"/>
</cim:Breaker>
<cim:Terminal rdf:ID="_529a048e-7681-4e59-aba1-f7474a562cba">
<cim:IdentifiedObject.name>BE_Breaker_4 - T1</cim:IdentifiedObject.name>
<cim:ACDCTerminal.sequenceNumber>1</cim:ACDCTerminal.sequenceNumber>
<cim:Terminal.phases rdf:resource="http://iec.ch/TC57/2013/CIM-schema-cim16#PhaseCode.ABC"/>
<cim:Terminal.ConductingEquipment rdf:resource="#_a603d890-5d9d-42ef-98d0-acf47d121c0e"/>
<cim:Terminal.ConnectivityNode rdf:resource="#_a09067cc-e7b3-4743-8134-f5e42b32e88a"/>
</cim:Terminal>
<cim:Terminal rdf:ID="_68d47f87-1a1f-4c63-80ca-d3becb4a47f9">
<cim:IdentifiedObject.name>BE_Breaker_4 - T2</cim:IdentifiedObject.name>
<cim:ACDCTerminal.sequenceNumber>2</cim:ACDCTerminal.sequenceNumber>
<cim:Terminal.phases rdf:resource="http://iec.ch/TC57/2013/CIM-schema-cim16#PhaseCode.ABC"/>
<cim:Terminal.ConductingEquipment rdf:resource="#_a603d890-5d9d-42ef-98d0-acf47d121c0e"/>
<cim:Terminal.ConnectivityNode rdf:resource="#_bf851342-832e-4ea2-b2ad-b09729b3af23"/>
</cim:Terminal>
<cim:Breaker rdf:ID="_0a84038e-1952-4d9d-9909-3b49c364a1ac">
<cim:IdentifiedObject.name>CIRCB-1230992408</cim:IdentifiedObject.name>
<cim:Equipment.aggregate>false</cim:Equipment.aggregate>
<cim:Switch.normalOpen>false</cim:Switch.normalOpen>
<cim:Switch.retained>false</cim:Switch.retained>
<cim:Equipment.EquipmentContainer rdf:resource="#_d0486169-2205-40b2-895e-b672ecb9e5fc"/>
</cim:Breaker>
<cim:Terminal rdf:ID="_3fa4866b-1714-4be9-afab-3909ae092016">
<cim:IdentifiedObject.name>CIRCB-1230992408 - T1</cim:IdentifiedObject.name>
<cim:ACDCTerminal.sequenceNumber>1</cim:ACDCTerminal.sequenceNumber>
<cim:Terminal.phases rdf:resource="http://iec.ch/TC57/2013/CIM-schema-cim16#PhaseCode.ABC"/>
<cim:Terminal.ConductingEquipment rdf:resource="#_0a84038e-1952-4d9d-9909-3b49c364a1ac"/>
<cim:Terminal.ConnectivityNode rdf:resource="#_36f63f4c-df3b-4507-baf5-bb4934c09183"/>
</cim:Terminal>
<cim:Terminal rdf:ID="_b741ce25-3f99-4aa8-9b03-d9de0ba6e342">
<cim:IdentifiedObject.name>CIRCB-1230992408 - T2</cim:IdentifiedObject.name>
<cim:ACDCTerminal.sequenceNumber>2</cim:ACDCTerminal.sequenceNumber>
<cim:Terminal.phases rdf:resource="http://iec.ch/TC57/2013/CIM-schema-cim16#PhaseCode.ABC"/>
<cim:Terminal.ConductingEquipment rdf:resource="#_0a84038e-1952-4d9d-9909-3b49c364a1ac"/>
<cim:Terminal.ConnectivityNode rdf:resource="#_ae99bd74-26b1-443a-b1a5-656320283a36"/>
</cim:Terminal>
<cim:Breaker rdf:ID="_14d55344-c118-4f54-a430-72f16d12bf7b">
<cim:IdentifiedObject.name>CIRCB-1230991718</cim:IdentifiedObject.name>
<cim:Equipment.aggregate>false</cim:Equipment.aggregate>
<cim:Switch.normalOpen>false</cim:Switch.normalOpen>
<cim:Switch.retained>false</cim:Switch.retained>
<cim:Equipment.EquipmentContainer rdf:resource="#_469df5f7-058f-4451-a998-57a48e8a56fe"/>
</cim:Breaker>
<cim:Terminal rdf:ID="_042688a6-140f-473c-98f9-94a3cfdc00d3">
<cim:IdentifiedObject.name>CIRCB-1230991718 - T1</cim:IdentifiedObject.name>
<cim:ACDCTerminal.sequenceNumber>1</cim:ACDCTerminal.sequenceNumber>
<cim:Terminal.phases rdf:resource="http://iec.ch/TC57/2013/CIM-schema-cim16#PhaseCode.ABC"/>
<cim:Terminal.ConductingEquipment rdf:resource="#_14d55344-c118-4f54-a430-72f16d12bf7b"/>
<cim:Terminal.ConnectivityNode rdf:resource="#_4836f99b-c6e9-4ee8-a956-b1e3da882d46"/>
</cim:Terminal>
<cim:Terminal rdf:ID="_6811721b-252c-45fd-8474-6db1e7d5739e">
<cim:IdentifiedObject.name>CIRCB-1230991718 - T2</cim:IdentifiedObject.name>
<cim:ACDCTerminal.sequenceNumber>2</cim:ACDCTerminal.sequenceNumber>
<cim:Terminal.phases rdf:resource="http://iec.ch/TC57/2013/CIM-schema-cim16#PhaseCode.ABC"/>
<cim:Terminal.ConductingEquipment rdf:resource="#_14d55344-c118-4f54-a430-72f16d12bf7b"/>
<cim:Terminal.ConnectivityNode rdf:resource="#_f33cc626-2c46-46b6-8536-88f30ab532cb"/>
</cim:Terminal>
<cim:Breaker rdf:ID="_ddc148fc-3abd-459d-aec1-396283e0def6">
<cim:IdentifiedObject.name>CIRCB-1230992285</cim:IdentifiedObject.name>
<cim:Equipment.aggregate>false</cim:Equipment.aggregate>
<cim:Switch.normalOpen>false</cim:Switch.normalOpen>
<cim:Switch.retained>false</cim:Switch.retained>
<cim:Equipment.EquipmentContainer rdf:resource="#_b10b171b-3bc5-4849-bb1f-61ed9ea1ec7c"/>
</cim:Breaker>
<cim:Terminal rdf:ID="_b501caa7-949f-49c6-b4d4-f50ef3625ede">
<cim:IdentifiedObject.name>CIRCB-1230992285 - T1</cim:IdentifiedObject.name>
<cim:ACDCTerminal.sequenceNumber>1</cim:ACDCTerminal.sequenceNumber>
<cim:Terminal.phases rdf:resource="http://iec.ch/TC57/2013/CIM-schema-cim16#PhaseCode.ABC"/>
<cim:Terminal.ConductingEquipment rdf:resource="#_ddc148fc-3abd-459d-aec1-396283e0def6"/>
<cim:Terminal.ConnectivityNode rdf:resource="#_bf851342-832e-4ea2-b2ad-b09729b3af23"/>
</cim:Terminal>
<cim:Terminal rdf:ID="_fd2867a9-0c57-4cf2-acfb-439c4039b06b">
<cim:IdentifiedObject.name>CIRCB-1230992285 - T2</cim:IdentifiedObject.name>
<cim:ACDCTerminal.sequenceNumber>2</cim:ACDCTerminal.sequenceNumber>
<cim:Terminal.phases rdf:resource="http://iec.ch/TC57/2013/CIM-schema-cim16#PhaseCode.ABC"/>
<cim:Terminal.ConductingEquipment rdf:resource="#_ddc148fc-3abd-459d-aec1-396283e0def6"/>
<cim:Terminal.ConnectivityNode rdf:resource="#_2dde989e-28c3-45f0-aa21-8695843ce894"/>
</cim:Terminal>
<cim:Breaker rdf:ID="_3b394dab-ab47-4022-98be-8123c6dfe7d4">
<cim:IdentifiedObject.name>CIRCB-1230992276</cim:IdentifiedObject.name>
<cim:Equipment.aggregate>false</cim:Equipment.aggregate>
<cim:Switch.normalOpen>false</cim:Switch.normalOpen>
<cim:Switch.retained>false</cim:Switch.retained>
<cim:Equipment.EquipmentContainer rdf:resource="#_b10b171b-3bc5-4849-bb1f-61ed9ea1ec7c"/>
</cim:Breaker>
<cim:Terminal rdf:ID="_756dff85-b2c8-4a06-9a4c-4dde854e668b">
<cim:IdentifiedObject.name>CIRCB-1230992276 - T1</cim:IdentifiedObject.name>
<cim:ACDCTerminal.sequenceNumber>1</cim:ACDCTerminal.sequenceNumber>
<cim:Terminal.phases rdf:resource="http://iec.ch/TC57/2013/CIM-schema-cim16#PhaseCode.ABC"/>
<cim:Terminal.ConductingEquipment rdf:resource="#_3b394dab-ab47-4022-98be-8123c6dfe7d4"/>
<cim:Terminal.ConnectivityNode rdf:resource="#_bf851342-832e-4ea2-b2ad-b09729b3af23"/>
</cim:Terminal>
<cim:Terminal rdf:ID="_3f8b7c82-ca57-401a-9e2d-b719f8c83030">
<cim:IdentifiedObject.name>CIRCB-1230992276 - T2</cim:IdentifiedObject.name>
<cim:ACDCTerminal.sequenceNumber>2</cim:ACDCTerminal.sequenceNumber>
<cim:Terminal.phases rdf:resource="http://iec.ch/TC57/2013/CIM-schema-cim16#PhaseCode.ABC"/>
<cim:Terminal.ConductingEquipment rdf:resource="#_3b394dab-ab47-4022-98be-8123c6dfe7d4"/>
<cim:Terminal.ConnectivityNode rdf:resource="#_18dca121-6c3b-440f-8bf4-8e365b8af551"/>
</cim:Terminal>
<cim:Breaker rdf:ID="_0e8cd279-ad5d-485a-b3a9-093ae8714b72">
<cim:IdentifiedObject.name>CIRCB-1230991736</cim:IdentifiedObject.name>
<cim:Equipment.aggregate>false</cim:Equipment.aggregate>
<cim:Switch.normalOpen>false</cim:Switch.normalOpen>
<cim:Switch.retained>false</cim:Switch.retained>
<cim:Equipment.EquipmentContainer rdf:resource="#_469df5f7-058f-4451-a998-57a48e8a56fe"/>
</cim:Breaker>
<cim:Terminal rdf:ID="_0cca0f16-c476-4a99-b289-d660ff57b891">
<cim:IdentifiedObject.name>CIRCB-1230991736 - T1</cim:IdentifiedObject.name>
<cim:ACDCTerminal.sequenceNumber>1</cim:ACDCTerminal.sequenceNumber>
<cim:Terminal.phases rdf:resource="http://iec.ch/TC57/2013/CIM-schema-cim16#PhaseCode.ABC"/>
<cim:Terminal.ConductingEquipment rdf:resource="#_0e8cd279-ad5d-485a-b3a9-093ae8714b72"/>
<cim:Terminal.ConnectivityNode rdf:resource="#_4836f99b-c6e9-4ee8-a956-b1e3da882d46"/>
</cim:Terminal>
<cim:Terminal rdf:ID="_36fedfd8-280b-4ee4-b58a-cd2063e5d706">
<cim:IdentifiedObject.name>CIRCB-1230991736 - T2</cim:IdentifiedObject.name>
<cim:ACDCTerminal.sequenceNumber>2</cim:ACDCTerminal.sequenceNumber>
<cim:Terminal.phases rdf:resource="http://iec.ch/TC57/2013/CIM-schema-cim16#PhaseCode.ABC"/>
<cim:Terminal.ConductingEquipment rdf:resource="#_0e8cd279-ad5d-485a-b3a9-093ae8714b72"/>
<cim:Terminal.ConnectivityNode rdf:resource="#_3a849ea6-8dd5-4406-ac11-c89db47ef753"/>
</cim:Terminal>
<cim:Breaker rdf:ID="_38dfcc80-600f-44e2-8f71-fb595b4f00ac">
<cim:IdentifiedObject.name>BE_Breaker_1</cim:IdentifiedObject.name>
<cim:Equipment.aggregate>false</cim:Equipment.aggregate>
<cim:Switch.normalOpen>false</cim:Switch.normalOpen>
<cim:Switch.retained>false</cim:Switch.retained>
<cim:Equipment.EquipmentContainer rdf:resource="#_8bbd7e74-ae20-4dce-8780-c20f8e18c2e0"/>
</cim:Breaker>
<cim:Terminal rdf:ID="_9f5dbaf3-e384-4e86-9d49-f43c30b4e354">
<cim:IdentifiedObject.name>BE_Breaker_1 - T1</cim:IdentifiedObject.name>
<cim:ACDCTerminal.sequenceNumber>1</cim:ACDCTerminal.sequenceNumber>
<cim:Terminal.phases rdf:resource="http://iec.ch/TC57/2013/CIM-schema-cim16#PhaseCode.ABC"/>
<cim:Terminal.ConductingEquipment rdf:resource="#_38dfcc80-600f-44e2-8f71-fb595b4f00ac"/>
<cim:Terminal.ConnectivityNode rdf:resource="#_1695eb20-9044-4133-a3fd-2147f55f170d"/>
</cim:Terminal>
<cim:Terminal rdf:ID="_95f1d705-35fa-4102-ba5b-43dfe7a0e0cc">
<cim:IdentifiedObject.name>BE_Breaker_1 - T2</cim:IdentifiedObject.name>
<cim:ACDCTerminal.sequenceNumber>2</cim:ACDCTerminal.sequenceNumber>
<cim:Terminal.phases rdf:resource="http://iec.ch/TC57/2013/CIM-schema-cim16#PhaseCode.ABC"/>
<cim:Terminal.ConductingEquipment rdf:resource="#_38dfcc80-600f-44e2-8f71-fb595b4f00ac"/>
<cim:Terminal.ConnectivityNode rdf:resource="#_d5b267d8-29d8-434b-b3aa-08f8f3435fc0"/>
</cim:Terminal>
<cim:Breaker rdf:ID="_6e86cd52-4594-435e-92ce-6dc673288ab4">
<cim:IdentifiedObject.name>BE_Breaker_5</cim:IdentifiedObject.name>
<cim:Equipment.aggregate>false</cim:Equipment.aggregate>
<cim:Switch.normalOpen>false</cim:Switch.normalOpen>
<cim:Switch.retained>false</cim:Switch.retained>
<cim:Equipment.EquipmentContainer rdf:resource="#_8bbd7e74-ae20-4dce-8780-c20f8e18c2e0"/>
</cim:Breaker>
<cim:Terminal rdf:ID="_5245aa5c-9600-4632-95db-e981a19ed857">
<cim:IdentifiedObject.name>BE_Breaker_5 - T1</cim:IdentifiedObject.name>
<cim:ACDCTerminal.sequenceNumber>1</cim:ACDCTerminal.sequenceNumber>
<cim:Terminal.phases rdf:resource="http://iec.ch/TC57/2013/CIM-schema-cim16#PhaseCode.ABC"/>
<cim:Terminal.ConductingEquipment rdf:resource="#_6e86cd52-4594-435e-92ce-6dc673288ab4"/>
<cim:Terminal.ConnectivityNode rdf:resource="#_3293fcc7-4962-47df-a7c1-ce150600c388"/>
</cim:Terminal>
<cim:Terminal rdf:ID="_61562178-c201-43c7-b56d-a300ab07c723">
<cim:IdentifiedObject.name>BE_Breaker_5 - T2</cim:IdentifiedObject.name>
<cim:ACDCTerminal.sequenceNumber>2</cim:ACDCTerminal.sequenceNumber>
<cim:Terminal.phases rdf:resource="http://iec.ch/TC57/2013/CIM-schema-cim16#PhaseCode.ABC"/>
<cim:Terminal.ConductingEquipment rdf:resource="#_6e86cd52-4594-435e-92ce-6dc673288ab4"/>
<cim:Terminal.ConnectivityNode rdf:resource="#_1695eb20-9044-4133-a3fd-2147f55f170d"/>
</cim:Terminal>
<rdf:Description rdf:about="#_ad794c0e-b9ec-420b-ada1-97680e3dde05">
<cim:Terminal.ConnectivityNode rdf:resource="#_36f63f4c-df3b-4507-baf5-bb4934c09183"/>
</rdf:Description>
<rdf:Description rdf:about="#_3c6d83a3-b5f9-41a2-a3d9-cf15d903ed0a">
<cim:Terminal.ConnectivityNode rdf:resource="#_d0aad282-7c05-4990-b0cf-d9168815048e"/>
</rdf:Description>
<rdf:Description rdf:about="#_fa9e0f4d-8a2f-45e1-9e36-3611600d1c94">
<cim:Terminal.ConnectivityNode rdf:resource="#_4836f99b-c6e9-4ee8-a956-b1e3da882d46"/>
</rdf:Description>
<rdf:Description rdf:about="#_800ada75-8c8c-4568-aec5-20f799e45f3c">
<cim:Terminal.ConnectivityNode rdf:resource="#_ae99bd74-26b1-443a-b1a5-656320283a36"/>
</rdf:Description>
<rdf:Description rdf:about="#_62fc0a4e-00aa-4bf7-b1a0-3a5b2c0b5492">
<cim:Terminal.ConnectivityNode rdf:resource="#_bf851342-832e-4ea2-b2ad-b09729b3af23"/>
</rdf:Description>
<rdf:Description rdf:about="#_65b8c937-9b25-4b9e-addf-602dbc1337f9">
<cim:Terminal.ConnectivityNode rdf:resource="#_0f074167-d8ad-40ed-b0fa-7dc7e9f5f77c"/>
</rdf:Description>
<rdf:Description rdf:about="#_a1b46f53-86f1-497e-bf57-c3b6268bcd6c">
<cim:Terminal.ConnectivityNode rdf:resource="#_1695eb20-9044-4133-a3fd-2147f55f170d"/>
</rdf:Description>
<rdf:Description rdf:about="#_302fe23a-f64d-41bd-8a81-78130433916d">
<cim:Terminal.ConnectivityNode rdf:resource="#_2dde989e-28c3-45f0-aa21-8695843ce894"/>
</rdf:Description>
<rdf:Description rdf:about="#_8f1c492f-a7cc-4160-9a14-54f1743e4850">
<cim:Terminal.ConnectivityNode rdf:resource="#_18dca121-6c3b-440f-8bf4-8e365b8af551"/>
</rdf:Description>
</dm:forwardDifferences>
</dm:DifferenceModel>
</rdf:RDF>
