<rdf:RDF xmlns:rdf="http://www.w3.org/1999/02/22-rdf-syntax-ns#" xmlns:cim="http://iec.ch/TC57/2013/CIM-schema-cim16#" xmlns:entsoe="http://entsoe.eu/CIM/SchemaExtension/3/1#" xmlns:md="http://iec.ch/TC57/61970-552/ModelDescription/1#" xmlns:dm="http://iec.ch/TC57/61970-552/DifferenceModel/1#">
<dm:DifferenceModel rdf:about="urn:uuid:5f7603dc-eab2-4876-a5fc-366587139c8a">
<md:Model.created>2014-10-24T14:17:54</md:Model.created>
<md:Model.scenarioTime/>
<md:Model.version>2</md:Model.version>
<md:Model.DependentOn rdf:resource="urn:uuid:5f7603dc-eab2-4876-a5fc-366587139c5a"/>
<md:Model.Supersedes rdf:resource="urn:uuid:77b55f87-fc1e-4046-9599-6c6b4f991a86"/>
<md:Model.description>CGMES Conformity Assessment: 'MicroGridTestConfiguration....T1' Test Configuration. The model is owned by ENTSO-E and is provided by ENTSO-E “as it is”. To the fullest extent permitted by law, ENTSO-E shall not be liable for any damages of any kind arising out of the use of the model (including any of its subsequent modifications). ENTSO-E neither warrants, nor represents that the use of the model will not infringe the rights of third parties. Any use of the model shall  include a reference to ENTSO-E. ENTSO-E web site is the only official source of information related to the model.</md:Model.description>
<md:Model.modelingAuthoritySet>http://tennet.nl/CGMES/2.4.15</md:Model.modelingAuthoritySet>
<md:Model.profile>http://iec.ch/TC57/61970-552/DifferenceModel/1http://entsoe.eu/CIM/EquipmentCore/3/1</md:Model.profile>
<md:Model.profile>http://entsoe.eu/CIM/EquipmentShortCircuit/3/1</md:Model.profile>
<md:Model.profile>http://entsoe.eu/CIM/EquipmentOperation/3/1</md:Model.profile>
<dm:preconditions parseType="Statements"> </dm:preconditions>
<dm:reverseDifferences parseType="Statements">
<cim:GeneratingUnit rdf:ID="_ca80ee09-3bed-4884-bc28-6dc89d067289">
<cim:IdentifiedObject.name>Gen-12910</cim:IdentifiedObject.name>
<cim:IdentifiedObject.description>Machine</cim:IdentifiedObject.description>
<cim:GeneratingUnit.initialP>140.000000</cim:GeneratingUnit.initialP>
<cim:GeneratingUnit.nominalP>225.000000</cim:GeneratingUnit.nominalP>
<cim:GeneratingUnit.maxOperatingP>250.000000</cim:GeneratingUnit.maxOperatingP>
<cim:GeneratingUnit.minOperatingP>130.000000</cim:GeneratingUnit.minOperatingP>
<cim:GeneratingUnit.genControlSource rdf:resource="http://iec.ch/TC57/2013/CIM-schema-cim16#GeneratorControlSource.offAGC"/>
<cim:Equipment.aggregate>false</cim:Equipment.aggregate>
<cim:Equipment.EquipmentContainer rdf:resource="#_c49942d6-8b01-4b01-b5e8-f1180f84906c"/>
</cim:GeneratingUnit>
</dm:reverseDifferences>
<dm:forwardDifferences parseType="Statements">
<cim:ThermalGeneratingUnit rdf:ID="_ca80ee09-3bed-4884-bc28-6dc89d067289">
<cim:IdentifiedObject.name>Gen-12910</cim:IdentifiedObject.name>
<cim:IdentifiedObject.description>Machine</cim:IdentifiedObject.description>
<cim:GeneratingUnit.initialP>140.000000</cim:GeneratingUnit.initialP>
<cim:GeneratingUnit.nominalP>225.000000</cim:GeneratingUnit.nominalP>
<cim:GeneratingUnit.maxOperatingP>250.000000</cim:GeneratingUnit.maxOperatingP>
<cim:GeneratingUnit.minOperatingP>130.000000</cim:GeneratingUnit.minOperatingP>
<cim:GeneratingUnit.genControlSource rdf:resource="http://iec.ch/TC57/2013/CIM-schema-cim16#GeneratorControlSource.offAGC"/>
<cim:Equipment.aggregate>false</cim:Equipment.aggregate>
<cim:Equipment.EquipmentContainer rdf:resource="#_c49942d6-8b01-4b01-b5e8-f1180f84906c"/>
</cim:ThermalGeneratingUnit>
<cim:FossilFuel rdf:ID="_6bb6db5d-4ce3-4f62-a0e1-8d12791449e5">
<cim:IdentifiedObject.name>Gen-12910</cim:IdentifiedObject.name>
<cim:IdentifiedObject.description>Machine</cim:IdentifiedObject.description>
<cim:FossilFuel.fossilFuelType rdf:resource="http://iec.ch/TC57/2013/CIM-schema-cim16#FuelType.oil"/>
<cim:FossilFuel.ThermalGeneratingUnit rdf:resource="#_ca80ee09-3bed-4884-bc28-6dc89d067289"/>
</cim:FossilFuel>
</dm:forwardDifferences>
</dm:DifferenceModel>
</rdf:RDF>
