<rdf:RDF xmlns:rdf="http://www.w3.org/1999/02/22-rdf-syntax-ns#" xmlns:cim="http://iec.ch/TC57/2013/CIM-schema-cim16#" xmlns:entsoe="http://entsoe.eu/CIM/SchemaExtension/3/1#" xmlns:md="http://iec.ch/TC57/61970-552/ModelDescription/1#" xmlns:dm="http://iec.ch/TC57/61970-552/DifferenceModel/1#">
<dm:DifferenceModel rdf:about="urn:uuid:5f7603dc-eab2-4876-a5fc-366587139c7a">
<md:Model.created>2014-10-24T13:35:44</md:Model.created>
<md:Model.scenarioTime/>
<md:Model.version>2</md:Model.version>
<md:Model.DependentOn rdf:resource="urn:uuid:5f7603dc-eab2-4876-a5fc-366587139c5a"/>
<md:Model.Supersedes rdf:resource="urn:uuid:77b55f87-fc1e-4046-9599-6c6b4f991a86"/>
<md:Model.description>CGMES Conformity Assessment: 'MicroGridTestConfiguration....T1' Test Configuration. The model is owned by ENTSO-E and is provided by ENTSO-E “as it is”. To the fullest extent permitted by law, ENTSO-E shall not be liable for any damages of any kind arising out of the use of the model (including any of its subsequent modifications). ENTSO-E neither warrants, nor represents that the use of the model will not infringe the rights of third parties. Any use of the model shall  include a reference to ENTSO-E. ENTSO-E web site is the only official source of information related to the model.</md:Model.description>
<md:Model.modelingAuthoritySet>http://tennet.nl/CGMES/2.4.15</md:Model.modelingAuthoritySet>
<md:Model.profile>http://iec.ch/TC57/61970-552/DifferenceModel/1http://entsoe.eu/CIM/EquipmentCore/3/1</md:Model.profile>
<md:Model.profile>http://entsoe.eu/CIM/EquipmentShortCircuit/3/1</md:Model.profile>
<md:Model.profile>http://entsoe.eu/CIM/EquipmentOperation/3/1</md:Model.profile>
<dm:preconditions parseType="Statements"> </dm:preconditions>
<dm:reverseDifferences parseType="Statements"/>
<dm:forwardDifferences parseType="Statements">
<cim:OperationalLimitType rdf:ID="_9e7cb7d4-52c2-4af3-ba6a-45e6906855dd">
<cim:IdentifiedObject.name>TATL30</cim:IdentifiedObject.name>
<entsoe:IdentifiedObject.shortName>tatl</entsoe:IdentifiedObject.shortName>
<cim:OperationalLimitType.direction rdf:resource="http://iec.ch/TC57/2013/CIM-schema-cim16#OperationalLimitDirectionKind.absoluteValue"/>
<entsoe:OperationalLimitType.limitType rdf:resource="http://entsoe.eu/CIM/SchemaExtension/3/1#LimitTypeKind.tatl"/>
<cim:OperationalLimitType.acceptableDuration>30.000000</cim:OperationalLimitType.acceptableDuration>
</cim:OperationalLimitType>
<cim:CurrentLimit rdf:ID="_3c45c689-e487-4a50-8fb7-0838d4b9ac2e">
<cim:IdentifiedObject.name>NL-Line_2 - CL-4</cim:IdentifiedObject.name>
<entsoe:IdentifiedObject.shortName>CL-4</entsoe:IdentifiedObject.shortName>
<cim:IdentifiedObject.description>Ratings for element NL-Line_2 - Limit</cim:IdentifiedObject.description>
<cim:CurrentLimit.value>1200.000000</cim:CurrentLimit.value>
<cim:OperationalLimit.OperationalLimitSet rdf:resource="#_13ee714f-6df4-4039-8519-5cf4e84ab20d"/>
<cim:OperationalLimit.OperationalLimitType rdf:resource="#_9e7cb7d4-52c2-4af3-ba6a-45e6906855dd"/>
</cim:CurrentLimit>
<cim:CurrentLimit rdf:ID="_9e4624d8-723b-4251-92f2-1355da6e4756">
<cim:IdentifiedObject.name>NL-Line_2 - CL-4</cim:IdentifiedObject.name>
<entsoe:IdentifiedObject.shortName>CL-4</entsoe:IdentifiedObject.shortName>
<cim:IdentifiedObject.description>Ratings for element NL-Line_2 - Limit</cim:IdentifiedObject.description>
<cim:CurrentLimit.value>1200.000000</cim:CurrentLimit.value>
<cim:OperationalLimit.OperationalLimitSet rdf:resource="#_7cf4108d-d355-48f5-8556-d42c37a8e2c8"/>
<cim:OperationalLimit.OperationalLimitType rdf:resource="#_9e7cb7d4-52c2-4af3-ba6a-45e6906855dd"/>
</cim:CurrentLimit>
</dm:forwardDifferences>
</dm:DifferenceModel>
</rdf:RDF>
