<rdf:RDF xmlns:rdf="http://www.w3.org/1999/02/22-rdf-syntax-ns#" xmlns:cim="http://iec.ch/TC57/2013/CIM-schema-cim16#" xmlns:entsoe="http://entsoe.eu/CIM/SchemaExtension/3/1#" xmlns:md="http://iec.ch/TC57/61970-552/ModelDescription/1#" xmlns:dm="http://iec.ch/TC57/61970-552/DifferenceModel/1#">
<dm:DifferenceModel rdf:about="urn:uuid:0d886971-b204-4aef-bb07-0e6f02f2597c">
<md:Model.created>2014-10-24T16:29:11</md:Model.created>
<md:Model.scenarioTime/>
<md:Model.version>2</md:Model.version>
<md:Model.Supersedes rdf:resource="urn:uuid:5d32d257-1646-4906-a1f6-4d7ce3f91569"/>
<md:Model.description>CGMES Conformity Assessment: 'MicroGridTestConfiguration....T3' Test Configuration. The model is owned by ENTSO-E and is provided by ENTSO-E “as it is”. To the fullest extent permitted by law, ENTSO-E shall not be liable for any damages of any kind arising out of the use of the model (including any of its subsequent modifications). ENTSO-E neither warrants, nor represents that the use of the model will not infringe the rights of third parties. Any use of the model shall  include a reference to ENTSO-E. ENTSO-E web site is the only official source of information related to the model.</md:Model.description>
<md:Model.modelingAuthoritySet>http://tennet.nl/CGMES/2.4.15</md:Model.modelingAuthoritySet>
<md:Model.profile>http://iec.ch/TC57/61970-552/DifferenceModel/1http://entsoe.eu/CIM/Topology/4/1</md:Model.profile>
<dm:preconditions parseType="Statements"> </dm:preconditions>
<dm:reverseDifferences parseType="Statements">
<cim:Terminal rdf:about="#_5dfee914-a4fd-4bde-a5b4-c4caa6378d10">
<cim:Terminal.TopologicalNode rdf:resource="#_795a117d-7caf-4fc2-a8d9-dc8f4cf2344a"/>
</cim:Terminal>
<cim:Terminal rdf:about="#_6aecb9ba-5835-4b70-89bc-96d687e45779">
<cim:Terminal.TopologicalNode rdf:resource="#_1fa19c281c8f4e1eaad9e1cab70f923e"/>
</cim:Terminal>
</dm:reverseDifferences>
<dm:forwardDifferences parseType="Statements">
<cim:ConnectivityNode rdf:about="#_b171fb39-b1d7-4da0-a2b0-8ee2f8db262e">
<cim:ConnectivityNode.TopologicalNode rdf:resource="#_36ac9aa9-1edb-4dc4-857f-264950b020c3"/>
</cim:ConnectivityNode>
<cim:TopologicalNode rdf:ID="_36ac9aa9-1edb-4dc4-857f-264950b020c3">
<cim:IdentifiedObject.name>NL_Busbar_HVDC2</cim:IdentifiedObject.name>
<cim:TopologicalNode.BaseVoltage rdf:resource="#_e042b69d-181c-4415-be3f-83a84ce951a1"/>
<cim:TopologicalNode.ConnectivityNodeContainer rdf:resource="#_c68f0a24-46cb-42aa-b91d-0b49b8310cc9"/>
</cim:TopologicalNode>
<cim:ConnectivityNode rdf:about="#_ba484ebd-fd32-4e9b-affe-77720a8e514b">
<cim:ConnectivityNode.TopologicalNode rdf:resource="#_5dfe6cbd-7e38-4123-9407-98fdc7a25eb0"/>
</cim:ConnectivityNode>
<cim:TopologicalNode rdf:ID="_5dfe6cbd-7e38-4123-9407-98fdc7a25eb0">
<cim:IdentifiedObject.name>NL_Busbar_HVDC1</cim:IdentifiedObject.name>
<cim:TopologicalNode.BaseVoltage rdf:resource="#_e042b69d-181c-4415-be3f-83a84ce951a1"/>
<cim:TopologicalNode.ConnectivityNodeContainer rdf:resource="#_10dff29d-ff80-49dc-b34e-3a58603bf0c6"/>
</cim:TopologicalNode>
<cim:ConnectivityNode rdf:about="#_ca44e0c6-8f23-4f61-bb42-288faff7e090">
<cim:ConnectivityNode.TopologicalNode rdf:resource="#_05c13364-3f5c-439f-bd15-2a16f8c3a58e"/>
</cim:ConnectivityNode>
<cim:TopologicalNode rdf:ID="_05c13364-3f5c-439f-bd15-2a16f8c3a58e">
<cim:IdentifiedObject.name>NL_PCC2</cim:IdentifiedObject.name>
<entsoe:IdentifiedObject.energyIdentCodeEic>10T-AT-DE-00017X</entsoe:IdentifiedObject.energyIdentCodeEic>
<cim:IdentifiedObject.description>10T-AT-DE-00017X</cim:IdentifiedObject.description>
<cim:TopologicalNode.BaseVoltage rdf:resource="#_c1d5bff18f8011e08e4d00247eb1f55e"/>
<cim:TopologicalNode.ConnectivityNodeContainer rdf:resource="#_613bf445-d1a8-409a-95f8-45b41f9a02ec"/>
</cim:TopologicalNode>
<cim:ConnectivityNode rdf:about="#_7ee15713-658b-493f-810b-3295097e45c1">
<cim:ConnectivityNode.TopologicalNode rdf:resource="#_a6759c31-0608-4dbf-8eca-1f3ff25075e2"/>
</cim:ConnectivityNode>
<cim:TopologicalNode rdf:ID="_a6759c31-0608-4dbf-8eca-1f3ff25075e2">
<cim:IdentifiedObject.name>NL_PCC1</cim:IdentifiedObject.name>
<entsoe:IdentifiedObject.energyIdentCodeEic>10T-AT-DE-00017X</entsoe:IdentifiedObject.energyIdentCodeEic>
<cim:IdentifiedObject.description>10T-AT-DE-00017X</cim:IdentifiedObject.description>
<cim:TopologicalNode.BaseVoltage rdf:resource="#_7891a026ba2c42098556665efd13ba94"/>
<cim:TopologicalNode.ConnectivityNodeContainer rdf:resource="#_613bf445-d1a8-409a-95f8-45b41f9a0eec"/>
</cim:TopologicalNode>
<cim:DCTopologicalNode rdf:ID="_1e15337f-7958-49a5-ab2d-04c80c5758f2">
<cim:IdentifiedObject.name>NL_DC2</cim:IdentifiedObject.name>
<cim:DCTopologicalNode.DCEquipmentContainer rdf:resource="#_4729c697-1ee3-47f4-89ac-1ec73fd7a61b"/>
</cim:DCTopologicalNode>
<cim:DCNode rdf:about="#_b3960341-186f-4374-a3c6-9cb00d3ecd83">
<cim:DCNode.DCTopologicalNode rdf:resource="#_1e15337f-7958-49a5-ab2d-04c80c5758f2"/>
</cim:DCNode>
<cim:DCTopologicalNode rdf:ID="_b09fd3ee-f5fc-40f2-9a36-b5c28edf7137">
<cim:IdentifiedObject.name>NL_DC1</cim:IdentifiedObject.name>
<cim:DCTopologicalNode.DCEquipmentContainer rdf:resource="#_c41a58da-2676-43ab-9e3d-e0b26780890a"/>
</cim:DCTopologicalNode>
<cim:DCNode rdf:about="#_0444e908-a83d-42ce-b7a8-f30f4143e0e9">
<cim:DCNode.DCTopologicalNode rdf:resource="#_b09fd3ee-f5fc-40f2-9a36-b5c28edf7137"/>
</cim:DCNode>
<cim:DCTopologicalNode rdf:ID="_33f3d003-ea25-43f8-9fab-22ef2ea2cc12">
<cim:IdentifiedObject.name>DC_Ground2</cim:IdentifiedObject.name>
<cim:DCTopologicalNode.DCEquipmentContainer rdf:resource="#_4729c697-1ee3-47f4-89ac-1ec73fd7a61b"/>
</cim:DCTopologicalNode>
<cim:DCNode rdf:about="#_759506ce-9731-4b60-b52a-1f61aeecb4d8">
<cim:DCNode.DCTopologicalNode rdf:resource="#_33f3d003-ea25-43f8-9fab-22ef2ea2cc12"/>
</cim:DCNode>
<cim:DCTopologicalNode rdf:ID="_457403db-ca96-44bf-bf48-e88f7ed8b04f">
<cim:IdentifiedObject.name>DC_Ground1</cim:IdentifiedObject.name>
<cim:DCTopologicalNode.DCEquipmentContainer rdf:resource="#_c41a58da-2676-43ab-9e3d-e0b26780890a"/>
</cim:DCTopologicalNode>
<cim:DCNode rdf:about="#_cf60e62e-9db4-45b1-8b05-7e7cda333224">
<cim:DCNode.DCTopologicalNode rdf:resource="#_457403db-ca96-44bf-bf48-e88f7ed8b04f"/>
</cim:DCNode>
<cim:Terminal rdf:about="#_9dd1915f-dd54-407d-a735-fb4ea99c9ca2">
<cim:Terminal.TopologicalNode rdf:resource="#_1fa19c281c8f4e1eaad9e1cab70f923e"/>
</cim:Terminal>
<cim:Terminal rdf:about="#_7404129c-0bbc-47bb-9cdc-4de2f89d9300">
<cim:Terminal.TopologicalNode rdf:resource="#_795a117d-7caf-4fc2-a8d9-dc8f4cf2344a"/>
</cim:Terminal>
<cim:Terminal rdf:about="#_be7b3e05-e783-4b39-8201-a2e141076616">
<cim:Terminal.TopologicalNode rdf:resource="#_6bdc33de-d027-49b7-b98f-3b3d87716615"/>
</cim:Terminal>
<cim:Terminal rdf:about="#_510e5c93-de26-487d-a7dd-6f5364bd7bd1">
<cim:Terminal.TopologicalNode rdf:resource="#_05c13364-3f5c-439f-bd15-2a16f8c3a58e"/>
</cim:Terminal>
<cim:Terminal rdf:about="#_8cc7ceec-142f-4c57-b680-77455e3fa017">
<cim:Terminal.TopologicalNode rdf:resource="#_795a117d-7caf-4fc2-a8d9-dc8f4cf2344a"/>
</cim:Terminal>
<cim:Terminal rdf:about="#_fabe87bd-ed92-498e-ac70-ac995148b5c0">
<cim:Terminal.TopologicalNode rdf:resource="#_a6759c31-0608-4dbf-8eca-1f3ff25075e2"/>
</cim:Terminal>
<cim:Terminal rdf:about="#_ba4736e6-60dd-4bbf-8762-dbf070c87ebf">
<cim:Terminal.TopologicalNode rdf:resource="#_36ac9aa9-1edb-4dc4-857f-264950b020c3"/>
</cim:Terminal>
<cim:Terminal rdf:about="#_6cb817a1-0cb5-4a03-b9ce-599cdac5002d">
<cim:Terminal.TopologicalNode rdf:resource="#_05c13364-3f5c-439f-bd15-2a16f8c3a58e"/>
</cim:Terminal>
<cim:Terminal rdf:about="#_c31f863a-8151-4400-a88f-33f517124576">
<cim:Terminal.TopologicalNode rdf:resource="#_a6759c31-0608-4dbf-8eca-1f3ff25075e2"/>
</cim:Terminal>
<cim:Terminal rdf:about="#_1c002f6a-c8ad-49b6-9134-fa0737681623">
<cim:Terminal.TopologicalNode rdf:resource="#_5dfe6cbd-7e38-4123-9407-98fdc7a25eb0"/>
</cim:Terminal>
<cim:Terminal rdf:about="#_4b4ee120-b820-4ead-9cbb-c7ecdb49ac82">
<cim:Terminal.TopologicalNode rdf:resource="#_05c13364-3f5c-439f-bd15-2a16f8c3a58e"/>
</cim:Terminal>
<cim:Terminal rdf:about="#_d53172b8-4633-46f2-90a8-9e08cb0339fc">
<cim:Terminal.TopologicalNode rdf:resource="#_a6759c31-0608-4dbf-8eca-1f3ff25075e2"/>
</cim:Terminal>
<cim:DCTerminal rdf:about="#_18b08821-c33a-4973-a41c-991a3ed41dfd">
<cim:DCBaseTerminal.DCTopologicalNode rdf:resource="#_b09fd3ee-f5fc-40f2-9a36-b5c28edf7137"/>
</cim:DCTerminal>
<cim:DCTerminal rdf:about="#_2ea07a06-9bea-42d7-bf50-15ffa92c5b1f">
<cim:DCBaseTerminal.DCTopologicalNode rdf:resource="#_1e15337f-7958-49a5-ab2d-04c80c5758f2"/>
</cim:DCTerminal>
<cim:DCTerminal rdf:about="#_19054f8f-2533-4c55-af80-4dcfa80fa811">
<cim:DCBaseTerminal.DCTopologicalNode rdf:resource="#_33f3d003-ea25-43f8-9fab-22ef2ea2cc12"/>
</cim:DCTerminal>
<cim:DCTerminal rdf:about="#_0c0f0773-16e4-46d7-b984-48c0049e39ce">
<cim:DCBaseTerminal.DCTopologicalNode rdf:resource="#_457403db-ca96-44bf-bf48-e88f7ed8b04f"/>
</cim:DCTerminal>
<cim:Terminal rdf:about="#_6d8b1dfd-319d-4b53-a1ae-ed41c790051b">
<cim:Terminal.TopologicalNode rdf:resource="#_5dfe6cbd-7e38-4123-9407-98fdc7a25eb0"/>
</cim:Terminal>
<cim:ACDCConverterDCTerminal rdf:about="#_d93fa389-1f5e-42ae-9213-ace113758bec">
<cim:DCBaseTerminal.DCTopologicalNode rdf:resource="#_b09fd3ee-f5fc-40f2-9a36-b5c28edf7137"/>
</cim:ACDCConverterDCTerminal>
<cim:ACDCConverterDCTerminal rdf:about="#_758ecd05-a2e1-47b0-b30a-d0737375bb65">
<cim:DCBaseTerminal.DCTopologicalNode rdf:resource="#_457403db-ca96-44bf-bf48-e88f7ed8b04f"/>
</cim:ACDCConverterDCTerminal>
<cim:Terminal rdf:about="#_a2fadaa3-4e0c-4aca-87b1-99758d3650d2">
<cim:Terminal.TopologicalNode rdf:resource="#_36ac9aa9-1edb-4dc4-857f-264950b020c3"/>
</cim:Terminal>
<cim:ACDCConverterDCTerminal rdf:about="#_2c72ca72-0103-4e77-9068-fcd0429abe63">
<cim:DCBaseTerminal.DCTopologicalNode rdf:resource="#_1e15337f-7958-49a5-ab2d-04c80c5758f2"/>
</cim:ACDCConverterDCTerminal>
<cim:ACDCConverterDCTerminal rdf:about="#_5260a0a8-2906-4537-8d20-779a3788d7ff">
<cim:DCBaseTerminal.DCTopologicalNode rdf:resource="#_33f3d003-ea25-43f8-9fab-22ef2ea2cc12"/>
</cim:ACDCConverterDCTerminal>
</dm:forwardDifferences>
</dm:DifferenceModel>
</rdf:RDF>
