<?xml version="1.0" encoding="utf-8"?>
<rdf:RDF xmlns:rdf="http://www.w3.org/1999/02/22-rdf-syntax-ns#" xmlns:cim="http://iec.ch/TC57/2013/CIM-schema-cim16#" xmlns:entsoe="http://entsoe.eu/CIM/SchemaExtension/3/1#" xmlns:md="http://iec.ch/TC57/61970-552/ModelDescription/1#">
  <md:FullModel rdf:about="urn:uuid:3f7b8627-fe23-414e-974b-fdc261870992">
    <md:Model.created>2014-10-24T14:35:17</md:Model.created>
    <md:Model.scenarioTime>2014-04-14T15:35:09</md:Model.scenarioTime>
    <md:Model.version>1</md:Model.version>
    <md:Model.DependentOn rdf:resource="urn:uuid:deb5887f-a132-4002-a47d-00a737f01c68"/>
    <md:Model.DependentOn rdf:resource="urn:uuid:2399cbd1-9a39-11e0-aa80-0800200c9a66"/>
    <md:Model.DependentOn rdf:resource="urn:uuid:59773b4c-b24e-489c-b4e1-89ae380e98c9"/>
    <md:Model.description>CGMES Conformity Assessment: 'MicroGridTestConfiguration....T2(MAS BE) Test Configuration. The model is owned by ENTSO-E and is provided by ENTSO-E “as it is”. To the fullest extent permitted by law, ENTSO-E shall not be liable for any damages of any kind arising out of the use of the model (including any of its subsequent modifications). ENTSO-E neither warrants, nor represents that the use of the model will not infringe the rights of third parties. Any use of the model shall  include a reference to ENTSO-E. ENTSO-E web site is the only official source of information related to the model.</md:Model.description>
    <md:Model.modelingAuthoritySet>http://elia.be/CGMES/2.4.15</md:Model.modelingAuthoritySet>
    <md:Model.profile>http://entsoe.eu/CIM/StateVariables/4/1</md:Model.profile>
    <md:Model.Supersedes rdf:resource="urn:uuid:c2960b34-0a04-4cd1-9c4d-f3112d85ec6c"/>
  </md:FullModel>
  <cim:SvVoltage rdf:ID="_6835942f-6629-40a0-926b-3e41d984aae6">
    <cim:SvVoltage.v>412.633073</cim:SvVoltage.v>
    <cim:SvVoltage.angle>-5.829720</cim:SvVoltage.angle>
    <cim:SvVoltage.TopologicalNode rdf:resource="#_e44141af-f1dc-44d3-bfa4-b674e5c953d7"/>
  </cim:SvVoltage>
  <cim:SvVoltage rdf:ID="_88030402-be1b-474b-af8b-728537c7fe15">
    <cim:SvVoltage.v>224.304647</cim:SvVoltage.v>
    <cim:SvVoltage.angle>-3.594650</cim:SvVoltage.angle>
    <cim:SvVoltage.TopologicalNode rdf:resource="#_1098b1c9-dc85-40ce-b65c-39ae02a3afaa"/>
  </cim:SvVoltage>
  <cim:SvVoltage rdf:ID="_852392ef-7568-400a-ab49-23862873f44b">
    <cim:SvVoltage.v>224.114164</cim:SvVoltage.v>
    <cim:SvVoltage.angle>-6.548430</cim:SvVoltage.angle>
    <cim:SvVoltage.TopologicalNode rdf:resource="#_99b219f3-4593-428b-a4da-124a54630178"/>
  </cim:SvVoltage>
  <cim:SvVoltage rdf:ID="_1639ebe7-ecfe-4656-bd2d-91f9b041fd65">
    <cim:SvVoltage.v>224.170338</cim:SvVoltage.v>
    <cim:SvVoltage.angle>-6.541200</cim:SvVoltage.angle>
    <cim:SvVoltage.TopologicalNode rdf:resource="#_d4a4a5d7-8391-4afd-898d-f34fee81136f"/>
  </cim:SvVoltage>
  <cim:SvVoltage rdf:ID="_0a2d2bb5-4178-4d04-8d26-3997be36b5fa">
    <cim:SvVoltage.v>410.445035</cim:SvVoltage.v>
    <cim:SvVoltage.angle>-5.718660</cim:SvVoltage.angle>
    <cim:SvVoltage.TopologicalNode rdf:resource="#_f03d65b2a51049ffa533e433721145c1"/>
  </cim:SvVoltage>
  <cim:SvVoltage rdf:ID="_7d70851a-02f0-4bf0-b479-a69e119e3c9f">
    <cim:SvVoltage.v>124.850153</cim:SvVoltage.v>
    <cim:SvVoltage.angle>-1.920770</cim:SvVoltage.angle>
    <cim:SvVoltage.TopologicalNode rdf:resource="#_5cae357a-731f-4ab1-b133-4f90795206c7"/>
  </cim:SvVoltage>
  <cim:SvVoltage rdf:ID="_9907b464-9426-4bc5-bbb5-56d311dccdb4">
    <cim:SvVoltage.v>412.240601</cim:SvVoltage.v>
    <cim:SvVoltage.angle>-5.812650</cim:SvVoltage.angle>
    <cim:SvVoltage.TopologicalNode rdf:resource="#_9d25a1f9e5d14d47b6dcde99c4380b40"/>
  </cim:SvVoltage>
  <cim:SvVoltage rdf:ID="_0718cda3-10f3-4a8f-8c03-9ecac66c1829">
    <cim:SvVoltage.v>410.713832</cim:SvVoltage.v>
    <cim:SvVoltage.angle>-5.730320</cim:SvVoltage.angle>
    <cim:SvVoltage.TopologicalNode rdf:resource="#_d4affe50316740bdbbf4ae9c7cbf3cfd"/>
  </cim:SvVoltage>
  <cim:SvVoltage rdf:ID="_e6302b54-6f77-497c-9436-3acb63e41522">
    <cim:SvVoltage.v>222.832903</cim:SvVoltage.v>
    <cim:SvVoltage.angle>-4.515090</cim:SvVoltage.angle>
    <cim:SvVoltage.TopologicalNode rdf:resource="#_8d7bad8bcc634e0796e362390d9040b6"/>
  </cim:SvVoltage>
  <cim:SvVoltage rdf:ID="_00c03691-3865-4cf9-99c5-3e85605a9bec">
    <cim:SvVoltage.v>225.716043</cim:SvVoltage.v>
    <cim:SvVoltage.angle>5.679010</cim:SvVoltage.angle>
    <cim:SvVoltage.TopologicalNode rdf:resource="#_1fa19c281c8f4e1eaad9e1cab70f923e"/>
  </cim:SvVoltage>
  <cim:SvVoltage rdf:ID="_9e342ec9-61d5-4953-803f-4c536f87907b">
    <cim:SvVoltage.v>219.975369</cim:SvVoltage.v>
    <cim:SvVoltage.angle>-5.376640</cim:SvVoltage.angle>
    <cim:SvVoltage.TopologicalNode rdf:resource="#_f70f6bad-eb8d-4b8f-8431-4ab93581514e"/>
  </cim:SvVoltage>
  <cim:SvVoltage rdf:ID="_39a2540f-b27f-480a-bb75-2d86b2e36948">
    <cim:SvVoltage.v>10.774578</cim:SvVoltage.v>
    <cim:SvVoltage.angle>-4.737360</cim:SvVoltage.angle>
    <cim:SvVoltage.TopologicalNode rdf:resource="#_a81d08ed-f51d-4538-8d1e-fb2d0dbd128e"/>
  </cim:SvVoltage>
  <cim:SvVoltage rdf:ID="_fab1f93e-f2ef-43c6-960b-6005768aa09e">
    <cim:SvVoltage.v>21.987000</cim:SvVoltage.v>
    <cim:SvVoltage.angle>-5.117570</cim:SvVoltage.angle>
    <cim:SvVoltage.TopologicalNode rdf:resource="#_f96d552a-618d-4d0c-a39a-2dea3c411dee"/>
  </cim:SvVoltage>
  <cim:SvVoltage rdf:ID="_e03591cf-48ec-412f-8e3b-5ffd3af1287f">
    <cim:SvVoltage.v>115.500000</cim:SvVoltage.v>
    <cim:SvVoltage.angle>-7.059280</cim:SvVoltage.angle>
    <cim:SvVoltage.TopologicalNode rdf:resource="#_5c74cb26-ce2f-40c6-951d-89091eb781b6"/>
  </cim:SvVoltage>
  <cim:SvVoltage rdf:ID="_8ff52f1a-fa99-40b6-a535-d900d3466276">
    <cim:SvVoltage.v>219.907111</cim:SvVoltage.v>
    <cim:SvVoltage.angle>-5.382550</cim:SvVoltage.angle>
    <cim:SvVoltage.TopologicalNode rdf:resource="#_3f8ff03c-11fb-4325-8f60-4459c1b1cc1d"/>
  </cim:SvVoltage>
  <cim:SvVoltage rdf:ID="_17376e1e-bfd5-4515-8332-ef540ec17fe5">
    <cim:SvVoltage.v>121.563345</cim:SvVoltage.v>
    <cim:SvVoltage.angle>-10.193200</cim:SvVoltage.angle>
    <cim:SvVoltage.TopologicalNode rdf:resource="#_f3c8e35e-744f-431a-8505-dfe3c275616a"/>
  </cim:SvVoltage>
  <cim:SvPowerFlow rdf:ID="_02da0b5e-236f-42f5-8d38-e4adf7ea9602">
    <cim:SvPowerFlow.p>-140.978000</cim:SvPowerFlow.p>
    <cim:SvPowerFlow.q>-22.280754</cim:SvPowerFlow.q>
    <cim:SvPowerFlow.Terminal rdf:resource="#_4a7363a4-0b21-4f65-8bba-33e3a8f6bac3"/>
  </cim:SvPowerFlow>
  <cim:SvPowerFlow rdf:ID="_8ccb2532-6d2c-46e2-ba32-e7ed5c1b3d27">
    <cim:SvPowerFlow.p>-11.864079</cim:SvPowerFlow.p>
    <cim:SvPowerFlow.q>-7.000632</cim:SvPowerFlow.q>
    <cim:SvPowerFlow.Terminal rdf:resource="#_d238885e-d9b6-4edc-8567-6a68c605ed67"/>
  </cim:SvPowerFlow>
  <cim:SvPowerFlow rdf:ID="_7d5a2947-de5a-46e4-b654-7a357ebc2395">
    <cim:SvPowerFlow.p>-18.810171</cim:SvPowerFlow.p>
    <cim:SvPowerFlow.q>84.882951</cim:SvPowerFlow.q>
    <cim:SvPowerFlow.Terminal rdf:resource="#_c41978db-794b-4bae-953e-60fc519e87dd"/>
  </cim:SvPowerFlow>
  <cim:SvPowerFlow rdf:ID="_ae02d4bb-d978-4177-b10e-8324e71e5f01">
    <cim:SvPowerFlow.p>-23.673336</cim:SvPowerFlow.p>
    <cim:SvPowerFlow.q>79.934705</cim:SvPowerFlow.q>
    <cim:SvPowerFlow.Terminal rdf:resource="#_53072f42-f77b-47e2-bd9a-e097c910b173"/>
  </cim:SvPowerFlow>
  <cim:SvPowerFlow rdf:ID="_ddeb0997-c808-42a0-aaa4-83640a483481">
    <cim:SvPowerFlow.p>-45.958880</cim:SvPowerFlow.p>
    <cim:SvPowerFlow.q>150.885362</cim:SvPowerFlow.q>
    <cim:SvPowerFlow.Terminal rdf:resource="#_b9539c41-d114-4280-8a54-8ecec398091e"/>
  </cim:SvPowerFlow>
  <cim:SvPowerFlow rdf:ID="_5712b7ff-6649-4cc4-9e55-0dd72d520f39">
    <cim:SvPowerFlow.p>1.000000</cim:SvPowerFlow.p>
    <cim:SvPowerFlow.q>0e+000</cim:SvPowerFlow.q>
    <cim:SvPowerFlow.Terminal rdf:resource="#_b9376bea-c75d-49f3-94ca-6a71fa0086a5"/>
  </cim:SvPowerFlow>
  <cim:SvPowerFlow rdf:ID="_39a86f9e-c418-4b22-bb2d-8e80127a467c">
    <cim:SvPowerFlow.p>200.000000</cim:SvPowerFlow.p>
    <cim:SvPowerFlow.q>50.000000</cim:SvPowerFlow.q>
    <cim:SvPowerFlow.Terminal rdf:resource="#_a036b765-1669-4f64-acd3-1e8fbd513312"/>
  </cim:SvPowerFlow>
  <cim:SvPowerFlow rdf:ID="_60de6b51-8d8a-45d4-a378-547bcdfe964f">
    <cim:SvPowerFlow.p>200.000000</cim:SvPowerFlow.p>
    <cim:SvPowerFlow.q>90.000000</cim:SvPowerFlow.q>
    <cim:SvPowerFlow.Terminal rdf:resource="#_cbdf1842-74ed-4fce-a5d4-0296c82cbc92"/>
  </cim:SvPowerFlow>
  <cim:SvPowerFlow rdf:ID="_80b8b390-1e3d-4072-8f62-a109c5197536">
    <cim:SvPowerFlow.p>-118.000000</cim:SvPowerFlow.p>
    <cim:SvPowerFlow.q>-96.822572</cim:SvPowerFlow.q>
    <cim:SvPowerFlow.Terminal rdf:resource="#_4bb5407b-b4a5-416c-80ad-1a778ada2b9b"/>
  </cim:SvPowerFlow>
  <cim:SvPowerFlow rdf:ID="_6eaa0d04-c3c8-4cc6-a215-aae913ad84a6">
    <cim:SvPowerFlow.p>-90.000000</cim:SvPowerFlow.p>
    <cim:SvPowerFlow.q>43.241489</cim:SvPowerFlow.q>
    <cim:SvPowerFlow.Terminal rdf:resource="#_beffa353-7d10-421d-9c08-036b744b1cee"/>
  </cim:SvPowerFlow>
  <cim:SvPowerFlow rdf:ID="_6bd30da9-3739-4207-beb7-df24c4c7b76d">
    <cim:SvPowerFlow.p>1.179128</cim:SvPowerFlow.p>
    <cim:SvPowerFlow.q>-58.956389</cim:SvPowerFlow.q>
    <cim:SvPowerFlow.Terminal rdf:resource="#_22af3121-1a66-4546-bd80-4371f417c644"/>
  </cim:SvPowerFlow>
  <cim:SvPowerFlow rdf:ID="_68340517-f8fe-4cc1-9477-670fe7108991">
    <cim:SvPowerFlow.p>0e+000</cim:SvPowerFlow.p>
    <cim:SvPowerFlow.q>-330.750000</cim:SvPowerFlow.q>
    <cim:SvPowerFlow.Terminal rdf:resource="#_d5e2e58e-ccf6-47d9-b3bb-3088eb7a9b6c"/>
  </cim:SvPowerFlow>
  <cim:SvTapStep rdf:ID="_b6f19e79-92d7-4f5a-81bf-6dcce270452f">
    <cim:SvTapStep.position>8</cim:SvTapStep.position>
    <cim:SvTapStep.TapChanger rdf:resource="#_078aad2d-c132-42fc-8b55-952d4f53f29d"/>
  </cim:SvTapStep>
  <cim:SvTapStep rdf:ID="_8e9197d6-dfbf-49af-a5c1-a56fc52208b3">
    <cim:SvTapStep.position>2</cim:SvTapStep.position>
    <cim:SvTapStep.TapChanger rdf:resource="#_012bc254-6e99-4bf3-993f-228f2bfbe3d2"/>
  </cim:SvTapStep>
  <cim:SvTapStep rdf:ID="_d38090cb-1af1-4fdd-9709-14413d4aac44">
    <cim:SvTapStep.position>17</cim:SvTapStep.position>
    <cim:SvTapStep.TapChanger rdf:resource="#_83cc66dd-8d93-4a2c-8103-f1f5a9cf7e2e"/>
  </cim:SvTapStep>
  <cim:SvTapStep rdf:ID="_011b8a7a-fbbd-40e1-b690-2c0118055306">
    <cim:SvTapStep.position>10</cim:SvTapStep.position>
    <cim:SvTapStep.TapChanger rdf:resource="#_955d9cd0-4a10-4031-b008-60c0dc340a07"/>
  </cim:SvTapStep>
  <cim:SvTapStep rdf:ID="_c0748f52-eb30-4629-a74c-76ba9e95e455">
    <cim:SvTapStep.position>14</cim:SvTapStep.position>
    <cim:SvTapStep.TapChanger rdf:resource="#_6ebbef67-3061-4236-a6fd-6ccc4595f6c3"/>
  </cim:SvTapStep>
  <cim:SvTapStep rdf:ID="_d383d603-a828-4a0c-8271-b864322a9d81">
    <cim:SvTapStep.position>17</cim:SvTapStep.position>
    <cim:SvTapStep.TapChanger rdf:resource="#_fe25f43a-7341-446e-a71a-8ab7119ba806"/>
  </cim:SvTapStep>
  <cim:SvShuntCompensatorSections rdf:ID="_2eed69a5-44d2-42f0-9cc7-14cc6576c39a">
    <cim:SvShuntCompensatorSections.sections>1</cim:SvShuntCompensatorSections.sections>
    <cim:SvShuntCompensatorSections.ShuntCompensator rdf:resource="#_002b0a40-3957-46db-b84a-30420083558f"/>
  </cim:SvShuntCompensatorSections>
  <cim:SvShuntCompensatorSections rdf:ID="_925974f6-d73d-4e0d-aaca-c8f7ffba47cf">
    <cim:SvShuntCompensatorSections.sections>1</cim:SvShuntCompensatorSections.sections>
    <cim:SvShuntCompensatorSections.ShuntCompensator rdf:resource="#_d771118f-36e9-4115-a128-cc3d9ce3e3da"/>
  </cim:SvShuntCompensatorSections>
  <cim:VsConverter rdf:about="#_d74faa88-d996-4de3-be52-f5db28dd3fb8">
    <cim:VsConverter.delta>0</cim:VsConverter.delta>
    <cim:VsConverter.uf>124.850153</cim:VsConverter.uf>
    <cim:ACDCConverter.uc>124.850153</cim:ACDCConverter.uc>
    <cim:ACDCConverter.udc>150.000000</cim:ACDCConverter.udc>
    <cim:ACDCConverter.poleLossP>2.155642</cim:ACDCConverter.poleLossP>
    <cim:ACDCConverter.idc>645.354350</cim:ACDCConverter.idc>
  </cim:VsConverter>
  <cim:VsConverter rdf:about="#_dde55045-9d3e-43b8-8d28-0585e30cd6b1">
    <cim:VsConverter.delta>0</cim:VsConverter.delta>
    <cim:VsConverter.uf>121.563345</cim:VsConverter.uf>
    <cim:ACDCConverter.uc>121.563345</cim:ACDCConverter.uc>
    <cim:ACDCConverter.udc>151.613386</cim:ACDCConverter.udc>
    <cim:ACDCConverter.poleLossP>2.155642</cim:ACDCConverter.poleLossP>
    <cim:ACDCConverter.idc>645.354350</cim:ACDCConverter.idc>
  </cim:VsConverter>
</rdf:RDF>
