<?xml version="1.0" encoding="utf-8"?>
<rdf:RDF xmlns:rdf="http://www.w3.org/1999/02/22-rdf-syntax-ns#" xmlns:cim="http://iec.ch/TC57/2013/CIM-schema-cim16#" xmlns:entsoe="http://entsoe.eu/CIM/SchemaExtension/3/1#" xmlns:md="http://iec.ch/TC57/61970-552/ModelDescription/1#">
  <md:FullModel rdf:about="urn:uuid:9e383122-10cf-4da3-9785-f404b3541588">
    <md:Model.created>2014-10-24T11:42:40</md:Model.created>
    <md:Model.scenarioTime>2014-06-01T10:30:00</md:Model.scenarioTime>
    <md:Model.version>2</md:Model.version>
    <md:Model.DependentOn rdf:resource="urn:uuid:2399cbd0-9a39-11e0-aa80-0800200c9a66"/>
    <md:Model.DependentOn rdf:resource="urn:uuid:d400c631-75a0-4c30-8aed-832b0d282e73"/>
    <md:Model.description>CGMES Conformity Assessment: 'MicroGridTestConfiguration....BC (MAS BE) Test Configuration. The model is owned by ENTSO-E and is provided by ENTSO-E “as it is”. To the fullest extent permitted by law, ENTSO-E shall not be liable for any damages of any kind arising out of the use of the model (including any of its subsequent modifications). ENTSO-E neither warrants, nor represents that the use of the model will not infringe the rights of third parties. Any use of the model shall  include a reference to ENTSO-E. ENTSO-E web site is the only official source of information related to the model.</md:Model.description>
    <md:Model.modelingAuthoritySet>http://elia.be/CGMES/2.4.15</md:Model.modelingAuthoritySet>
    <md:Model.profile>http://entsoe.eu/CIM/GeographicalLocation/2/1</md:Model.profile>
  </md:FullModel>
  <cim:CoordinateSystem rdf:ID="_6acd306f-43e5-4f69-93cb-53c048125cdf">
    <cim:IdentifiedObject.name>WGS84</cim:IdentifiedObject.name>
    <cim:CoordinateSystem.crsUrn>urn:ogc:def:crs:EPSG::4326</cim:CoordinateSystem.crsUrn>
  </cim:CoordinateSystem>
  <cim:Location rdf:ID="_4aa56f5f-d576-49e5-8aa0-95ef1ba262e3">
    <cim:Location.PowerSystemResources rdf:resource="#_37e14a0f-5e34-4647-a062-8bfd9305fa9d"/>
    <cim:Location.CoordinateSystem rdf:resource="#_6acd306f-43e5-4f69-93cb-53c048125cdf"/>
  </cim:Location>
  <cim:PositionPoint rdf:ID="_5e240950-d2e8-45e1-9e98-4a1f4916ee77">
    <cim:PositionPoint.sequenceNumber>1</cim:PositionPoint.sequenceNumber>
    <cim:PositionPoint.Location rdf:resource="#_4aa56f5f-d576-49e5-8aa0-95ef1ba262e3"/>
    <cim:PositionPoint.xPosition>4.300890</cim:PositionPoint.xPosition>
    <cim:PositionPoint.yPosition>50.803800</cim:PositionPoint.yPosition>
  </cim:PositionPoint>
  <cim:Location rdf:ID="_8fb30c53-574e-429c-b39f-0f0d7716f66c">
    <cim:Location.PowerSystemResources rdf:resource="#_87f7002b-056f-4a6a-a872-1744eea757e3"/>
    <cim:Location.CoordinateSystem rdf:resource="#_6acd306f-43e5-4f69-93cb-53c048125cdf"/>
  </cim:Location>
  <cim:PositionPoint rdf:ID="_46c83233-8de8-42a3-a8b0-ac20130c8e2d">
    <cim:PositionPoint.sequenceNumber>1</cim:PositionPoint.sequenceNumber>
    <cim:PositionPoint.Location rdf:resource="#_8fb30c53-574e-429c-b39f-0f0d7716f66c"/>
    <cim:PositionPoint.xPosition>4.259260</cim:PositionPoint.xPosition>
    <cim:PositionPoint.yPosition>51.325100</cim:PositionPoint.yPosition>
  </cim:PositionPoint>
  <cim:Location rdf:ID="_523a8d8d-2a60-4b4d-a0ca-5c60d3fee5af">
    <cim:Location.PowerSystemResources rdf:resource="#_a16b4a6c-70b1-4abf-9a9d-bd0fa47f9fe4"/>
    <cim:Location.CoordinateSystem rdf:resource="#_6acd306f-43e5-4f69-93cb-53c048125cdf"/>
  </cim:Location>
  <cim:PositionPoint rdf:ID="_32b83ae0-3cb8-46d4-b31c-7d4ce28a12e7">
    <cim:PositionPoint.sequenceNumber>1</cim:PositionPoint.sequenceNumber>
    <cim:PositionPoint.Location rdf:resource="#_523a8d8d-2a60-4b4d-a0ca-5c60d3fee5af"/>
    <cim:PositionPoint.xPosition>4.888920</cim:PositionPoint.xPosition>
    <cim:PositionPoint.yPosition>51.913800</cim:PositionPoint.yPosition>
  </cim:PositionPoint>
  <cim:PositionPoint rdf:ID="_f1a3635f-333d-4df0-80a5-5f0a92f34f9a">
    <cim:PositionPoint.sequenceNumber>3</cim:PositionPoint.sequenceNumber>
    <cim:PositionPoint.Location rdf:resource="#_523a8d8d-2a60-4b4d-a0ca-5c60d3fee5af"/>
    <cim:PositionPoint.xPosition>4.847720</cim:PositionPoint.xPosition>
    <cim:PositionPoint.yPosition>51.612900</cim:PositionPoint.yPosition>
  </cim:PositionPoint>
  <cim:PositionPoint rdf:ID="_a99b2ba9-7de7-4469-8697-2713b33d5d6d">
    <cim:PositionPoint.sequenceNumber>5</cim:PositionPoint.sequenceNumber>
    <cim:PositionPoint.Location rdf:resource="#_523a8d8d-2a60-4b4d-a0ca-5c60d3fee5af"/>
    <cim:PositionPoint.xPosition>4.259260</cim:PositionPoint.xPosition>
    <cim:PositionPoint.yPosition>51.325100</cim:PositionPoint.yPosition>
  </cim:PositionPoint>
  <cim:Location rdf:ID="_a08e7ec7-ea86-4c58-8241-2c7e220b37ab">
    <cim:Location.PowerSystemResources rdf:resource="#_ffbabc27-1ccd-4fdc-b037-e341706c8d29"/>
    <cim:Location.CoordinateSystem rdf:resource="#_6acd306f-43e5-4f69-93cb-53c048125cdf"/>
  </cim:Location>
  <cim:PositionPoint rdf:ID="_77d66fd2-d471-4b84-a525-089df58700a8">
    <cim:PositionPoint.sequenceNumber>1</cim:PositionPoint.sequenceNumber>
    <cim:PositionPoint.Location rdf:resource="#_a08e7ec7-ea86-4c58-8241-2c7e220b37ab"/>
    <cim:PositionPoint.xPosition>4.301130</cim:PositionPoint.xPosition>
    <cim:PositionPoint.yPosition>50.803500</cim:PositionPoint.yPosition>
  </cim:PositionPoint>
  <cim:PositionPoint rdf:ID="_571ad977-5f9d-4726-b7cd-6c3773d4837d">
    <cim:PositionPoint.sequenceNumber>3</cim:PositionPoint.sequenceNumber>
    <cim:PositionPoint.Location rdf:resource="#_a08e7ec7-ea86-4c58-8241-2c7e220b37ab"/>
    <cim:PositionPoint.xPosition>4.345090</cim:PositionPoint.xPosition>
    <cim:PositionPoint.yPosition>50.916900</cim:PositionPoint.yPosition>
  </cim:PositionPoint>
  <cim:PositionPoint rdf:ID="_68943ec7-cbfd-4f43-bd19-9745fb69ddcd">
    <cim:PositionPoint.sequenceNumber>5</cim:PositionPoint.sequenceNumber>
    <cim:PositionPoint.Location rdf:resource="#_a08e7ec7-ea86-4c58-8241-2c7e220b37ab"/>
    <cim:PositionPoint.xPosition>4.295650</cim:PositionPoint.xPosition>
    <cim:PositionPoint.yPosition>51.044800</cim:PositionPoint.yPosition>
  </cim:PositionPoint>
  <cim:PositionPoint rdf:ID="_81a37bb3-8a35-4aea-a901-a579800de059">
    <cim:PositionPoint.sequenceNumber>7</cim:PositionPoint.sequenceNumber>
    <cim:PositionPoint.Location rdf:resource="#_a08e7ec7-ea86-4c58-8241-2c7e220b37ab"/>
    <cim:PositionPoint.xPosition>4.383540</cim:PositionPoint.xPosition>
    <cim:PositionPoint.yPosition>51.157000</cim:PositionPoint.yPosition>
  </cim:PositionPoint>
  <cim:PositionPoint rdf:ID="_00756bb1-ad75-47ee-911e-c20d0b5965b8">
    <cim:PositionPoint.sequenceNumber>9</cim:PositionPoint.sequenceNumber>
    <cim:PositionPoint.Location rdf:resource="#_a08e7ec7-ea86-4c58-8241-2c7e220b37ab"/>
    <cim:PositionPoint.xPosition>4.259260</cim:PositionPoint.xPosition>
    <cim:PositionPoint.yPosition>51.325100</cim:PositionPoint.yPosition>
  </cim:PositionPoint>
  <cim:Location rdf:ID="_083bd9ea-9402-4232-8615-9e80dc1bf847">
    <cim:Location.PowerSystemResources rdf:resource="#_b18cd1aa-7808-49b9-a7cf-605eaf07b006"/>
    <cim:Location.CoordinateSystem rdf:resource="#_6acd306f-43e5-4f69-93cb-53c048125cdf"/>
  </cim:Location>
  <cim:PositionPoint rdf:ID="_dba52483-8c9c-4093-ad72-79ba8a26cedd">
    <cim:PositionPoint.sequenceNumber>1</cim:PositionPoint.sequenceNumber>
    <cim:PositionPoint.Location rdf:resource="#_083bd9ea-9402-4232-8615-9e80dc1bf847"/>
    <cim:PositionPoint.xPosition>4.301730</cim:PositionPoint.xPosition>
    <cim:PositionPoint.yPosition>50.803000</cim:PositionPoint.yPosition>
  </cim:PositionPoint>
  <cim:PositionPoint rdf:ID="_ba478991-f7ca-4dd2-95a2-7fdc01e0a55a">
    <cim:PositionPoint.sequenceNumber>3</cim:PositionPoint.sequenceNumber>
    <cim:PositionPoint.Location rdf:resource="#_083bd9ea-9402-4232-8615-9e80dc1bf847"/>
    <cim:PositionPoint.xPosition>4.690460</cim:PositionPoint.xPosition>
    <cim:PositionPoint.yPosition>50.899400</cim:PositionPoint.yPosition>
  </cim:PositionPoint>
  <cim:PositionPoint rdf:ID="_04f4b181-2296-48b7-8eed-78e82d467860">
    <cim:PositionPoint.sequenceNumber>5</cim:PositionPoint.sequenceNumber>
    <cim:PositionPoint.Location rdf:resource="#_083bd9ea-9402-4232-8615-9e80dc1bf847"/>
    <cim:PositionPoint.xPosition>5.088250</cim:PositionPoint.xPosition>
    <cim:PositionPoint.yPosition>51.302600</cim:PositionPoint.yPosition>
  </cim:PositionPoint>
  <cim:PositionPoint rdf:ID="_f1fc03a0-bc40-4676-98c9-6593fb655dee">
    <cim:PositionPoint.sequenceNumber>7</cim:PositionPoint.sequenceNumber>
    <cim:PositionPoint.Location rdf:resource="#_083bd9ea-9402-4232-8615-9e80dc1bf847"/>
    <cim:PositionPoint.xPosition>5.070580</cim:PositionPoint.xPosition>
    <cim:PositionPoint.yPosition>51.873100</cim:PositionPoint.yPosition>
  </cim:PositionPoint>
  <cim:Location rdf:ID="_8f220ca0-5432-42a5-b5d0-9e677b4261e2">
    <cim:Location.PowerSystemResources rdf:resource="#_ed0c5d75-4a54-43c8-b782-b20d7431630b"/>
    <cim:Location.CoordinateSystem rdf:resource="#_6acd306f-43e5-4f69-93cb-53c048125cdf"/>
  </cim:Location>
  <cim:PositionPoint rdf:ID="_bc87eb48-bf98-4b33-9fa0-4571bca8e792">
    <cim:PositionPoint.sequenceNumber>1</cim:PositionPoint.sequenceNumber>
    <cim:PositionPoint.Location rdf:resource="#_8f220ca0-5432-42a5-b5d0-9e677b4261e2"/>
    <cim:PositionPoint.xPosition>4.301730</cim:PositionPoint.xPosition>
    <cim:PositionPoint.yPosition>50.803000</cim:PositionPoint.yPosition>
  </cim:PositionPoint>
  <cim:PositionPoint rdf:ID="_d5ea9aaf-9d6a-4775-81df-5dba6c222889">
    <cim:PositionPoint.sequenceNumber>3</cim:PositionPoint.sequenceNumber>
    <cim:PositionPoint.Location rdf:resource="#_8f220ca0-5432-42a5-b5d0-9e677b4261e2"/>
    <cim:PositionPoint.xPosition>4.690460</cim:PositionPoint.xPosition>
    <cim:PositionPoint.yPosition>50.899400</cim:PositionPoint.yPosition>
  </cim:PositionPoint>
  <cim:PositionPoint rdf:ID="_64af9a4d-69b3-49cc-a0d7-76bab9912f89">
    <cim:PositionPoint.sequenceNumber>5</cim:PositionPoint.sequenceNumber>
    <cim:PositionPoint.Location rdf:resource="#_8f220ca0-5432-42a5-b5d0-9e677b4261e2"/>
    <cim:PositionPoint.xPosition>5.088250</cim:PositionPoint.xPosition>
    <cim:PositionPoint.yPosition>51.302600</cim:PositionPoint.yPosition>
  </cim:PositionPoint>
  <cim:PositionPoint rdf:ID="_4930e6bf-b977-40b9-a817-afc4388b6b53">
    <cim:PositionPoint.sequenceNumber>7</cim:PositionPoint.sequenceNumber>
    <cim:PositionPoint.Location rdf:resource="#_8f220ca0-5432-42a5-b5d0-9e677b4261e2"/>
    <cim:PositionPoint.xPosition>5.071860</cim:PositionPoint.xPosition>
    <cim:PositionPoint.yPosition>51.875600</cim:PositionPoint.yPosition>
  </cim:PositionPoint>
  <cim:Location rdf:ID="_9df49c00-0d48-4315-b3ae-db11d4fea1ce">
    <cim:Location.PowerSystemResources rdf:resource="#_78736387-5f60-4832-b3fe-d50daf81b0a6"/>
    <cim:Location.CoordinateSystem rdf:resource="#_6acd306f-43e5-4f69-93cb-53c048125cdf"/>
  </cim:Location>
  <cim:PositionPoint rdf:ID="_f13564e1-11a1-42ab-9dd3-502ce95d1b1a">
    <cim:PositionPoint.sequenceNumber>1</cim:PositionPoint.sequenceNumber>
    <cim:PositionPoint.Location rdf:resource="#_9df49c00-0d48-4315-b3ae-db11d4fea1ce"/>
    <cim:PositionPoint.xPosition>4.301730</cim:PositionPoint.xPosition>
    <cim:PositionPoint.yPosition>50.803000</cim:PositionPoint.yPosition>
  </cim:PositionPoint>
  <cim:PositionPoint rdf:ID="_2e2ae4da-9c4e-46f9-bc00-98a805f17725">
    <cim:PositionPoint.sequenceNumber>3</cim:PositionPoint.sequenceNumber>
    <cim:PositionPoint.Location rdf:resource="#_9df49c00-0d48-4315-b3ae-db11d4fea1ce"/>
    <cim:PositionPoint.xPosition>4.690460</cim:PositionPoint.xPosition>
    <cim:PositionPoint.yPosition>50.899400</cim:PositionPoint.yPosition>
  </cim:PositionPoint>
  <cim:PositionPoint rdf:ID="_8e765d10-5288-4c64-8cac-bf585e6ce440">
    <cim:PositionPoint.sequenceNumber>5</cim:PositionPoint.sequenceNumber>
    <cim:PositionPoint.Location rdf:resource="#_9df49c00-0d48-4315-b3ae-db11d4fea1ce"/>
    <cim:PositionPoint.xPosition>5.088250</cim:PositionPoint.xPosition>
    <cim:PositionPoint.yPosition>51.302600</cim:PositionPoint.yPosition>
  </cim:PositionPoint>
  <cim:PositionPoint rdf:ID="_e6935070-59e4-4661-8215-765e09c69ef6">
    <cim:PositionPoint.sequenceNumber>7</cim:PositionPoint.sequenceNumber>
    <cim:PositionPoint.Location rdf:resource="#_9df49c00-0d48-4315-b3ae-db11d4fea1ce"/>
    <cim:PositionPoint.xPosition>5.072940</cim:PositionPoint.xPosition>
    <cim:PositionPoint.yPosition>51.876500</cim:PositionPoint.yPosition>
  </cim:PositionPoint>
  <cim:Location rdf:ID="_b74ff6c3-5b8b-445f-83fb-daf90f1ee730">
    <cim:Location.PowerSystemResources rdf:resource="#_b58bf21a-096a-4dae-9a01-3f03b60c24c7"/>
    <cim:Location.CoordinateSystem rdf:resource="#_6acd306f-43e5-4f69-93cb-53c048125cdf"/>
  </cim:Location>
  <cim:PositionPoint rdf:ID="_3230c2cd-b5d1-4310-a65d-c1553c56b7aa">
    <cim:PositionPoint.sequenceNumber>1</cim:PositionPoint.sequenceNumber>
    <cim:PositionPoint.Location rdf:resource="#_b74ff6c3-5b8b-445f-83fb-daf90f1ee730"/>
    <cim:PositionPoint.xPosition>4.301130</cim:PositionPoint.xPosition>
    <cim:PositionPoint.yPosition>50.803500</cim:PositionPoint.yPosition>
  </cim:PositionPoint>
  <cim:PositionPoint rdf:ID="_a4780214-fa96-4d79-8e03-3eecdc7590fc">
    <cim:PositionPoint.sequenceNumber>3</cim:PositionPoint.sequenceNumber>
    <cim:PositionPoint.Location rdf:resource="#_b74ff6c3-5b8b-445f-83fb-daf90f1ee730"/>
    <cim:PositionPoint.xPosition>4.345090</cim:PositionPoint.xPosition>
    <cim:PositionPoint.yPosition>50.916900</cim:PositionPoint.yPosition>
  </cim:PositionPoint>
  <cim:PositionPoint rdf:ID="_ec4ffb3f-a35d-4d2a-bf3f-c56ac0063fd1">
    <cim:PositionPoint.sequenceNumber>5</cim:PositionPoint.sequenceNumber>
    <cim:PositionPoint.Location rdf:resource="#_b74ff6c3-5b8b-445f-83fb-daf90f1ee730"/>
    <cim:PositionPoint.xPosition>4.295650</cim:PositionPoint.xPosition>
    <cim:PositionPoint.yPosition>51.044800</cim:PositionPoint.yPosition>
  </cim:PositionPoint>
  <cim:PositionPoint rdf:ID="_ee73d7b6-8c7c-463d-a5cc-1c368fe922de">
    <cim:PositionPoint.sequenceNumber>7</cim:PositionPoint.sequenceNumber>
    <cim:PositionPoint.Location rdf:resource="#_b74ff6c3-5b8b-445f-83fb-daf90f1ee730"/>
    <cim:PositionPoint.xPosition>4.383540</cim:PositionPoint.xPosition>
    <cim:PositionPoint.yPosition>51.157000</cim:PositionPoint.yPosition>
  </cim:PositionPoint>
  <cim:PositionPoint rdf:ID="_d41e294d-759f-418e-9b75-f681315646b4">
    <cim:PositionPoint.sequenceNumber>9</cim:PositionPoint.sequenceNumber>
    <cim:PositionPoint.Location rdf:resource="#_b74ff6c3-5b8b-445f-83fb-daf90f1ee730"/>
    <cim:PositionPoint.xPosition>4.259260</cim:PositionPoint.xPosition>
    <cim:PositionPoint.yPosition>51.325100</cim:PositionPoint.yPosition>
  </cim:PositionPoint>
  <cim:Location rdf:ID="_d902d87e-3ff9-42a8-8366-cc1cebe51e5c">
    <cim:Location.PowerSystemResources rdf:resource="#_17086487-56ba-4979-b8de-064025a6b4da"/>
    <cim:Location.CoordinateSystem rdf:resource="#_6acd306f-43e5-4f69-93cb-53c048125cdf"/>
  </cim:Location>
  <cim:PositionPoint rdf:ID="_34e45797-f8fb-4d95-87f5-b7534d0d21db">
    <cim:PositionPoint.sequenceNumber>1</cim:PositionPoint.sequenceNumber>
    <cim:PositionPoint.Location rdf:resource="#_d902d87e-3ff9-42a8-8366-cc1cebe51e5c"/>
    <cim:PositionPoint.xPosition>4.887980</cim:PositionPoint.xPosition>
    <cim:PositionPoint.yPosition>51.912700</cim:PositionPoint.yPosition>
  </cim:PositionPoint>
  <cim:PositionPoint rdf:ID="_91e7095d-3c85-4162-8d17-bf2cf0d2ea2c">
    <cim:PositionPoint.sequenceNumber>3</cim:PositionPoint.sequenceNumber>
    <cim:PositionPoint.Location rdf:resource="#_d902d87e-3ff9-42a8-8366-cc1cebe51e5c"/>
    <cim:PositionPoint.xPosition>4.846830</cim:PositionPoint.xPosition>
    <cim:PositionPoint.yPosition>51.612100</cim:PositionPoint.yPosition>
  </cim:PositionPoint>
</rdf:RDF>
