<?xml version="1.0" encoding="utf-8"?>
<rdf:RDF xmlns:rdf="http://www.w3.org/1999/02/22-rdf-syntax-ns#" xmlns:cim="http://iec.ch/TC57/2013/CIM-schema-cim16#" xmlns:entsoe="http://entsoe.eu/CIM/SchemaExtension/3/1#" xmlns:md="http://iec.ch/TC57/61970-552/ModelDescription/1#">
  <md:FullModel rdf:about="urn:uuid:7713fd6a-1d8c-4f2b-a6e6-dbabc7d6ad49">
    <md:Model.created>2014-10-24T14:26:47</md:Model.created>
    <md:Model.scenarioTime>2014-10-24T12:02:49</md:Model.scenarioTime>
    <md:Model.version>2</md:Model.version>
    <md:Model.DependentOn rdf:resource="urn:uuid:34e5b362-7771-4a8f-a5a8-571f76de9f41"/>
    <md:Model.DependentOn rdf:resource="urn:uuid:558c68be-45bc-4cd6-9389-491aad7f809f"/>
    <md:Model.DependentOn rdf:resource="urn:uuid:2399cbd1-9a39-11e0-aa80-0800200c9a66"/>
    <md:Model.description>CGMES Conformity Assessment: 'MicroGridTestConfiguration....T1(MAS BE) Test Configuration. The model is owned by ENTSO-E and is provided by ENTSO-E “as it is”. To the fullest extent permitted by law, ENTSO-E shall not be liable for any damages of any kind arising out of the use of the model (including any of its subsequent modifications). ENTSO-E neither warrants, nor represents that the use of the model will not infringe the rights of third parties. Any use of the model shall  include a reference to ENTSO-E. ENTSO-E web site is the only official source of information related to the model.</md:Model.description>
    <md:Model.modelingAuthoritySet>http://elia.be/CGMES/2.4.15</md:Model.modelingAuthoritySet>
    <md:Model.profile>http://entsoe.eu/CIM/StateVariables/4/1</md:Model.profile>
    <md:Model.Supersedes rdf:resource="urn:uuid:c2960b34-0a04-4cd1-9c4d-f3112d85ec6c"/>
  </md:FullModel>
  <cim:SvVoltage rdf:ID="_aa02f996-c166-4290-a5bc-9282fc626772">
    <cim:SvVoltage.v>412.989258</cim:SvVoltage.v>
    <cim:SvVoltage.angle>-6.789010</cim:SvVoltage.angle>
    <cim:SvVoltage.TopologicalNode rdf:resource="#_e44141af-f1dc-44d3-bfa4-b674e5c953d7"/>
  </cim:SvVoltage>
  <cim:SvVoltage rdf:ID="_57c685d2-3835-4946-bf5a-929efe860f7e">
    <cim:SvVoltage.v>224.315838</cim:SvVoltage.v>
    <cim:SvVoltage.angle>-8.779640</cim:SvVoltage.angle>
    <cim:SvVoltage.TopologicalNode rdf:resource="#_99b219f3-4593-428b-a4da-124a54630178"/>
  </cim:SvVoltage>
  <cim:SvVoltage rdf:ID="_15e30191-41c4-4c6f-9523-9b85a7b5e4ca">
    <cim:SvVoltage.v>410.881757</cim:SvVoltage.v>
    <cim:SvVoltage.angle>-6.584290</cim:SvVoltage.angle>
    <cim:SvVoltage.TopologicalNode rdf:resource="#_f03d65b2a51049ffa533e433721145c1"/>
  </cim:SvVoltage>
  <cim:SvVoltage rdf:ID="_2fc7319c-6f83-468b-ae93-4050d38d26aa">
    <cim:SvVoltage.v>412.611575</cim:SvVoltage.v>
    <cim:SvVoltage.angle>-6.755170</cim:SvVoltage.angle>
    <cim:SvVoltage.TopologicalNode rdf:resource="#_9d25a1f9e5d14d47b6dcde99c4380b40"/>
  </cim:SvVoltage>
  <cim:SvVoltage rdf:ID="_fb440f0c-f186-420e-bf23-e9b1a696798f">
    <cim:SvVoltage.v>411.151687</cim:SvVoltage.v>
    <cim:SvVoltage.angle>-6.595950</cim:SvVoltage.angle>
    <cim:SvVoltage.TopologicalNode rdf:resource="#_d4affe50316740bdbbf4ae9c7cbf3cfd"/>
  </cim:SvVoltage>
  <cim:SvVoltage rdf:ID="_fc7796e9-f491-4c90-a02b-90128b7a3aa8">
    <cim:SvVoltage.v>225.496236</cim:SvVoltage.v>
    <cim:SvVoltage.angle>-5.585730</cim:SvVoltage.angle>
    <cim:SvVoltage.TopologicalNode rdf:resource="#_8d7bad8bcc634e0796e362390d9040b6"/>
  </cim:SvVoltage>
  <cim:SvVoltage rdf:ID="_9b5d90e9-2e23-40ee-92ac-01466085c6c7">
    <cim:SvVoltage.v>224.965529</cim:SvVoltage.v>
    <cim:SvVoltage.angle>-5.644090</cim:SvVoltage.angle>
    <cim:SvVoltage.TopologicalNode rdf:resource="#_1fa19c281c8f4e1eaad9e1cab70f923e"/>
  </cim:SvVoltage>
  <cim:SvVoltage rdf:ID="_cd616464-6513-49fe-a533-d8cb390fbf66">
    <cim:SvVoltage.v>224.871552</cim:SvVoltage.v>
    <cim:SvVoltage.angle>-7.632820</cim:SvVoltage.angle>
    <cim:SvVoltage.TopologicalNode rdf:resource="#_f70f6bad-eb8d-4b8f-8431-4ab93581514e"/>
  </cim:SvVoltage>
  <cim:SvVoltage rdf:ID="_ee18986c-6de5-4fe1-b48e-217204f50d21">
    <cim:SvVoltage.v>10.820749</cim:SvVoltage.v>
    <cim:SvVoltage.angle>-7.065810</cim:SvVoltage.angle>
    <cim:SvVoltage.TopologicalNode rdf:resource="#_a81d08ed-f51d-4538-8d1e-fb2d0dbd128e"/>
  </cim:SvVoltage>
  <cim:SvVoltage rdf:ID="_4ab42935-8edf-45d4-b315-31b425e9427a">
    <cim:SvVoltage.v>21.987000</cim:SvVoltage.v>
    <cim:SvVoltage.angle>-6.665000</cim:SvVoltage.angle>
    <cim:SvVoltage.TopologicalNode rdf:resource="#_f96d552a-618d-4d0c-a39a-2dea3c411dee"/>
  </cim:SvVoltage>
  <cim:SvVoltage rdf:ID="_e95ae217-bca3-4a77-9848-4c38e1fba9f1">
    <cim:SvVoltage.v>115.500000</cim:SvVoltage.v>
    <cim:SvVoltage.angle>-9.399980</cim:SvVoltage.angle>
    <cim:SvVoltage.TopologicalNode rdf:resource="#_5c74cb26-ce2f-40c6-951d-89091eb781b6"/>
  </cim:SvVoltage>
  <cim:SvPowerFlow rdf:ID="_813b8e0f-897f-41c9-914e-eba765dc330e">
    <cim:SvPowerFlow.p>-26.834973</cim:SvPowerFlow.p>
    <cim:SvPowerFlow.q>1.492525</cim:SvPowerFlow.q>
    <cim:SvPowerFlow.Terminal rdf:resource="#_4a7363a4-0b21-4f65-8bba-33e3a8f6bac3"/>
  </cim:SvPowerFlow>
  <cim:SvPowerFlow rdf:ID="_f32217a5-86f3-418b-8efa-afe3cc096c73">
    <cim:SvPowerFlow.p>-27.396260</cim:SvPowerFlow.p>
    <cim:SvPowerFlow.q>0.427170</cim:SvPowerFlow.q>
    <cim:SvPowerFlow.Terminal rdf:resource="#_d238885e-d9b6-4edc-8567-6a68c605ed67"/>
  </cim:SvPowerFlow>
  <cim:SvPowerFlow rdf:ID="_b078dede-a0b4-4bff-9837-f15dddb5517c">
    <cim:SvPowerFlow.p>-43.805750</cim:SvPowerFlow.p>
    <cim:SvPowerFlow.q>84.896230</cim:SvPowerFlow.q>
    <cim:SvPowerFlow.Terminal rdf:resource="#_c41978db-794b-4bae-953e-60fc519e87dd"/>
  </cim:SvPowerFlow>
  <cim:SvPowerFlow rdf:ID="_665e108e-266c-4c24-86c5-633f31c58fbc">
    <cim:SvPowerFlow.p>-46.927400</cim:SvPowerFlow.p>
    <cim:SvPowerFlow.q>79.208187</cim:SvPowerFlow.q>
    <cim:SvPowerFlow.Terminal rdf:resource="#_53072f42-f77b-47e2-bd9a-e097c910b173"/>
  </cim:SvPowerFlow>
  <cim:SvPowerFlow rdf:ID="_90c8a6b7-3dd0-4331-8e96-0a7dec2dd822">
    <cim:SvPowerFlow.p>-90.248678</cim:SvPowerFlow.p>
    <cim:SvPowerFlow.q>148.627050</cim:SvPowerFlow.q>
    <cim:SvPowerFlow.Terminal rdf:resource="#_b9539c41-d114-4280-8a54-8ecec398091e"/>
  </cim:SvPowerFlow>
  <cim:SvPowerFlow rdf:ID="_7d6a44e3-1297-4f69-b893-1a8caf3340c1">
    <cim:SvPowerFlow.p>1.000000</cim:SvPowerFlow.p>
    <cim:SvPowerFlow.q>0e+000</cim:SvPowerFlow.q>
    <cim:SvPowerFlow.Terminal rdf:resource="#_b9376bea-c75d-49f3-94ca-6a71fa0086a5"/>
  </cim:SvPowerFlow>
  <cim:SvPowerFlow rdf:ID="_65464b1e-5f45-48ca-b3a8-6defcd861bb5">
    <cim:SvPowerFlow.p>200.000000</cim:SvPowerFlow.p>
    <cim:SvPowerFlow.q>50.000000</cim:SvPowerFlow.q>
    <cim:SvPowerFlow.Terminal rdf:resource="#_a036b765-1669-4f64-acd3-1e8fbd513312"/>
  </cim:SvPowerFlow>
  <cim:SvPowerFlow rdf:ID="_40e121c8-30d4-4f4b-961c-59ce48c0dc25">
    <cim:SvPowerFlow.p>200.000000</cim:SvPowerFlow.p>
    <cim:SvPowerFlow.q>90.000000</cim:SvPowerFlow.q>
    <cim:SvPowerFlow.Terminal rdf:resource="#_cbdf1842-74ed-4fce-a5d4-0296c82cbc92"/>
  </cim:SvPowerFlow>
  <cim:SvPowerFlow rdf:ID="_9a5042e1-8a31-4eb2-8868-0a57da7bd00b">
    <cim:SvPowerFlow.p>-90.000000</cim:SvPowerFlow.p>
    <cim:SvPowerFlow.q>51.126769</cim:SvPowerFlow.q>
    <cim:SvPowerFlow.Terminal rdf:resource="#_beffa353-7d10-421d-9c08-036b744b1cee"/>
  </cim:SvPowerFlow>
  <cim:SvPowerFlow rdf:ID="_787c1ee3-582b-438e-9418-e184ab31da09">
    <cim:SvPowerFlow.p>-117.495810</cim:SvPowerFlow.p>
    <cim:SvPowerFlow.q>-92.681978</cim:SvPowerFlow.q>
    <cim:SvPowerFlow.Terminal rdf:resource="#_4bb5407b-b4a5-416c-80ad-1a778ada2b9b"/>
  </cim:SvPowerFlow>
  <cim:SvPowerFlow rdf:ID="_98d63bd7-770d-4e21-aea6-87ec63c7c23c">
    <cim:SvPowerFlow.p>1.181164</cim:SvPowerFlow.p>
    <cim:SvPowerFlow.q>-59.058215</cim:SvPowerFlow.q>
    <cim:SvPowerFlow.Terminal rdf:resource="#_22af3121-1a66-4546-bd80-4371f417c644"/>
  </cim:SvPowerFlow>
  <cim:SvPowerFlow rdf:ID="_1ecb81a0-6696-4ce1-a429-a41cc62ad88a">
    <cim:SvPowerFlow.p>0e+000</cim:SvPowerFlow.p>
    <cim:SvPowerFlow.q>-330.750000</cim:SvPowerFlow.q>
    <cim:SvPowerFlow.Terminal rdf:resource="#_d5e2e58e-ccf6-47d9-b3bb-3088eb7a9b6c"/>
  </cim:SvPowerFlow>
  <cim:SvTapStep rdf:ID="_37790bae-97e2-497c-b57f-f61d32dd79dd">
    <cim:SvTapStep.position>18</cim:SvTapStep.position>
    <cim:SvTapStep.TapChanger rdf:resource="#_83cc66dd-8d93-4a2c-8103-f1f5a9cf7e2e"/>
  </cim:SvTapStep>
  <cim:SvTapStep rdf:ID="_95e06354-7401-46c9-9d91-99ba46467a01">
    <cim:SvTapStep.position>10</cim:SvTapStep.position>
    <cim:SvTapStep.TapChanger rdf:resource="#_955d9cd0-4a10-4031-b008-60c0dc340a07"/>
  </cim:SvTapStep>
  <cim:SvTapStep rdf:ID="_90e1b782-c9c3-4653-97c7-f6839aa5c16a">
    <cim:SvTapStep.position>16</cim:SvTapStep.position>
    <cim:SvTapStep.TapChanger rdf:resource="#_6ebbef67-3061-4236-a6fd-6ccc4595f6c3"/>
  </cim:SvTapStep>
  <cim:SvTapStep rdf:ID="_b6546ad2-adc5-4275-aa59-0d2e2008793e">
    <cim:SvTapStep.position>17</cim:SvTapStep.position>
    <cim:SvTapStep.TapChanger rdf:resource="#_fe25f43a-7341-446e-a71a-8ab7119ba806"/>
  </cim:SvTapStep>
  <cim:SvShuntCompensatorSections rdf:ID="_4d0bf990-e0b8-4b54-8879-37ee5d3cb72f">
    <cim:SvShuntCompensatorSections.sections>1</cim:SvShuntCompensatorSections.sections>
    <cim:SvShuntCompensatorSections.ShuntCompensator rdf:resource="#_002b0a40-3957-46db-b84a-30420083558f"/>
  </cim:SvShuntCompensatorSections>
  <cim:SvShuntCompensatorSections rdf:ID="_68319a0e-3be7-4fa4-965b-5b112be92140">
    <cim:SvShuntCompensatorSections.sections>1</cim:SvShuntCompensatorSections.sections>
    <cim:SvShuntCompensatorSections.ShuntCompensator rdf:resource="#_d771118f-36e9-4115-a128-cc3d9ce3e3da"/>
  </cim:SvShuntCompensatorSections>
</rdf:RDF>
