<?xml version="1.0" encoding="utf-8"?>
<rdf:RDF xmlns:rdf="http://www.w3.org/1999/02/22-rdf-syntax-ns#" xmlns:cim="http://iec.ch/TC57/2013/CIM-schema-cim16#" xmlns:entsoe="http://entsoe.eu/CIM/SchemaExtension/3/1#" xmlns:md="http://iec.ch/TC57/61970-552/ModelDescription/1#">
  <md:FullModel rdf:about="urn:uuid:4679988a-ec52-4818-a7cf-db3fea826cff">
    <md:Model.created>2014-10-24T16:22:45</md:Model.created>
    <md:Model.scenarioTime>2014-04-14T09:26:16</md:Model.scenarioTime>
    <md:Model.version>2</md:Model.version>
    <md:Model.DependentOn rdf:resource="urn:uuid:2399cbd0-9a39-11e0-aa80-0800200c9a66"/>
    <md:Model.DependentOn rdf:resource="urn:uuid:236c9d9c-ef01-4bd3-9de9-63a39e676dad"/>
    <md:Model.description>CGMES Conformity Assessment: 'MicroGridTestConfiguration....T3 (MAS NL) Test Configuration. The model is owned by ENTSO-E and is provided by ENTSO-E “as it is”. To the fullest extent permitted by law, ENTSO-E shall not be liable for any damages of any kind arising out of the use of the model (including any of its subsequent modifications). ENTSO-E neither warrants, nor represents that the use of the model will not infringe the rights of third parties. Any use of the model shall  include a reference to ENTSO-E. ENTSO-E web site is the only official source of information related to the model.</md:Model.description>
    <md:Model.modelingAuthoritySet>http://tennet.nl/CGMES/2.4.15</md:Model.modelingAuthoritySet>
    <md:Model.profile>http://entsoe.eu/CIM/GeographicalLocation/2/1</md:Model.profile>
    <md:Model.Supersedes rdf:resource="urn:uuid:4528b685-6ddc-471a-b8a2-8e77e6ec15f8"/>
  </md:FullModel>
  <cim:CoordinateSystem rdf:ID="_24c886e9-01eb-43bb-adff-dd57b4590b34">
    <cim:IdentifiedObject.name>WGS84</cim:IdentifiedObject.name>
    <cim:CoordinateSystem.crsUrn>urn:ogc:def:crs:EPSG::4326</cim:CoordinateSystem.crsUrn>
  </cim:CoordinateSystem>
  <cim:Location rdf:ID="_60164a0d-1613-401e-8f07-8914b2d468e3">
    <cim:Location.PowerSystemResources rdf:resource="#_c49942d6-8b01-4b01-b5e8-f1180f84906c"/>
    <cim:Location.CoordinateSystem rdf:resource="#_24c886e9-01eb-43bb-adff-dd57b4590b34"/>
  </cim:Location>
  <cim:PositionPoint rdf:ID="_a6e683fc-1052-47ef-80f1-8d13626fd387">
    <cim:PositionPoint.sequenceNumber>1</cim:PositionPoint.sequenceNumber>
    <cim:PositionPoint.Location rdf:resource="#_60164a0d-1613-401e-8f07-8914b2d468e3"/>
    <cim:PositionPoint.xPosition>4.846580</cim:PositionPoint.xPosition>
    <cim:PositionPoint.yPosition>52.404700</cim:PositionPoint.yPosition>
  </cim:PositionPoint>
  <cim:Location rdf:ID="_10085388-1daf-4e3c-8dac-cecc793f7c6a">
    <cim:Location.PowerSystemResources rdf:resource="#_e8acf6b6-99cb-45ad-b8dc-16c7866a4ddc"/>
    <cim:Location.CoordinateSystem rdf:resource="#_24c886e9-01eb-43bb-adff-dd57b4590b34"/>
  </cim:Location>
  <cim:PositionPoint rdf:ID="_83678802-33a1-48dc-8c7b-1c9f3631be4a">
    <cim:PositionPoint.sequenceNumber>1</cim:PositionPoint.sequenceNumber>
    <cim:PositionPoint.Location rdf:resource="#_10085388-1daf-4e3c-8dac-cecc793f7c6a"/>
    <cim:PositionPoint.xPosition>4.847440</cim:PositionPoint.xPosition>
    <cim:PositionPoint.yPosition>52.402700</cim:PositionPoint.yPosition>
  </cim:PositionPoint>
  <cim:PositionPoint rdf:ID="_d242608b-dba8-41e6-8c70-c42a6b8472f0">
    <cim:PositionPoint.sequenceNumber>3</cim:PositionPoint.sequenceNumber>
    <cim:PositionPoint.Location rdf:resource="#_10085388-1daf-4e3c-8dac-cecc793f7c6a"/>
    <cim:PositionPoint.xPosition>4.981250</cim:PositionPoint.xPosition>
    <cim:PositionPoint.yPosition>52.248300</cim:PositionPoint.yPosition>
  </cim:PositionPoint>
  <cim:PositionPoint rdf:ID="_337fa451-9e57-48d8-862a-dbbd979d0cda">
    <cim:PositionPoint.sequenceNumber>5</cim:PositionPoint.sequenceNumber>
    <cim:PositionPoint.Location rdf:resource="#_10085388-1daf-4e3c-8dac-cecc793f7c6a"/>
    <cim:PositionPoint.xPosition>5.047090</cim:PositionPoint.xPosition>
    <cim:PositionPoint.yPosition>52.069900</cim:PositionPoint.yPosition>
  </cim:PositionPoint>
  <cim:PositionPoint rdf:ID="_075e94d7-f3e7-48fa-8cdb-532d123f51b9">
    <cim:PositionPoint.sequenceNumber>7</cim:PositionPoint.sequenceNumber>
    <cim:PositionPoint.Location rdf:resource="#_10085388-1daf-4e3c-8dac-cecc793f7c6a"/>
    <cim:PositionPoint.xPosition>5.070580</cim:PositionPoint.xPosition>
    <cim:PositionPoint.yPosition>51.873100</cim:PositionPoint.yPosition>
  </cim:PositionPoint>
  <cim:Location rdf:ID="_2ea5cc28-dd37-47f0-8945-b1f649dca285">
    <cim:Location.PowerSystemResources rdf:resource="#_8fdc7abd-3746-481a-a65e-3df56acd8b13"/>
    <cim:Location.CoordinateSystem rdf:resource="#_24c886e9-01eb-43bb-adff-dd57b4590b34"/>
  </cim:Location>
  <cim:PositionPoint rdf:ID="_14ebf07b-f7ad-4fd1-b7a7-0d1f0ff4d599">
    <cim:PositionPoint.sequenceNumber>1</cim:PositionPoint.sequenceNumber>
    <cim:PositionPoint.Location rdf:resource="#_2ea5cc28-dd37-47f0-8945-b1f649dca285"/>
    <cim:PositionPoint.xPosition>4.848450</cim:PositionPoint.xPosition>
    <cim:PositionPoint.yPosition>52.402300</cim:PositionPoint.yPosition>
  </cim:PositionPoint>
  <cim:PositionPoint rdf:ID="_a052a78d-a34e-4c60-bcad-23326d55c8ba">
    <cim:PositionPoint.sequenceNumber>3</cim:PositionPoint.sequenceNumber>
    <cim:PositionPoint.Location rdf:resource="#_2ea5cc28-dd37-47f0-8945-b1f649dca285"/>
    <cim:PositionPoint.xPosition>4.790040</cim:PositionPoint.xPosition>
    <cim:PositionPoint.yPosition>52.157100</cim:PositionPoint.yPosition>
  </cim:PositionPoint>
  <cim:PositionPoint rdf:ID="_7214e280-3929-4dff-9c1d-d11e79c2d561">
    <cim:PositionPoint.sequenceNumber>5</cim:PositionPoint.sequenceNumber>
    <cim:PositionPoint.Location rdf:resource="#_2ea5cc28-dd37-47f0-8945-b1f649dca285"/>
    <cim:PositionPoint.xPosition>4.888920</cim:PositionPoint.xPosition>
    <cim:PositionPoint.yPosition>51.913800</cim:PositionPoint.yPosition>
  </cim:PositionPoint>
  <cim:PositionPoint rdf:ID="_fbd56383-e073-492f-91d0-dbeda03c8e75">
    <cim:PositionPoint.sequenceNumber>7</cim:PositionPoint.sequenceNumber>
    <cim:PositionPoint.Location rdf:resource="#_2ea5cc28-dd37-47f0-8945-b1f649dca285"/>
    <cim:PositionPoint.xPosition>4.887980</cim:PositionPoint.xPosition>
    <cim:PositionPoint.yPosition>51.912700</cim:PositionPoint.yPosition>
  </cim:PositionPoint>
  <cim:Location rdf:ID="_a5f45a99-9dc4-4dbe-89fd-5cfd932430f8">
    <cim:Location.PowerSystemResources rdf:resource="#_dad02278-bd25-476f-8f58-dbe44be72586"/>
    <cim:Location.CoordinateSystem rdf:resource="#_24c886e9-01eb-43bb-adff-dd57b4590b34"/>
  </cim:Location>
  <cim:PositionPoint rdf:ID="_fa65e502-9dbb-4d02-8c57-1096c600d8ec">
    <cim:PositionPoint.sequenceNumber>1</cim:PositionPoint.sequenceNumber>
    <cim:PositionPoint.Location rdf:resource="#_a5f45a99-9dc4-4dbe-89fd-5cfd932430f8"/>
    <cim:PositionPoint.xPosition>4.847440</cim:PositionPoint.xPosition>
    <cim:PositionPoint.yPosition>52.402700</cim:PositionPoint.yPosition>
  </cim:PositionPoint>
  <cim:PositionPoint rdf:ID="_e7831146-2a16-4b73-b2bb-50483f89d026">
    <cim:PositionPoint.sequenceNumber>3</cim:PositionPoint.sequenceNumber>
    <cim:PositionPoint.Location rdf:resource="#_a5f45a99-9dc4-4dbe-89fd-5cfd932430f8"/>
    <cim:PositionPoint.xPosition>4.981250</cim:PositionPoint.xPosition>
    <cim:PositionPoint.yPosition>52.248300</cim:PositionPoint.yPosition>
  </cim:PositionPoint>
  <cim:PositionPoint rdf:ID="_767008ed-3353-4913-85e0-9d55fbc17e71">
    <cim:PositionPoint.sequenceNumber>5</cim:PositionPoint.sequenceNumber>
    <cim:PositionPoint.Location rdf:resource="#_a5f45a99-9dc4-4dbe-89fd-5cfd932430f8"/>
    <cim:PositionPoint.xPosition>5.047090</cim:PositionPoint.xPosition>
    <cim:PositionPoint.yPosition>52.069900</cim:PositionPoint.yPosition>
  </cim:PositionPoint>
  <cim:PositionPoint rdf:ID="_811a603e-0396-4e22-a733-2b49799640dd">
    <cim:PositionPoint.sequenceNumber>7</cim:PositionPoint.sequenceNumber>
    <cim:PositionPoint.Location rdf:resource="#_a5f45a99-9dc4-4dbe-89fd-5cfd932430f8"/>
    <cim:PositionPoint.xPosition>5.071860</cim:PositionPoint.xPosition>
    <cim:PositionPoint.yPosition>51.875600</cim:PositionPoint.yPosition>
  </cim:PositionPoint>
  <cim:Location rdf:ID="_0606c3e4-444a-41c5-87d1-153a1be6d231">
    <cim:Location.PowerSystemResources rdf:resource="#_7f43f508-2496-4b64-9146-0a40406cbe49"/>
    <cim:Location.CoordinateSystem rdf:resource="#_24c886e9-01eb-43bb-adff-dd57b4590b34"/>
  </cim:Location>
  <cim:PositionPoint rdf:ID="_fe1883e0-342b-4acd-bd33-8f46e6cbeeb6">
    <cim:PositionPoint.sequenceNumber>1</cim:PositionPoint.sequenceNumber>
    <cim:PositionPoint.Location rdf:resource="#_0606c3e4-444a-41c5-87d1-153a1be6d231"/>
    <cim:PositionPoint.xPosition>4.847440</cim:PositionPoint.xPosition>
    <cim:PositionPoint.yPosition>52.402700</cim:PositionPoint.yPosition>
  </cim:PositionPoint>
  <cim:PositionPoint rdf:ID="_095325bf-2a97-4603-bcd3-99874958dc70">
    <cim:PositionPoint.sequenceNumber>3</cim:PositionPoint.sequenceNumber>
    <cim:PositionPoint.Location rdf:resource="#_0606c3e4-444a-41c5-87d1-153a1be6d231"/>
    <cim:PositionPoint.xPosition>4.981250</cim:PositionPoint.xPosition>
    <cim:PositionPoint.yPosition>52.248300</cim:PositionPoint.yPosition>
  </cim:PositionPoint>
  <cim:PositionPoint rdf:ID="_af45ddcc-db1b-4068-897e-bece578802c7">
    <cim:PositionPoint.sequenceNumber>5</cim:PositionPoint.sequenceNumber>
    <cim:PositionPoint.Location rdf:resource="#_0606c3e4-444a-41c5-87d1-153a1be6d231"/>
    <cim:PositionPoint.xPosition>5.047090</cim:PositionPoint.xPosition>
    <cim:PositionPoint.yPosition>52.069900</cim:PositionPoint.yPosition>
  </cim:PositionPoint>
  <cim:PositionPoint rdf:ID="_8b6fdc18-be4d-42b2-832d-c31a02b79f78">
    <cim:PositionPoint.sequenceNumber>7</cim:PositionPoint.sequenceNumber>
    <cim:PositionPoint.Location rdf:resource="#_0606c3e4-444a-41c5-87d1-153a1be6d231"/>
    <cim:PositionPoint.xPosition>5.072940</cim:PositionPoint.xPosition>
    <cim:PositionPoint.yPosition>51.876500</cim:PositionPoint.yPosition>
  </cim:PositionPoint>
  <cim:Location rdf:ID="_196bb5f5-33a7-4196-84af-a27d4113450e">
    <cim:Location.PowerSystemResources rdf:resource="#_a279a3dc-550b-426c-af3a-61b7be508dcc"/>
    <cim:Location.CoordinateSystem rdf:resource="#_24c886e9-01eb-43bb-adff-dd57b4590b34"/>
  </cim:Location>
  <cim:PositionPoint rdf:ID="_f39022ad-d7ae-4c5f-aa00-425634ba7ce5">
    <cim:PositionPoint.sequenceNumber>1</cim:PositionPoint.sequenceNumber>
    <cim:PositionPoint.Location rdf:resource="#_196bb5f5-33a7-4196-84af-a27d4113450e"/>
    <cim:PositionPoint.xPosition>4.848450</cim:PositionPoint.xPosition>
    <cim:PositionPoint.yPosition>52.402300</cim:PositionPoint.yPosition>
  </cim:PositionPoint>
  <cim:PositionPoint rdf:ID="_209d8a92-4c12-4f2b-8b14-7315a93e5d12">
    <cim:PositionPoint.sequenceNumber>3</cim:PositionPoint.sequenceNumber>
    <cim:PositionPoint.Location rdf:resource="#_196bb5f5-33a7-4196-84af-a27d4113450e"/>
    <cim:PositionPoint.xPosition>4.790040</cim:PositionPoint.xPosition>
    <cim:PositionPoint.yPosition>52.157100</cim:PositionPoint.yPosition>
  </cim:PositionPoint>
  <cim:PositionPoint rdf:ID="_e5f27245-bfb6-4bc3-bff3-99b42b798f52">
    <cim:PositionPoint.sequenceNumber>5</cim:PositionPoint.sequenceNumber>
    <cim:PositionPoint.Location rdf:resource="#_196bb5f5-33a7-4196-84af-a27d4113450e"/>
    <cim:PositionPoint.xPosition>4.888920</cim:PositionPoint.xPosition>
    <cim:PositionPoint.yPosition>51.913800</cim:PositionPoint.yPosition>
  </cim:PositionPoint>
  <cim:Location rdf:ID="_9cdf5a69-77cf-44d4-8986-9de46fbb979b">
    <cim:Location.PowerSystemResources rdf:resource="#_fe19b051-39e7-4b25-bd85-812e09522953"/>
    <cim:Location.CoordinateSystem rdf:resource="#_24c886e9-01eb-43bb-adff-dd57b4590b34"/>
  </cim:Location>
  <cim:PositionPoint rdf:ID="_42f06cce-b3d6-468d-9f1c-cf4b4b470d2b">
    <cim:PositionPoint.sequenceNumber>1</cim:PositionPoint.sequenceNumber>
    <cim:PositionPoint.Location rdf:resource="#_9cdf5a69-77cf-44d4-8986-9de46fbb979b"/>
    <cim:PositionPoint.xPosition>4.848450</cim:PositionPoint.xPosition>
    <cim:PositionPoint.yPosition>52.402300</cim:PositionPoint.yPosition>
  </cim:PositionPoint>
  <cim:PositionPoint rdf:ID="_10eecc55-83fc-48ab-95a7-7c779ae81c34">
    <cim:PositionPoint.sequenceNumber>3</cim:PositionPoint.sequenceNumber>
    <cim:PositionPoint.Location rdf:resource="#_9cdf5a69-77cf-44d4-8986-9de46fbb979b"/>
    <cim:PositionPoint.xPosition>4.790040</cim:PositionPoint.xPosition>
    <cim:PositionPoint.yPosition>52.157100</cim:PositionPoint.yPosition>
  </cim:PositionPoint>
  <cim:PositionPoint rdf:ID="_7195ea04-5eb9-49eb-8074-8ffd3b98785e">
    <cim:PositionPoint.sequenceNumber>5</cim:PositionPoint.sequenceNumber>
    <cim:PositionPoint.Location rdf:resource="#_9cdf5a69-77cf-44d4-8986-9de46fbb979b"/>
    <cim:PositionPoint.xPosition>4.888920</cim:PositionPoint.xPosition>
    <cim:PositionPoint.yPosition>51.913800</cim:PositionPoint.yPosition>
  </cim:PositionPoint>
</rdf:RDF>
