<?xml version="1.0" encoding="utf-8"?>
<rdf:RDF xmlns:rdf="http://www.w3.org/1999/02/22-rdf-syntax-ns#" xmlns:cim="http://iec.ch/TC57/2013/CIM-schema-cim16#" xmlns:entsoe="http://entsoe.eu/CIM/SchemaExtension/3/1#" xmlns:md="http://iec.ch/TC57/61970-552/ModelDescription/1#">
  <md:FullModel rdf:about="urn:uuid:04df2e2f-90bf-420a-aaf7-9030fed61834">
    <md:Model.created>2014-10-24T15:43:01</md:Model.created>
    <md:Model.scenarioTime>2014-04-14T15:35:09</md:Model.scenarioTime>
    <md:Model.version>2</md:Model.version>
    <md:Model.DependentOn rdf:resource="urn:uuid:deb5887f-a132-4002-a47d-00a737f01c68"/>
    <md:Model.DependentOn rdf:resource="urn:uuid:2399cbd0-9a39-11e0-aa80-0800200c9a66"/>
    <md:Model.description>CGMES Conformity Assessment: 'MicroGridTestConfiguration....T2 (Assembled) Test Configuration. The model is owned by ENTSO-E and is provided by ENTSO-E “as it is”. To the fullest extent permitted by law, ENTSO-E shall not be liable for any damages of any kind arising out of the use of the model (including any of its subsequent modifications). ENTSO-E neither warrants, nor represents that the use of the model will not infringe the rights of third parties. Any use of the model shall  include a reference to ENTSO-E. ENTSO-E web site is the only official source of information related to the model.</md:Model.description>
    <md:Model.modelingAuthoritySet>http://elia.be/CGMES/2.4.15</md:Model.modelingAuthoritySet>
    <md:Model.profile>http://entsoe.eu/CIM/GeographicalLocation/2/1</md:Model.profile>
    <md:Model.Supersedes rdf:resource="urn:uuid:9e383122-10cf-4da3-9785-f404b3541588"/>
  </md:FullModel>
  <cim:CoordinateSystem rdf:ID="_718625fb-9d45-4c63-9b81-519687649f0d">
    <cim:IdentifiedObject.name>WGS84</cim:IdentifiedObject.name>
    <cim:CoordinateSystem.crsUrn>urn:ogc:def:crs:EPSG::4326</cim:CoordinateSystem.crsUrn>
  </cim:CoordinateSystem>
  <cim:Location rdf:ID="_9ee3f31e-da24-4a55-816b-c94e4bdcc3be">
    <cim:Location.PowerSystemResources rdf:resource="#_87f7002b-056f-4a6a-a872-1744eea757e3"/>
    <cim:Location.CoordinateSystem rdf:resource="#_718625fb-9d45-4c63-9b81-519687649f0d"/>
  </cim:Location>
  <cim:PositionPoint rdf:ID="_ad270447-8f3a-4d30-a323-fb4814b94053">
    <cim:PositionPoint.sequenceNumber>1</cim:PositionPoint.sequenceNumber>
    <cim:PositionPoint.Location rdf:resource="#_9ee3f31e-da24-4a55-816b-c94e4bdcc3be"/>
    <cim:PositionPoint.xPosition>4.259260</cim:PositionPoint.xPosition>
    <cim:PositionPoint.yPosition>51.325100</cim:PositionPoint.yPosition>
  </cim:PositionPoint>
  <cim:Location rdf:ID="_1e58ed4b-2b0c-47f5-b065-ee35a0df98e8">
    <cim:Location.PowerSystemResources rdf:resource="#_37e14a0f-5e34-4647-a062-8bfd9305fa9d"/>
    <cim:Location.CoordinateSystem rdf:resource="#_718625fb-9d45-4c63-9b81-519687649f0d"/>
  </cim:Location>
  <cim:PositionPoint rdf:ID="_c4ac5f44-65af-4e6b-b3d7-7a693c4f5d18">
    <cim:PositionPoint.sequenceNumber>1</cim:PositionPoint.sequenceNumber>
    <cim:PositionPoint.Location rdf:resource="#_1e58ed4b-2b0c-47f5-b065-ee35a0df98e8"/>
    <cim:PositionPoint.xPosition>4.300890</cim:PositionPoint.xPosition>
    <cim:PositionPoint.yPosition>50.803800</cim:PositionPoint.yPosition>
  </cim:PositionPoint>
  <cim:Location rdf:ID="_399611e4-0430-4c6d-908a-e374153ae62e">
    <cim:Location.PowerSystemResources rdf:resource="#_a16b4a6c-70b1-4abf-9a9d-bd0fa47f9fe4"/>
    <cim:Location.CoordinateSystem rdf:resource="#_718625fb-9d45-4c63-9b81-519687649f0d"/>
  </cim:Location>
  <cim:PositionPoint rdf:ID="_c97c7a90-e27a-47c2-ae5c-a2ceb81b4604">
    <cim:PositionPoint.sequenceNumber>1</cim:PositionPoint.sequenceNumber>
    <cim:PositionPoint.Location rdf:resource="#_399611e4-0430-4c6d-908a-e374153ae62e"/>
    <cim:PositionPoint.xPosition>4.888920</cim:PositionPoint.xPosition>
    <cim:PositionPoint.yPosition>51.913800</cim:PositionPoint.yPosition>
  </cim:PositionPoint>
  <cim:PositionPoint rdf:ID="_1005cfef-9d3f-4632-8121-3fa4c28e5ac4">
    <cim:PositionPoint.sequenceNumber>3</cim:PositionPoint.sequenceNumber>
    <cim:PositionPoint.Location rdf:resource="#_399611e4-0430-4c6d-908a-e374153ae62e"/>
    <cim:PositionPoint.xPosition>4.847720</cim:PositionPoint.xPosition>
    <cim:PositionPoint.yPosition>51.612900</cim:PositionPoint.yPosition>
  </cim:PositionPoint>
  <cim:PositionPoint rdf:ID="_cb6557ea-77d5-413a-b92c-52f1345eee72">
    <cim:PositionPoint.sequenceNumber>5</cim:PositionPoint.sequenceNumber>
    <cim:PositionPoint.Location rdf:resource="#_399611e4-0430-4c6d-908a-e374153ae62e"/>
    <cim:PositionPoint.xPosition>4.259260</cim:PositionPoint.xPosition>
    <cim:PositionPoint.yPosition>51.325100</cim:PositionPoint.yPosition>
  </cim:PositionPoint>
  <cim:Location rdf:ID="_b07d7732-f904-420c-959a-b1ab8f0650bb">
    <cim:Location.PowerSystemResources rdf:resource="#_b58bf21a-096a-4dae-9a01-3f03b60c24c7"/>
    <cim:Location.CoordinateSystem rdf:resource="#_718625fb-9d45-4c63-9b81-519687649f0d"/>
  </cim:Location>
  <cim:PositionPoint rdf:ID="_0552b81a-6530-4be4-9186-1d1c565e446f">
    <cim:PositionPoint.sequenceNumber>1</cim:PositionPoint.sequenceNumber>
    <cim:PositionPoint.Location rdf:resource="#_b07d7732-f904-420c-959a-b1ab8f0650bb"/>
    <cim:PositionPoint.xPosition>4.301130</cim:PositionPoint.xPosition>
    <cim:PositionPoint.yPosition>50.803500</cim:PositionPoint.yPosition>
  </cim:PositionPoint>
  <cim:PositionPoint rdf:ID="_ffbf0c0e-98dc-4027-b28e-07d6207ea0e4">
    <cim:PositionPoint.sequenceNumber>3</cim:PositionPoint.sequenceNumber>
    <cim:PositionPoint.Location rdf:resource="#_b07d7732-f904-420c-959a-b1ab8f0650bb"/>
    <cim:PositionPoint.xPosition>4.345090</cim:PositionPoint.xPosition>
    <cim:PositionPoint.yPosition>50.916900</cim:PositionPoint.yPosition>
  </cim:PositionPoint>
  <cim:PositionPoint rdf:ID="_6f6406dc-6b30-4b02-b06b-1e45b526726c">
    <cim:PositionPoint.sequenceNumber>5</cim:PositionPoint.sequenceNumber>
    <cim:PositionPoint.Location rdf:resource="#_b07d7732-f904-420c-959a-b1ab8f0650bb"/>
    <cim:PositionPoint.xPosition>4.295650</cim:PositionPoint.xPosition>
    <cim:PositionPoint.yPosition>51.044800</cim:PositionPoint.yPosition>
  </cim:PositionPoint>
  <cim:PositionPoint rdf:ID="_9b4d8e81-8859-4793-b7df-0c907f92e387">
    <cim:PositionPoint.sequenceNumber>7</cim:PositionPoint.sequenceNumber>
    <cim:PositionPoint.Location rdf:resource="#_b07d7732-f904-420c-959a-b1ab8f0650bb"/>
    <cim:PositionPoint.xPosition>4.383540</cim:PositionPoint.xPosition>
    <cim:PositionPoint.yPosition>51.157000</cim:PositionPoint.yPosition>
  </cim:PositionPoint>
  <cim:PositionPoint rdf:ID="_31aac702-9958-4bdd-a845-959eb7fea5f2">
    <cim:PositionPoint.sequenceNumber>9</cim:PositionPoint.sequenceNumber>
    <cim:PositionPoint.Location rdf:resource="#_b07d7732-f904-420c-959a-b1ab8f0650bb"/>
    <cim:PositionPoint.xPosition>4.259260</cim:PositionPoint.xPosition>
    <cim:PositionPoint.yPosition>51.325100</cim:PositionPoint.yPosition>
  </cim:PositionPoint>
  <cim:Location rdf:ID="_cb6bd14c-445e-4bee-9da9-e7fd1ea4f9f8">
    <cim:Location.PowerSystemResources rdf:resource="#_78736387-5f60-4832-b3fe-d50daf81b0a6"/>
    <cim:Location.CoordinateSystem rdf:resource="#_718625fb-9d45-4c63-9b81-519687649f0d"/>
  </cim:Location>
  <cim:PositionPoint rdf:ID="_5389df1c-c369-4deb-ac1b-00bd29c99e6b">
    <cim:PositionPoint.sequenceNumber>1</cim:PositionPoint.sequenceNumber>
    <cim:PositionPoint.Location rdf:resource="#_cb6bd14c-445e-4bee-9da9-e7fd1ea4f9f8"/>
    <cim:PositionPoint.xPosition>4.301730</cim:PositionPoint.xPosition>
    <cim:PositionPoint.yPosition>50.803000</cim:PositionPoint.yPosition>
  </cim:PositionPoint>
  <cim:PositionPoint rdf:ID="_3955de84-befa-4134-9a73-b83c9cb37dc6">
    <cim:PositionPoint.sequenceNumber>3</cim:PositionPoint.sequenceNumber>
    <cim:PositionPoint.Location rdf:resource="#_cb6bd14c-445e-4bee-9da9-e7fd1ea4f9f8"/>
    <cim:PositionPoint.xPosition>4.690460</cim:PositionPoint.xPosition>
    <cim:PositionPoint.yPosition>50.899400</cim:PositionPoint.yPosition>
  </cim:PositionPoint>
  <cim:PositionPoint rdf:ID="_d986a9d4-0c17-4508-a8c6-0aadd128260d">
    <cim:PositionPoint.sequenceNumber>5</cim:PositionPoint.sequenceNumber>
    <cim:PositionPoint.Location rdf:resource="#_cb6bd14c-445e-4bee-9da9-e7fd1ea4f9f8"/>
    <cim:PositionPoint.xPosition>5.088250</cim:PositionPoint.xPosition>
    <cim:PositionPoint.yPosition>51.302600</cim:PositionPoint.yPosition>
  </cim:PositionPoint>
  <cim:PositionPoint rdf:ID="_1e09ca22-3460-4b3c-b88a-f888d1760bd6">
    <cim:PositionPoint.sequenceNumber>7</cim:PositionPoint.sequenceNumber>
    <cim:PositionPoint.Location rdf:resource="#_cb6bd14c-445e-4bee-9da9-e7fd1ea4f9f8"/>
    <cim:PositionPoint.xPosition>5.072940</cim:PositionPoint.xPosition>
    <cim:PositionPoint.yPosition>51.876500</cim:PositionPoint.yPosition>
  </cim:PositionPoint>
  <cim:Location rdf:ID="_772842a6-0278-4ead-a55f-74dddd27d398">
    <cim:Location.PowerSystemResources rdf:resource="#_ed0c5d75-4a54-43c8-b782-b20d7431630b"/>
    <cim:Location.CoordinateSystem rdf:resource="#_718625fb-9d45-4c63-9b81-519687649f0d"/>
  </cim:Location>
  <cim:PositionPoint rdf:ID="_c7f2d06f-e092-4a6d-b08b-d58eb0e61981">
    <cim:PositionPoint.sequenceNumber>1</cim:PositionPoint.sequenceNumber>
    <cim:PositionPoint.Location rdf:resource="#_772842a6-0278-4ead-a55f-74dddd27d398"/>
    <cim:PositionPoint.xPosition>4.301730</cim:PositionPoint.xPosition>
    <cim:PositionPoint.yPosition>50.803000</cim:PositionPoint.yPosition>
  </cim:PositionPoint>
  <cim:PositionPoint rdf:ID="_2202ace2-62e8-4e73-84ef-05a44aba02a6">
    <cim:PositionPoint.sequenceNumber>3</cim:PositionPoint.sequenceNumber>
    <cim:PositionPoint.Location rdf:resource="#_772842a6-0278-4ead-a55f-74dddd27d398"/>
    <cim:PositionPoint.xPosition>4.690460</cim:PositionPoint.xPosition>
    <cim:PositionPoint.yPosition>50.899400</cim:PositionPoint.yPosition>
  </cim:PositionPoint>
  <cim:PositionPoint rdf:ID="_c403e24d-b7f2-4935-85f2-1f49433e973e">
    <cim:PositionPoint.sequenceNumber>5</cim:PositionPoint.sequenceNumber>
    <cim:PositionPoint.Location rdf:resource="#_772842a6-0278-4ead-a55f-74dddd27d398"/>
    <cim:PositionPoint.xPosition>5.088250</cim:PositionPoint.xPosition>
    <cim:PositionPoint.yPosition>51.302600</cim:PositionPoint.yPosition>
  </cim:PositionPoint>
  <cim:PositionPoint rdf:ID="_91627a2c-2de7-4822-80a6-b949acba4c99">
    <cim:PositionPoint.sequenceNumber>7</cim:PositionPoint.sequenceNumber>
    <cim:PositionPoint.Location rdf:resource="#_772842a6-0278-4ead-a55f-74dddd27d398"/>
    <cim:PositionPoint.xPosition>5.071860</cim:PositionPoint.xPosition>
    <cim:PositionPoint.yPosition>51.875600</cim:PositionPoint.yPosition>
  </cim:PositionPoint>
  <cim:Location rdf:ID="_77eef764-aed7-492d-8c87-97e2b89f3b22">
    <cim:Location.PowerSystemResources rdf:resource="#_b18cd1aa-7808-49b9-a7cf-605eaf07b006"/>
    <cim:Location.CoordinateSystem rdf:resource="#_718625fb-9d45-4c63-9b81-519687649f0d"/>
  </cim:Location>
  <cim:PositionPoint rdf:ID="_784b0f46-27cb-4989-ae2c-6115c492d1cc">
    <cim:PositionPoint.sequenceNumber>1</cim:PositionPoint.sequenceNumber>
    <cim:PositionPoint.Location rdf:resource="#_77eef764-aed7-492d-8c87-97e2b89f3b22"/>
    <cim:PositionPoint.xPosition>4.301730</cim:PositionPoint.xPosition>
    <cim:PositionPoint.yPosition>50.803000</cim:PositionPoint.yPosition>
  </cim:PositionPoint>
  <cim:PositionPoint rdf:ID="_58cc1bc6-abdb-4cf5-8364-e5522d8a051a">
    <cim:PositionPoint.sequenceNumber>3</cim:PositionPoint.sequenceNumber>
    <cim:PositionPoint.Location rdf:resource="#_77eef764-aed7-492d-8c87-97e2b89f3b22"/>
    <cim:PositionPoint.xPosition>4.690460</cim:PositionPoint.xPosition>
    <cim:PositionPoint.yPosition>50.899400</cim:PositionPoint.yPosition>
  </cim:PositionPoint>
  <cim:PositionPoint rdf:ID="_07e3c293-3feb-466b-84bb-2ce2b7afd35d">
    <cim:PositionPoint.sequenceNumber>5</cim:PositionPoint.sequenceNumber>
    <cim:PositionPoint.Location rdf:resource="#_77eef764-aed7-492d-8c87-97e2b89f3b22"/>
    <cim:PositionPoint.xPosition>5.088250</cim:PositionPoint.xPosition>
    <cim:PositionPoint.yPosition>51.302600</cim:PositionPoint.yPosition>
  </cim:PositionPoint>
  <cim:PositionPoint rdf:ID="_008b7b86-5c2c-4bde-bc8e-2140993803d4">
    <cim:PositionPoint.sequenceNumber>7</cim:PositionPoint.sequenceNumber>
    <cim:PositionPoint.Location rdf:resource="#_77eef764-aed7-492d-8c87-97e2b89f3b22"/>
    <cim:PositionPoint.xPosition>5.070580</cim:PositionPoint.xPosition>
    <cim:PositionPoint.yPosition>51.873100</cim:PositionPoint.yPosition>
  </cim:PositionPoint>
  <cim:Location rdf:ID="_353febf3-fea2-4011-affa-b74f97e6bd1d">
    <cim:Location.PowerSystemResources rdf:resource="#_ffbabc27-1ccd-4fdc-b037-e341706c8d29"/>
    <cim:Location.CoordinateSystem rdf:resource="#_718625fb-9d45-4c63-9b81-519687649f0d"/>
  </cim:Location>
  <cim:PositionPoint rdf:ID="_855bc8df-1bcf-47e5-8e29-96d5ad3dc632">
    <cim:PositionPoint.sequenceNumber>1</cim:PositionPoint.sequenceNumber>
    <cim:PositionPoint.Location rdf:resource="#_353febf3-fea2-4011-affa-b74f97e6bd1d"/>
    <cim:PositionPoint.xPosition>4.301130</cim:PositionPoint.xPosition>
    <cim:PositionPoint.yPosition>50.803500</cim:PositionPoint.yPosition>
  </cim:PositionPoint>
  <cim:PositionPoint rdf:ID="_859e8c1f-32c7-4910-8cc3-915786524798">
    <cim:PositionPoint.sequenceNumber>3</cim:PositionPoint.sequenceNumber>
    <cim:PositionPoint.Location rdf:resource="#_353febf3-fea2-4011-affa-b74f97e6bd1d"/>
    <cim:PositionPoint.xPosition>4.345090</cim:PositionPoint.xPosition>
    <cim:PositionPoint.yPosition>50.916900</cim:PositionPoint.yPosition>
  </cim:PositionPoint>
  <cim:PositionPoint rdf:ID="_ceca068f-db81-4ace-b37c-3adcc08e0d3a">
    <cim:PositionPoint.sequenceNumber>5</cim:PositionPoint.sequenceNumber>
    <cim:PositionPoint.Location rdf:resource="#_353febf3-fea2-4011-affa-b74f97e6bd1d"/>
    <cim:PositionPoint.xPosition>4.295650</cim:PositionPoint.xPosition>
    <cim:PositionPoint.yPosition>51.044800</cim:PositionPoint.yPosition>
  </cim:PositionPoint>
  <cim:PositionPoint rdf:ID="_2bf19521-f46d-4ea5-b19f-9f3a4fe53282">
    <cim:PositionPoint.sequenceNumber>7</cim:PositionPoint.sequenceNumber>
    <cim:PositionPoint.Location rdf:resource="#_353febf3-fea2-4011-affa-b74f97e6bd1d"/>
    <cim:PositionPoint.xPosition>4.383540</cim:PositionPoint.xPosition>
    <cim:PositionPoint.yPosition>51.157000</cim:PositionPoint.yPosition>
  </cim:PositionPoint>
  <cim:PositionPoint rdf:ID="_f511806f-c93b-426d-85e4-cee79d273d5c">
    <cim:PositionPoint.sequenceNumber>9</cim:PositionPoint.sequenceNumber>
    <cim:PositionPoint.Location rdf:resource="#_353febf3-fea2-4011-affa-b74f97e6bd1d"/>
    <cim:PositionPoint.xPosition>4.259260</cim:PositionPoint.xPosition>
    <cim:PositionPoint.yPosition>51.325100</cim:PositionPoint.yPosition>
  </cim:PositionPoint>
  <cim:Location rdf:ID="_2a3ebf04-2754-4265-a18c-300a4661b360">
    <cim:Location.PowerSystemResources rdf:resource="#_17086487-56ba-4979-b8de-064025a6b4da"/>
    <cim:Location.CoordinateSystem rdf:resource="#_718625fb-9d45-4c63-9b81-519687649f0d"/>
  </cim:Location>
  <cim:PositionPoint rdf:ID="_ec5b1609-d13f-486a-809b-4e64d8add932">
    <cim:PositionPoint.sequenceNumber>1</cim:PositionPoint.sequenceNumber>
    <cim:PositionPoint.Location rdf:resource="#_2a3ebf04-2754-4265-a18c-300a4661b360"/>
    <cim:PositionPoint.xPosition>4.887980</cim:PositionPoint.xPosition>
    <cim:PositionPoint.yPosition>51.912700</cim:PositionPoint.yPosition>
  </cim:PositionPoint>
  <cim:PositionPoint rdf:ID="_1dad55ab-dde6-4779-9e10-e049a6ac01ce">
    <cim:PositionPoint.sequenceNumber>3</cim:PositionPoint.sequenceNumber>
    <cim:PositionPoint.Location rdf:resource="#_2a3ebf04-2754-4265-a18c-300a4661b360"/>
    <cim:PositionPoint.xPosition>4.846830</cim:PositionPoint.xPosition>
    <cim:PositionPoint.yPosition>51.612100</cim:PositionPoint.yPosition>
  </cim:PositionPoint>
  <cim:Location rdf:ID="_3dc63938-93aa-4a73-8459-87573c07059d">
    <cim:Location.PowerSystemResources rdf:resource="#_8070c4ef-99a0-4078-af8f-e938561ac198"/>
    <cim:Location.CoordinateSystem rdf:resource="#_718625fb-9d45-4c63-9b81-519687649f0d"/>
  </cim:Location>
  <cim:PositionPoint rdf:ID="_6bd53e9b-33ca-4ea0-bac0-c1cc4e237b67">
    <cim:PositionPoint.sequenceNumber>1</cim:PositionPoint.sequenceNumber>
    <cim:PositionPoint.Location rdf:resource="#_3dc63938-93aa-4a73-8459-87573c07059d"/>
    <cim:PositionPoint.xPosition>4.100000</cim:PositionPoint.xPosition>
    <cim:PositionPoint.yPosition>50.803800</cim:PositionPoint.yPosition>
  </cim:PositionPoint>
  <cim:Location rdf:ID="_c323f894-067a-4501-a6be-35c98afba6d1">
    <cim:Location.PowerSystemResources rdf:resource="#_08ca4b0e-e5c7-44fd-b385-cb73c5d5b2fb"/>
    <cim:Location.CoordinateSystem rdf:resource="#_718625fb-9d45-4c63-9b81-519687649f0d"/>
  </cim:Location>
  <cim:PositionPoint rdf:ID="_2a06fdd2-1d12-4804-84c6-bbd1cecc51d9">
    <cim:PositionPoint.sequenceNumber>1</cim:PositionPoint.sequenceNumber>
    <cim:PositionPoint.Location rdf:resource="#_c323f894-067a-4501-a6be-35c98afba6d1"/>
    <cim:PositionPoint.xPosition>4.100000</cim:PositionPoint.xPosition>
    <cim:PositionPoint.yPosition>51.325100</cim:PositionPoint.yPosition>
  </cim:PositionPoint>
</rdf:RDF>
