<?xml version="1.0" encoding="utf-8"?>
<rdf:RDF xmlns:rdf="http://www.w3.org/1999/02/22-rdf-syntax-ns#" xmlns:cim="http://iec.ch/TC57/2013/CIM-schema-cim16#" xmlns:entsoe="http://entsoe.eu/CIM/SchemaExtension/3/1#" xmlns:md="http://iec.ch/TC57/61970-552/ModelDescription/1#">
  <md:FullModel rdf:about="urn:uuid:76efef92-2897-49ea-a120-d321e523ace7">
    <md:Model.created>2014-10-24T15:43:01</md:Model.created>
    <md:Model.scenarioTime>2014-04-14T15:35:09</md:Model.scenarioTime>
    <md:Model.version>2</md:Model.version>
    <md:Model.DependentOn rdf:resource="urn:uuid:deb5887f-a132-4002-a47d-00a737f01c68"/>
    <md:Model.description>CGMES Conformity Assessment: 'MicroGridTestConfiguration....T2 (Assembled) Test Configuration. The model is owned by ENTSO-E and is provided by ENTSO-E “as it is”. To the fullest extent permitted by law, ENTSO-E shall not be liable for any damages of any kind arising out of the use of the model (including any of its subsequent modifications). ENTSO-E neither warrants, nor represents that the use of the model will not infringe the rights of third parties. Any use of the model shall  include a reference to ENTSO-E. ENTSO-E web site is the only official source of information related to the model.</md:Model.description>
    <md:Model.modelingAuthoritySet>http://elia.be/CGMES/2.4.15</md:Model.modelingAuthoritySet>
    <md:Model.profile>http://entsoe.eu/CIM/SteadyStateHypothesis/1/1</md:Model.profile>
    <md:Model.Supersedes rdf:resource="urn:uuid:52b712d1-f3b0-4a59-9191-79f2fb1e4c4e"/>
  </md:FullModel>
  <cim:Terminal rdf:about="#_7ed3835d-5e55-4c24-b70c-f9fe8e71f827">
    <cim:ACDCTerminal.connected>true</cim:ACDCTerminal.connected>
  </cim:Terminal>
  <cim:Terminal rdf:about="#_115125f9-24db-495f-b5b3-3269d3001a7d">
    <cim:ACDCTerminal.connected>true</cim:ACDCTerminal.connected>
  </cim:Terminal>
  <cim:Terminal rdf:about="#_b2fade60-3a94-473e-8a2d-ae139984b90b">
    <cim:ACDCTerminal.connected>true</cim:ACDCTerminal.connected>
  </cim:Terminal>
  <cim:Terminal rdf:about="#_56ce08b1-65ee-4b9a-adbe-874310d60f52">
    <cim:ACDCTerminal.connected>true</cim:ACDCTerminal.connected>
  </cim:Terminal>
  <cim:Terminal rdf:about="#_57ae9251-c022-4c67-a8eb-611ad54c963c">
    <cim:ACDCTerminal.connected>true</cim:ACDCTerminal.connected>
  </cim:Terminal>
  <cim:Terminal rdf:about="#_5b2c65b0-68ce-4530-85b7-385346a3b5e1">
    <cim:ACDCTerminal.connected>true</cim:ACDCTerminal.connected>
  </cim:Terminal>
  <cim:Terminal rdf:about="#_699545b9-82b9-4331-bc80-538d73b4ba56">
    <cim:ACDCTerminal.connected>true</cim:ACDCTerminal.connected>
  </cim:Terminal>
  <cim:Terminal rdf:about="#_77f04391-aa23-49b6-b3e9-6089130bb5d5">
    <cim:ACDCTerminal.connected>true</cim:ACDCTerminal.connected>
  </cim:Terminal>
  <cim:Terminal rdf:about="#_231a4cf8-5069-4d53-96e4-e839f073f1ea">
    <cim:ACDCTerminal.connected>true</cim:ACDCTerminal.connected>
  </cim:Terminal>
  <cim:Terminal rdf:about="#_f3b56334-4638-49d3-a6a0-3f417422b8f5">
    <cim:ACDCTerminal.connected>true</cim:ACDCTerminal.connected>
  </cim:Terminal>
  <cim:Terminal rdf:about="#_c14d2036-72ec-4df3-b1b7-75d8afd9a1fe">
    <cim:ACDCTerminal.connected>true</cim:ACDCTerminal.connected>
  </cim:Terminal>
  <cim:Terminal rdf:about="#_f9f29835-8a31-4310-9780-b1ad26f3cbb0">
    <cim:ACDCTerminal.connected>true</cim:ACDCTerminal.connected>
  </cim:Terminal>
  <cim:Terminal rdf:about="#_051d49ba-4360-4372-86bf-50eb8cf29778">
    <cim:ACDCTerminal.connected>true</cim:ACDCTerminal.connected>
  </cim:Terminal>
  <cim:Terminal rdf:about="#_02a244ca-8bcb-4e25-8613-e948b8ba1f22">
    <cim:ACDCTerminal.connected>true</cim:ACDCTerminal.connected>
  </cim:Terminal>
  <cim:Terminal rdf:about="#_05a17350-55f5-4a00-9a50-8c0048a25495">
    <cim:ACDCTerminal.connected>true</cim:ACDCTerminal.connected>
  </cim:Terminal>
  <cim:Terminal rdf:about="#_a4d42d33-ae54-4fe9-ad59-f30da0dfb809">
    <cim:ACDCTerminal.connected>true</cim:ACDCTerminal.connected>
  </cim:Terminal>
  <cim:Terminal rdf:about="#_1ef0715a-d5a9-477b-b6e7-b635529ac140">
    <cim:ACDCTerminal.connected>true</cim:ACDCTerminal.connected>
  </cim:Terminal>
  <cim:Terminal rdf:about="#_70d962fb-a492-4c36-8cad-b5c584df53bd">
    <cim:ACDCTerminal.connected>true</cim:ACDCTerminal.connected>
  </cim:Terminal>
  <cim:Terminal rdf:about="#_345d8528-1a7e-4245-92d6-15db7a7e3c86">
    <cim:ACDCTerminal.connected>true</cim:ACDCTerminal.connected>
  </cim:Terminal>
  <cim:Terminal rdf:about="#_907dbcfe-2037-4f84-97f1-6e59f782168e">
    <cim:ACDCTerminal.connected>true</cim:ACDCTerminal.connected>
  </cim:Terminal>
  <cim:Terminal rdf:about="#_f392d0d3-47cb-4ec1-925f-b3762d4a787c">
    <cim:ACDCTerminal.connected>true</cim:ACDCTerminal.connected>
  </cim:Terminal>
  <cim:Terminal rdf:about="#_b3bf6cbd-abe8-42b6-95f4-20682475b484">
    <cim:ACDCTerminal.connected>true</cim:ACDCTerminal.connected>
  </cim:Terminal>
  <cim:Terminal rdf:about="#_381fc1a6-63f7-4728-bb84-d4d7fe4f8794">
    <cim:ACDCTerminal.connected>true</cim:ACDCTerminal.connected>
  </cim:Terminal>
  <cim:Terminal rdf:about="#_e1e6f751-259f-4182-b4e1-12eba54a54ce">
    <cim:ACDCTerminal.connected>true</cim:ACDCTerminal.connected>
  </cim:Terminal>
  <cim:Terminal rdf:about="#_310c303a-b0ed-4e42-9854-628f34c53d2b">
    <cim:ACDCTerminal.connected>true</cim:ACDCTerminal.connected>
  </cim:Terminal>
  <cim:Terminal rdf:about="#_678a3049-afc0-432f-8f53-b30aa71907b2">
    <cim:ACDCTerminal.connected>true</cim:ACDCTerminal.connected>
  </cim:Terminal>
  <cim:Terminal rdf:about="#_5c206db8-ef8c-4e53-b2b9-38b52b194c5a">
    <cim:ACDCTerminal.connected>true</cim:ACDCTerminal.connected>
  </cim:Terminal>
  <cim:Terminal rdf:about="#_a45d705f-46f6-4bde-8790-11a762da8c01">
    <cim:ACDCTerminal.connected>true</cim:ACDCTerminal.connected>
  </cim:Terminal>
  <cim:Terminal rdf:about="#_4bbaf84d-2437-44e1-a56c-e79723370e77">
    <cim:ACDCTerminal.connected>true</cim:ACDCTerminal.connected>
  </cim:Terminal>
  <cim:Terminal rdf:about="#_b8bca219-a924-434f-8163-50aae6d486a7">
    <cim:ACDCTerminal.connected>true</cim:ACDCTerminal.connected>
  </cim:Terminal>
  <cim:Terminal rdf:about="#_e57dd4ed-5ea0-4374-9b36-40a294a8e2be">
    <cim:ACDCTerminal.connected>true</cim:ACDCTerminal.connected>
  </cim:Terminal>
  <cim:Terminal rdf:about="#_b6e23b90-9c48-4285-ac02-5b68d0c572a6">
    <cim:ACDCTerminal.connected>true</cim:ACDCTerminal.connected>
  </cim:Terminal>
  <cim:Terminal rdf:about="#_529a048e-7681-4e59-aba1-f7474a562cba">
    <cim:ACDCTerminal.connected>true</cim:ACDCTerminal.connected>
  </cim:Terminal>
  <cim:Terminal rdf:about="#_68d47f87-1a1f-4c63-80ca-d3becb4a47f9">
    <cim:ACDCTerminal.connected>true</cim:ACDCTerminal.connected>
  </cim:Terminal>
  <cim:Terminal rdf:about="#_3fa4866b-1714-4be9-afab-3909ae092016">
    <cim:ACDCTerminal.connected>true</cim:ACDCTerminal.connected>
  </cim:Terminal>
  <cim:Terminal rdf:about="#_b741ce25-3f99-4aa8-9b03-d9de0ba6e342">
    <cim:ACDCTerminal.connected>true</cim:ACDCTerminal.connected>
  </cim:Terminal>
  <cim:Terminal rdf:about="#_042688a6-140f-473c-98f9-94a3cfdc00d3">
    <cim:ACDCTerminal.connected>true</cim:ACDCTerminal.connected>
  </cim:Terminal>
  <cim:Terminal rdf:about="#_6811721b-252c-45fd-8474-6db1e7d5739e">
    <cim:ACDCTerminal.connected>true</cim:ACDCTerminal.connected>
  </cim:Terminal>
  <cim:Terminal rdf:about="#_756dff85-b2c8-4a06-9a4c-4dde854e668b">
    <cim:ACDCTerminal.connected>true</cim:ACDCTerminal.connected>
  </cim:Terminal>
  <cim:Terminal rdf:about="#_3f8b7c82-ca57-401a-9e2d-b719f8c83030">
    <cim:ACDCTerminal.connected>true</cim:ACDCTerminal.connected>
  </cim:Terminal>
  <cim:Terminal rdf:about="#_b501caa7-949f-49c6-b4d4-f50ef3625ede">
    <cim:ACDCTerminal.connected>true</cim:ACDCTerminal.connected>
  </cim:Terminal>
  <cim:Terminal rdf:about="#_fd2867a9-0c57-4cf2-acfb-439c4039b06b">
    <cim:ACDCTerminal.connected>true</cim:ACDCTerminal.connected>
  </cim:Terminal>
  <cim:Terminal rdf:about="#_0cca0f16-c476-4a99-b289-d660ff57b891">
    <cim:ACDCTerminal.connected>true</cim:ACDCTerminal.connected>
  </cim:Terminal>
  <cim:Terminal rdf:about="#_36fedfd8-280b-4ee4-b58a-cd2063e5d706">
    <cim:ACDCTerminal.connected>true</cim:ACDCTerminal.connected>
  </cim:Terminal>
  <cim:Terminal rdf:about="#_9f5dbaf3-e384-4e86-9d49-f43c30b4e354">
    <cim:ACDCTerminal.connected>true</cim:ACDCTerminal.connected>
  </cim:Terminal>
  <cim:Terminal rdf:about="#_95f1d705-35fa-4102-ba5b-43dfe7a0e0cc">
    <cim:ACDCTerminal.connected>true</cim:ACDCTerminal.connected>
  </cim:Terminal>
  <cim:Terminal rdf:about="#_5245aa5c-9600-4632-95db-e981a19ed857">
    <cim:ACDCTerminal.connected>true</cim:ACDCTerminal.connected>
  </cim:Terminal>
  <cim:Terminal rdf:about="#_61562178-c201-43c7-b56d-a300ab07c723">
    <cim:ACDCTerminal.connected>true</cim:ACDCTerminal.connected>
  </cim:Terminal>
  <cim:Terminal rdf:about="#_3e077e04-686b-4569-9f34-7f9f843b2df0">
    <cim:ACDCTerminal.connected>true</cim:ACDCTerminal.connected>
  </cim:Terminal>
  <cim:Terminal rdf:about="#_1ac095e2-6fca-4e21-87c2-f75e6f35bfd4">
    <cim:ACDCTerminal.connected>true</cim:ACDCTerminal.connected>
  </cim:Terminal>
  <cim:Terminal rdf:about="#_65e95fda-30cc-4819-97ec-639c2cf62706">
    <cim:ACDCTerminal.connected>true</cim:ACDCTerminal.connected>
  </cim:Terminal>
  <cim:Terminal rdf:about="#_f0af576c-c25c-4daa-b5f5-b84f71229ba7">
    <cim:ACDCTerminal.connected>true</cim:ACDCTerminal.connected>
  </cim:Terminal>
  <cim:Terminal rdf:about="#_ca7974cf-b25e-4898-9221-7154233e5eb2">
    <cim:ACDCTerminal.connected>true</cim:ACDCTerminal.connected>
  </cim:Terminal>
  <cim:Terminal rdf:about="#_1182d878-2eaa-4eec-91be-ce7b2b1e7f9a">
    <cim:ACDCTerminal.connected>true</cim:ACDCTerminal.connected>
  </cim:Terminal>
  <cim:Terminal rdf:about="#_4c19ace6-c825-4c5b-87d9-031e6e6a3379">
    <cim:ACDCTerminal.connected>true</cim:ACDCTerminal.connected>
  </cim:Terminal>
  <cim:Terminal rdf:about="#_ab7ece75-d726-48c8-a924-b0a9325e6d51">
    <cim:ACDCTerminal.connected>true</cim:ACDCTerminal.connected>
  </cim:Terminal>
  <cim:Terminal rdf:about="#_c3774d3f-f48c-4954-a0cf-b4572eb714fd">
    <cim:ACDCTerminal.connected>true</cim:ACDCTerminal.connected>
  </cim:Terminal>
  <cim:Terminal rdf:about="#_2cd21c77-b8b1-4896-95fb-240f45b9ac89">
    <cim:ACDCTerminal.connected>true</cim:ACDCTerminal.connected>
  </cim:Terminal>
  <cim:Terminal rdf:about="#_76e9ca77-f805-40ea-8120-5a6d58416d34">
    <cim:ACDCTerminal.connected>true</cim:ACDCTerminal.connected>
  </cim:Terminal>
  <cim:Terminal rdf:about="#_53fd6693-57e6-482e-8fbe-dcf3531a7ce0">
    <cim:ACDCTerminal.connected>true</cim:ACDCTerminal.connected>
  </cim:Terminal>
  <cim:Terminal rdf:about="#_ca0f7e2e-3442-4ada-a704-91f319c0ebe3">
    <cim:ACDCTerminal.connected>true</cim:ACDCTerminal.connected>
  </cim:Terminal>
  <cim:Terminal rdf:about="#_4bb5407b-b4a5-416c-80ad-1a778ada2b9b">
    <cim:ACDCTerminal.connected>true</cim:ACDCTerminal.connected>
  </cim:Terminal>
  <cim:Terminal rdf:about="#_beffa353-7d10-421d-9c08-036b744b1cee">
    <cim:ACDCTerminal.connected>true</cim:ACDCTerminal.connected>
  </cim:Terminal>
  <cim:Terminal rdf:about="#_22af3121-1a66-4546-bd80-4371f417c644">
    <cim:ACDCTerminal.connected>true</cim:ACDCTerminal.connected>
  </cim:Terminal>
  <cim:Terminal rdf:about="#_d5e2e58e-ccf6-47d9-b3bb-3088eb7a9b6c">
    <cim:ACDCTerminal.connected>true</cim:ACDCTerminal.connected>
  </cim:Terminal>
  <cim:Terminal rdf:about="#_4a7363a4-0b21-4f65-8bba-33e3a8f6bac3">
    <cim:ACDCTerminal.connected>true</cim:ACDCTerminal.connected>
  </cim:Terminal>
  <cim:Terminal rdf:about="#_d238885e-d9b6-4edc-8567-6a68c605ed67">
    <cim:ACDCTerminal.connected>true</cim:ACDCTerminal.connected>
  </cim:Terminal>
  <cim:Terminal rdf:about="#_c41978db-794b-4bae-953e-60fc519e87dd">
    <cim:ACDCTerminal.connected>true</cim:ACDCTerminal.connected>
  </cim:Terminal>
  <cim:Terminal rdf:about="#_53072f42-f77b-47e2-bd9a-e097c910b173">
    <cim:ACDCTerminal.connected>true</cim:ACDCTerminal.connected>
  </cim:Terminal>
  <cim:Terminal rdf:about="#_b9539c41-d114-4280-8a54-8ecec398091e">
    <cim:ACDCTerminal.connected>true</cim:ACDCTerminal.connected>
  </cim:Terminal>
  <cim:Terminal rdf:about="#_b9376bea-c75d-49f3-94ca-6a71fa0086a5">
    <cim:ACDCTerminal.connected>true</cim:ACDCTerminal.connected>
  </cim:Terminal>
  <cim:Terminal rdf:about="#_a036b765-1669-4f64-acd3-1e8fbd513312">
    <cim:ACDCTerminal.connected>true</cim:ACDCTerminal.connected>
  </cim:Terminal>
  <cim:Terminal rdf:about="#_cbdf1842-74ed-4fce-a5d4-0296c82cbc92">
    <cim:ACDCTerminal.connected>true</cim:ACDCTerminal.connected>
  </cim:Terminal>
  <cim:DCTerminal rdf:about="#_c1749ee7-2992-4fae-a164-80fa53b03daa">
    <cim:ACDCTerminal.connected>true</cim:ACDCTerminal.connected>
  </cim:DCTerminal>
  <cim:DCTerminal rdf:about="#_f3574393-735c-4342-b4e4-14450fac3321">
    <cim:ACDCTerminal.connected>true</cim:ACDCTerminal.connected>
  </cim:DCTerminal>
  <cim:DCTerminal rdf:about="#_e32a67b6-c9de-427e-bbb7-dca09574eb9b">
    <cim:ACDCTerminal.connected>true</cim:ACDCTerminal.connected>
  </cim:DCTerminal>
  <cim:DCTerminal rdf:about="#_6c81ae32-e9b9-491b-858e-fbca03b8c9c9">
    <cim:ACDCTerminal.connected>true</cim:ACDCTerminal.connected>
  </cim:DCTerminal>
  <cim:DCTerminal rdf:about="#_8d52583b-1751-4431-91a9-91c0faaa1bc3">
    <cim:ACDCTerminal.connected>true</cim:ACDCTerminal.connected>
  </cim:DCTerminal>
  <cim:DCTerminal rdf:about="#_6939b3d9-2f07-46c0-9465-6ec4af021527">
    <cim:ACDCTerminal.connected>true</cim:ACDCTerminal.connected>
  </cim:DCTerminal>
  <cim:Terminal rdf:about="#_030ef54d-2d0b-46f0-afb5-17d9f075b384">
    <cim:ACDCTerminal.connected>true</cim:ACDCTerminal.connected>
  </cim:Terminal>
  <cim:ACDCConverterDCTerminal rdf:about="#_1a88aff8-2458-4e30-879f-09e91ac96fbf">
    <cim:ACDCTerminal.connected>true</cim:ACDCTerminal.connected>
  </cim:ACDCConverterDCTerminal>
  <cim:ACDCConverterDCTerminal rdf:about="#_82a99295-c779-4164-af22-ed900537db0f">
    <cim:ACDCTerminal.connected>true</cim:ACDCTerminal.connected>
  </cim:ACDCConverterDCTerminal>
  <cim:Terminal rdf:about="#_60ae75d9-c5ac-44a4-b767-2492160acee4">
    <cim:ACDCTerminal.connected>true</cim:ACDCTerminal.connected>
  </cim:Terminal>
  <cim:ACDCConverterDCTerminal rdf:about="#_e3134b15-8364-41cb-826a-461c5abb4a41">
    <cim:ACDCTerminal.connected>true</cim:ACDCTerminal.connected>
  </cim:ACDCConverterDCTerminal>
  <cim:ACDCConverterDCTerminal rdf:about="#_35b5887e-9614-4a69-8553-622d390716bc">
    <cim:ACDCTerminal.connected>true</cim:ACDCTerminal.connected>
  </cim:ACDCConverterDCTerminal>
  <cim:Terminal rdf:about="#_3c6d83a3-b5f9-41a2-a3d9-cf15d903ed0a">
    <cim:ACDCTerminal.connected>true</cim:ACDCTerminal.connected>
  </cim:Terminal>
  <cim:Terminal rdf:about="#_ad794c0e-b9ec-420b-ada1-97680e3dde05">
    <cim:ACDCTerminal.connected>true</cim:ACDCTerminal.connected>
  </cim:Terminal>
  <cim:Terminal rdf:about="#_fa9e0f4d-8a2f-45e1-9e36-3611600d1c94">
    <cim:ACDCTerminal.connected>true</cim:ACDCTerminal.connected>
  </cim:Terminal>
  <cim:Terminal rdf:about="#_800ada75-8c8c-4568-aec5-20f799e45f3c">
    <cim:ACDCTerminal.connected>true</cim:ACDCTerminal.connected>
  </cim:Terminal>
  <cim:Terminal rdf:about="#_62fc0a4e-00aa-4bf7-b1a0-3a5b2c0b5492">
    <cim:ACDCTerminal.connected>true</cim:ACDCTerminal.connected>
  </cim:Terminal>
  <cim:Terminal rdf:about="#_65b8c937-9b25-4b9e-addf-602dbc1337f9">
    <cim:ACDCTerminal.connected>true</cim:ACDCTerminal.connected>
  </cim:Terminal>
  <cim:Terminal rdf:about="#_a1b46f53-86f1-497e-bf57-c3b6268bcd6c">
    <cim:ACDCTerminal.connected>true</cim:ACDCTerminal.connected>
  </cim:Terminal>
  <cim:Terminal rdf:about="#_8f1c492f-a7cc-4160-9a14-54f1743e4850">
    <cim:ACDCTerminal.connected>true</cim:ACDCTerminal.connected>
  </cim:Terminal>
  <cim:Terminal rdf:about="#_302fe23a-f64d-41bd-8a81-78130433916d">
    <cim:ACDCTerminal.connected>true</cim:ACDCTerminal.connected>
  </cim:Terminal>
  <cim:EnergyConsumer rdf:about="#_b1480a00-b427-4001-a26c-51954d2bb7e9">
    <cim:EnergyConsumer.p>1.000000</cim:EnergyConsumer.p>
    <cim:EnergyConsumer.q>0e+000</cim:EnergyConsumer.q>
  </cim:EnergyConsumer>
  <cim:EnergyConsumer rdf:about="#_1c6beed6-1acf-42e7-ba55-0cc9f04bddd8">
    <cim:EnergyConsumer.p>200.000000</cim:EnergyConsumer.p>
    <cim:EnergyConsumer.q>50.000000</cim:EnergyConsumer.q>
  </cim:EnergyConsumer>
  <cim:EnergyConsumer rdf:about="#_cb459405-cc14-4215-a45c-416789205904">
    <cim:EnergyConsumer.p>200.000000</cim:EnergyConsumer.p>
    <cim:EnergyConsumer.q>90.000000</cim:EnergyConsumer.q>
  </cim:EnergyConsumer>
  <cim:GeneratingUnit rdf:about="#_5b7a4d43-09ec-4033-882d-64a76d557631">
    <cim:GeneratingUnit.normalPF>0e+000</cim:GeneratingUnit.normalPF>
  </cim:GeneratingUnit>
  <cim:SynchronousMachine rdf:about="#_550ebe0d-f2b2-48c1-991f-cebea43a21aa">
    <cim:RotatingMachine.p>-118.000000</cim:RotatingMachine.p>
    <cim:RotatingMachine.q>-18.720301</cim:RotatingMachine.q>
    <cim:SynchronousMachine.operatingMode rdf:resource="http://iec.ch/TC57/2013/CIM-schema-cim16#SynchronousMachineOperatingMode.generator"/>
    <cim:SynchronousMachine.referencePriority>0</cim:SynchronousMachine.referencePriority>
    <cim:RegulatingCondEq.controlEnabled>true</cim:RegulatingCondEq.controlEnabled>
  </cim:SynchronousMachine>
  <cim:GeneratingUnit rdf:about="#_18993b11-2966-4bce-bab9-d86103f83b53">
    <cim:GeneratingUnit.normalPF>0e+000</cim:GeneratingUnit.normalPF>
  </cim:GeneratingUnit>
  <cim:SynchronousMachine rdf:about="#_3a3b27be-b18b-4385-b557-6735d733baf0">
    <cim:RotatingMachine.p>-90.000000</cim:RotatingMachine.p>
    <cim:RotatingMachine.q>-100.256000</cim:RotatingMachine.q>
    <cim:SynchronousMachine.operatingMode rdf:resource="http://iec.ch/TC57/2013/CIM-schema-cim16#SynchronousMachineOperatingMode.generator"/>
    <cim:SynchronousMachine.referencePriority>0</cim:SynchronousMachine.referencePriority>
    <cim:RegulatingCondEq.controlEnabled>true</cim:RegulatingCondEq.controlEnabled>
  </cim:SynchronousMachine>
  <cim:RatioTapChanger rdf:about="#_078aad2d-c132-42fc-8b55-952d4f53f29d">
    <cim:TapChanger.step>8</cim:TapChanger.step>
    <cim:TapChanger.controlEnabled>false</cim:TapChanger.controlEnabled>
  </cim:RatioTapChanger>
  <cim:RatioTapChanger rdf:about="#_012bc254-6e99-4bf3-993f-228f2bfbe3d2">
    <cim:TapChanger.step>2</cim:TapChanger.step>
    <cim:TapChanger.controlEnabled>false</cim:TapChanger.controlEnabled>
  </cim:RatioTapChanger>
  <cim:RatioTapChanger rdf:about="#_83cc66dd-8d93-4a2c-8103-f1f5a9cf7e2e">
    <cim:TapChanger.step>14</cim:TapChanger.step>
    <cim:TapChanger.controlEnabled>true</cim:TapChanger.controlEnabled>
  </cim:RatioTapChanger>
  <cim:RatioTapChanger rdf:about="#_955d9cd0-4a10-4031-b008-60c0dc340a07">
    <cim:TapChanger.step>10</cim:TapChanger.step>
    <cim:TapChanger.controlEnabled>false</cim:TapChanger.controlEnabled>
  </cim:RatioTapChanger>
  <cim:PhaseTapChangerAsymmetrical rdf:about="#_6ebbef67-3061-4236-a6fd-6ccc4595f6c3">
    <cim:TapChanger.step>10</cim:TapChanger.step>
    <cim:TapChanger.controlEnabled>true</cim:TapChanger.controlEnabled>
  </cim:PhaseTapChangerAsymmetrical>
  <cim:RatioTapChanger rdf:about="#_fe25f43a-7341-446e-a71a-8ab7119ba806">
    <cim:TapChanger.step>17</cim:TapChanger.step>
    <cim:TapChanger.controlEnabled>false</cim:TapChanger.controlEnabled>
  </cim:RatioTapChanger>
  <cim:VsConverter rdf:about="#_d74faa88-d996-4de3-be52-f5db28dd3fb8">
    <cim:ACDCConverter.p>0e+000</cim:ACDCConverter.p>
    <cim:ACDCConverter.q>0</cim:ACDCConverter.q>
    <cim:ACDCConverter.targetPpcc>0e+000</cim:ACDCConverter.targetPpcc>
    <cim:ACDCConverter.targetUdc>150.000000</cim:ACDCConverter.targetUdc>
    <cim:VsConverter.droop>0e+000</cim:VsConverter.droop>
    <cim:VsConverter.droopCompensation>0e+000</cim:VsConverter.droopCompensation>
    <cim:VsConverter.pPccControl rdf:resource="http://iec.ch/TC57/2013/CIM-schema-cim16#VsPpccControlKind.udc"/>
    <cim:VsConverter.qPccControl rdf:resource="http://iec.ch/TC57/2013/CIM-schema-cim16#VsQpccControlKind.reactivePcc"/>
    <cim:VsConverter.qShare>1.000000</cim:VsConverter.qShare>
    <cim:VsConverter.targetQpcc>-40.000000</cim:VsConverter.targetQpcc>
    <cim:VsConverter.targetUpcc>0e+000</cim:VsConverter.targetUpcc>
  </cim:VsConverter>
  <cim:VsConverter rdf:about="#_dde55045-9d3e-43b8-8d28-0585e30cd6b1">
    <cim:ACDCConverter.p>100.000000</cim:ACDCConverter.p>
    <cim:ACDCConverter.q>0</cim:ACDCConverter.q>
    <cim:ACDCConverter.targetPpcc>100.000000</cim:ACDCConverter.targetPpcc>
    <cim:ACDCConverter.targetUdc>0e+000</cim:ACDCConverter.targetUdc>
    <cim:VsConverter.droop>0e+000</cim:VsConverter.droop>
    <cim:VsConverter.droopCompensation>0e+000</cim:VsConverter.droopCompensation>
    <cim:VsConverter.pPccControl rdf:resource="http://iec.ch/TC57/2013/CIM-schema-cim16#VsPpccControlKind.pPcc"/>
    <cim:VsConverter.qPccControl rdf:resource="http://iec.ch/TC57/2013/CIM-schema-cim16#VsQpccControlKind.reactivePcc"/>
    <cim:VsConverter.qShare>1.000000</cim:VsConverter.qShare>
    <cim:VsConverter.targetQpcc>40.000000</cim:VsConverter.targetQpcc>
    <cim:VsConverter.targetUpcc>0e+000</cim:VsConverter.targetUpcc>
  </cim:VsConverter>
  <cim:LinearShuntCompensator rdf:about="#_002b0a40-3957-46db-b84a-30420083558f">
    <cim:ShuntCompensator.sections>1</cim:ShuntCompensator.sections>
    <cim:RegulatingCondEq.controlEnabled>false</cim:RegulatingCondEq.controlEnabled>
  </cim:LinearShuntCompensator>
  <cim:LinearShuntCompensator rdf:about="#_d771118f-36e9-4115-a128-cc3d9ce3e3da">
    <cim:ShuntCompensator.sections>1</cim:ShuntCompensator.sections>
    <cim:RegulatingCondEq.controlEnabled>false</cim:RegulatingCondEq.controlEnabled>
  </cim:LinearShuntCompensator>
  <cim:Breaker rdf:about="#_6b564930-b5e2-49d3-9d06-e1de28d6fd65">
    <cim:Switch.open>false</cim:Switch.open>
  </cim:Breaker>
  <cim:Breaker rdf:about="#_969470b9-e74c-40d2-b3f7-bcfd88400fd1">
    <cim:Switch.open>false</cim:Switch.open>
  </cim:Breaker>
  <cim:Breaker rdf:about="#_925a3a38-cd26-4f89-8891-c5bc8494e1ae">
    <cim:Switch.open>false</cim:Switch.open>
  </cim:Breaker>
  <cim:Breaker rdf:about="#_484536e9-762a-49a3-9970-d60b9fae03fe">
    <cim:Switch.open>false</cim:Switch.open>
  </cim:Breaker>
  <cim:Breaker rdf:about="#_96c2b5c8-8e28-4b08-96d2-ca9b09cdbd83">
    <cim:Switch.open>false</cim:Switch.open>
  </cim:Breaker>
  <cim:Breaker rdf:about="#_2922c1dd-4113-466e-8cad-002572f3f557">
    <cim:Switch.open>false</cim:Switch.open>
  </cim:Breaker>
  <cim:Breaker rdf:about="#_fd136c65-d001-41a1-adc7-c5430b5c5e72">
    <cim:Switch.open>false</cim:Switch.open>
  </cim:Breaker>
  <cim:Breaker rdf:about="#_a603d890-5d9d-42ef-98d0-acf47d121c0e">
    <cim:Switch.open>false</cim:Switch.open>
  </cim:Breaker>
  <cim:Breaker rdf:about="#_0a84038e-1952-4d9d-9909-3b49c364a1ac">
    <cim:Switch.open>false</cim:Switch.open>
  </cim:Breaker>
  <cim:Breaker rdf:about="#_14d55344-c118-4f54-a430-72f16d12bf7b">
    <cim:Switch.open>false</cim:Switch.open>
  </cim:Breaker>
  <cim:Breaker rdf:about="#_3b394dab-ab47-4022-98be-8123c6dfe7d4">
    <cim:Switch.open>false</cim:Switch.open>
  </cim:Breaker>
  <cim:Breaker rdf:about="#_ddc148fc-3abd-459d-aec1-396283e0def6">
    <cim:Switch.open>false</cim:Switch.open>
  </cim:Breaker>
  <cim:Breaker rdf:about="#_0e8cd279-ad5d-485a-b3a9-093ae8714b72">
    <cim:Switch.open>false</cim:Switch.open>
  </cim:Breaker>
  <cim:Breaker rdf:about="#_38dfcc80-600f-44e2-8f71-fb595b4f00ac">
    <cim:Switch.open>false</cim:Switch.open>
  </cim:Breaker>
  <cim:Breaker rdf:about="#_6e86cd52-4594-435e-92ce-6dc673288ab4">
    <cim:Switch.open>false</cim:Switch.open>
  </cim:Breaker>
  <cim:EquivalentInjection rdf:about="#_f7f61a91-eca2-4492-8bd7-9ec2b28fc837">
    <cim:EquivalentInjection.p>-140.978004</cim:EquivalentInjection.p>
    <cim:EquivalentInjection.q>-22.280755</cim:EquivalentInjection.q>
    <cim:EquivalentInjection.regulationStatus>false</cim:EquivalentInjection.regulationStatus>
    <cim:EquivalentInjection.regulationTarget>0.0</cim:EquivalentInjection.regulationTarget>
  </cim:EquivalentInjection>
  <cim:EquivalentInjection rdf:about="#_87ea56f3-962a-427a-85d6-13b1f9295174">
    <cim:EquivalentInjection.p>-11.864079</cim:EquivalentInjection.p>
    <cim:EquivalentInjection.q>-7.000632</cim:EquivalentInjection.q>
    <cim:EquivalentInjection.regulationStatus>false</cim:EquivalentInjection.regulationStatus>
    <cim:EquivalentInjection.regulationTarget>0.0</cim:EquivalentInjection.regulationTarget>
  </cim:EquivalentInjection>
  <cim:EquivalentInjection rdf:about="#_14b352cb-5574-40c5-bf83-0ed3574554a3">
    <cim:EquivalentInjection.p>-18.810172</cim:EquivalentInjection.p>
    <cim:EquivalentInjection.q>84.882951</cim:EquivalentInjection.q>
    <cim:EquivalentInjection.regulationStatus>false</cim:EquivalentInjection.regulationStatus>
    <cim:EquivalentInjection.regulationTarget>0.0</cim:EquivalentInjection.regulationTarget>
  </cim:EquivalentInjection>
  <cim:EquivalentInjection rdf:about="#_24413233-26c3-4f7e-9f72-4461796938be">
    <cim:EquivalentInjection.p>-23.673336</cim:EquivalentInjection.p>
    <cim:EquivalentInjection.q>79.934705</cim:EquivalentInjection.q>
    <cim:EquivalentInjection.regulationStatus>false</cim:EquivalentInjection.regulationStatus>
    <cim:EquivalentInjection.regulationTarget>0.0</cim:EquivalentInjection.regulationTarget>
  </cim:EquivalentInjection>
  <cim:EquivalentInjection rdf:about="#_6f014d4c-c1b0-4eed-8d6d-bae3bc87afcf">
    <cim:EquivalentInjection.p>-45.958880</cim:EquivalentInjection.p>
    <cim:EquivalentInjection.q>150.885363</cim:EquivalentInjection.q>
    <cim:EquivalentInjection.regulationStatus>false</cim:EquivalentInjection.regulationStatus>
    <cim:EquivalentInjection.regulationTarget>0.0</cim:EquivalentInjection.regulationTarget>
  </cim:EquivalentInjection>
  <cim:TapChangerControl rdf:about="#_9e7605ea-9c95-4945-b26c-dbedca6287b5">
    <cim:RegulatingControl.discrete>true</cim:RegulatingControl.discrete>
    <cim:RegulatingControl.targetDeadband>0.500000</cim:RegulatingControl.targetDeadband>
    <cim:RegulatingControl.targetValueUnitMultiplier rdf:resource="http://iec.ch/TC57/2013/CIM-schema-cim16#UnitMultiplier.k"/>
    <cim:RegulatingControl.enabled>false</cim:RegulatingControl.enabled>
    <cim:RegulatingControl.targetValue>0e+000</cim:RegulatingControl.targetValue>
  </cim:TapChangerControl>
  <cim:TapChangerControl rdf:about="#_88f57746-894f-4176-8fe1-38a46e2737bd">
    <cim:RegulatingControl.discrete>true</cim:RegulatingControl.discrete>
    <cim:RegulatingControl.targetDeadband>0.500000</cim:RegulatingControl.targetDeadband>
    <cim:RegulatingControl.targetValueUnitMultiplier rdf:resource="http://iec.ch/TC57/2013/CIM-schema-cim16#UnitMultiplier.k"/>
    <cim:RegulatingControl.enabled>false</cim:RegulatingControl.enabled>
    <cim:RegulatingControl.targetValue>0e+000</cim:RegulatingControl.targetValue>
  </cim:TapChangerControl>
  <cim:TapChangerControl rdf:about="#_97110e84-7da6-479c-846c-696fdaa83d56">
    <cim:RegulatingControl.discrete>true</cim:RegulatingControl.discrete>
    <cim:RegulatingControl.targetDeadband>0.500000</cim:RegulatingControl.targetDeadband>
    <cim:RegulatingControl.targetValueUnitMultiplier rdf:resource="http://iec.ch/TC57/2013/CIM-schema-cim16#UnitMultiplier.k"/>
    <cim:RegulatingControl.enabled>true</cim:RegulatingControl.enabled>
    <cim:RegulatingControl.targetValue>10.815000</cim:RegulatingControl.targetValue>
  </cim:TapChangerControl>
  <cim:TapChangerControl rdf:about="#_ee42c6c2-39e7-43c2-9bdd-d397c5dc980b">
    <cim:RegulatingControl.discrete>true</cim:RegulatingControl.discrete>
    <cim:RegulatingControl.targetDeadband>0.500000</cim:RegulatingControl.targetDeadband>
    <cim:RegulatingControl.targetValueUnitMultiplier rdf:resource="http://iec.ch/TC57/2013/CIM-schema-cim16#UnitMultiplier.k"/>
    <cim:RegulatingControl.enabled>false</cim:RegulatingControl.enabled>
    <cim:RegulatingControl.targetValue>0e+000</cim:RegulatingControl.targetValue>
  </cim:TapChangerControl>
  <cim:TapChangerControl rdf:about="#_5fc492ab-fe33-423b-84f1-a47f87552427">
    <cim:RegulatingControl.discrete>true</cim:RegulatingControl.discrete>
    <cim:RegulatingControl.targetDeadband>35.00000</cim:RegulatingControl.targetDeadband>
    <cim:RegulatingControl.targetValueUnitMultiplier rdf:resource="http://iec.ch/TC57/2013/CIM-schema-cim16#UnitMultiplier.M"/>
    <cim:RegulatingControl.enabled>true</cim:RegulatingControl.enabled>
    <cim:RegulatingControl.targetValue>-65.000000</cim:RegulatingControl.targetValue>
  </cim:TapChangerControl>
  <cim:TapChangerControl rdf:about="#_38f972bc-b7fd-4e75-8c24-379a86fbb506">
    <cim:RegulatingControl.discrete>true</cim:RegulatingControl.discrete>
    <cim:RegulatingControl.targetDeadband>0.500000</cim:RegulatingControl.targetDeadband>
    <cim:RegulatingControl.targetValueUnitMultiplier rdf:resource="http://iec.ch/TC57/2013/CIM-schema-cim16#UnitMultiplier.k"/>
    <cim:RegulatingControl.enabled>false</cim:RegulatingControl.enabled>
    <cim:RegulatingControl.targetValue>0e+000</cim:RegulatingControl.targetValue>
  </cim:TapChangerControl>
  <cim:RegulatingControl rdf:about="#_84bf5be8-eb59-4555-b131-fce4d2d7775d">
    <cim:RegulatingControl.discrete>false</cim:RegulatingControl.discrete>
    <cim:RegulatingControl.targetDeadband>0.500000</cim:RegulatingControl.targetDeadband>
    <cim:RegulatingControl.targetValueUnitMultiplier rdf:resource="http://iec.ch/TC57/2013/CIM-schema-cim16#UnitMultiplier.k"/>
    <cim:RegulatingControl.enabled>true</cim:RegulatingControl.enabled>
    <cim:RegulatingControl.targetValue>21.987000</cim:RegulatingControl.targetValue>
  </cim:RegulatingControl>
  <cim:RegulatingControl rdf:about="#_6ba406ce-78cf-4485-9b01-a34e584f1a8d">
    <cim:RegulatingControl.discrete>false</cim:RegulatingControl.discrete>
    <cim:RegulatingControl.targetDeadband>0.500000</cim:RegulatingControl.targetDeadband>
    <cim:RegulatingControl.targetValueUnitMultiplier rdf:resource="http://iec.ch/TC57/2013/CIM-schema-cim16#UnitMultiplier.k"/>
    <cim:RegulatingControl.enabled>true</cim:RegulatingControl.enabled>
    <cim:RegulatingControl.targetValue>115.500000</cim:RegulatingControl.targetValue>
  </cim:RegulatingControl>
  <cim:RegulatingControl rdf:about="#_67971e8d-518a-408f-9e59-c7601da9a989">
    <cim:RegulatingControl.discrete>true</cim:RegulatingControl.discrete>
    <cim:RegulatingControl.targetDeadband>0.500000</cim:RegulatingControl.targetDeadband>
    <cim:RegulatingControl.targetValueUnitMultiplier rdf:resource="http://iec.ch/TC57/2013/CIM-schema-cim16#UnitMultiplier.k"/>
    <cim:RegulatingControl.enabled>false</cim:RegulatingControl.enabled>
    <cim:RegulatingControl.targetValue>380.000000</cim:RegulatingControl.targetValue>
  </cim:RegulatingControl>
  <cim:RegulatingControl rdf:about="#_4d50f86d-0d12-4ca3-9430-56bb05f9eee6">
    <cim:RegulatingControl.discrete>true</cim:RegulatingControl.discrete>
    <cim:RegulatingControl.targetDeadband>0.500000</cim:RegulatingControl.targetDeadband>
    <cim:RegulatingControl.targetValueUnitMultiplier rdf:resource="http://iec.ch/TC57/2013/CIM-schema-cim16#UnitMultiplier.k"/>
    <cim:RegulatingControl.enabled>false</cim:RegulatingControl.enabled>
    <cim:RegulatingControl.targetValue>110.000000</cim:RegulatingControl.targetValue>
  </cim:RegulatingControl>
</rdf:RDF>
