<?xml version="1.0" encoding="utf-8"?>
<rdf:RDF xmlns:rdf="http://www.w3.org/1999/02/22-rdf-syntax-ns#" xmlns:cim="http://iec.ch/TC57/2013/CIM-schema-cim16#" xmlns:entsoe="http://entsoe.eu/CIM/SchemaExtension/3/1#" xmlns:md="http://iec.ch/TC57/61970-552/ModelDescription/1#">
  <md:FullModel rdf:about="urn:uuid:59773b4c-b24e-489c-b4e1-89ae380e98c9">
    <md:Model.created>2014-10-24T15:43:01</md:Model.created>
    <md:Model.scenarioTime>2014-04-14T15:35:09</md:Model.scenarioTime>
    <md:Model.version>2</md:Model.version>
    <md:Model.DependentOn rdf:resource="urn:uuid:deb5887f-a132-4002-a47d-00a737f01c68"/>
    <md:Model.DependentOn rdf:resource="urn:uuid:2399cbd0-9a39-11e0-aa80-0800200c9a66"/>
    <md:Model.DependentOn rdf:resource="urn:uuid:2399cbd1-9a39-11e0-aa80-0800200c9a66"/>
    <md:Model.description>CGMES Conformity Assessment: 'MicroGridTestConfiguration....T2 (Assembled) Test Configuration. The model is owned by ENTSO-E and is provided by ENTSO-E “as it is”. To the fullest extent permitted by law, ENTSO-E shall not be liable for any damages of any kind arising out of the use of the model (including any of its subsequent modifications). ENTSO-E neither warrants, nor represents that the use of the model will not infringe the rights of third parties. Any use of the model shall  include a reference to ENTSO-E. ENTSO-E web site is the only official source of information related to the model.</md:Model.description>
    <md:Model.modelingAuthoritySet>http://elia.be/CGMES/2.4.15</md:Model.modelingAuthoritySet>
    <md:Model.profile>http://entsoe.eu/CIM/Topology/4/1</md:Model.profile>
    <md:Model.Supersedes rdf:resource="urn:uuid:f2f43818-09c8-4252-9611-7af80c398d20"/>
  </md:FullModel>
  <cim:ConnectivityNode rdf:about="#_93cec50e-e92e-4773-b408-e2419dad090d">
    <cim:ConnectivityNode.TopologicalNode rdf:resource="#_e44141af-f1dc-44d3-bfa4-b674e5c953d7"/>
  </cim:ConnectivityNode>
  <cim:TopologicalNode rdf:ID="_e44141af-f1dc-44d3-bfa4-b674e5c953d7">
    <cim:IdentifiedObject.name>BE_TR_BUS2</cim:IdentifiedObject.name>
    <cim:TopologicalNode.BaseVoltage rdf:resource="#_35cf638d-9a9d-4ae5-ae90-2f01ef898cb6"/>
    <cim:TopologicalNode.ConnectivityNodeContainer rdf:resource="#_469df5f7-058f-4451-a998-57a48e8a56fe"/>
  </cim:TopologicalNode>
  <cim:ConnectivityNode rdf:about="#_21032053-e646-46a7-9a09-6a9a96dbf108">
    <cim:ConnectivityNode.TopologicalNode rdf:resource="#_f70f6bad-eb8d-4b8f-8431-4ab93581514e"/>
  </cim:ConnectivityNode>
  <cim:ConnectivityNode rdf:about="#_84c93a56-e0ca-4deb-a2ce-5eeb10682cab">
    <cim:ConnectivityNode.TopologicalNode rdf:resource="#_f96d552a-618d-4d0c-a39a-2dea3c411dee"/>
  </cim:ConnectivityNode>
  <cim:ConnectivityNode rdf:about="#_29a37807-af63-402d-ac87-2e248d844793">
    <cim:ConnectivityNode.TopologicalNode rdf:resource="#_f70f6bad-eb8d-4b8f-8431-4ab93581514e"/>
  </cim:ConnectivityNode>
  <cim:ConnectivityNode rdf:about="#_bb6a1e59-1071-4985-b80f-d227cf133067">
    <cim:ConnectivityNode.TopologicalNode rdf:resource="#_e44141af-f1dc-44d3-bfa4-b674e5c953d7"/>
  </cim:ConnectivityNode>
  <cim:ConnectivityNode rdf:about="#_56ca173b-fd2d-4ef3-bc32-4ae86a318c39">
    <cim:ConnectivityNode.TopologicalNode rdf:resource="#_5c74cb26-ce2f-40c6-951d-89091eb781b6"/>
  </cim:ConnectivityNode>
  <cim:ConnectivityNode rdf:about="#_a09067cc-e7b3-4743-8134-f5e42b32e88a">
    <cim:ConnectivityNode.TopologicalNode rdf:resource="#_99b219f3-4593-428b-a4da-124a54630178"/>
  </cim:ConnectivityNode>
  <cim:TopologicalNode rdf:ID="_99b219f3-4593-428b-a4da-124a54630178">
    <cim:IdentifiedObject.name>BE_TR_BUS4</cim:IdentifiedObject.name>
    <cim:TopologicalNode.BaseVoltage rdf:resource="#_63893f24-5b4e-407c-9a1e-4ff71121f33c"/>
    <cim:TopologicalNode.ConnectivityNodeContainer rdf:resource="#_b10b171b-3bc5-4849-bb1f-61ed9ea1ec7c"/>
  </cim:TopologicalNode>
  <cim:ConnectivityNode rdf:about="#_d0aad282-7c05-4990-b0cf-d9168815048e">
    <cim:ConnectivityNode.TopologicalNode rdf:resource="#_f70f6bad-eb8d-4b8f-8431-4ab93581514e"/>
  </cim:ConnectivityNode>
  <cim:ConnectivityNode rdf:about="#_36f63f4c-df3b-4507-baf5-bb4934c09183">
    <cim:ConnectivityNode.TopologicalNode rdf:resource="#_f70f6bad-eb8d-4b8f-8431-4ab93581514e"/>
  </cim:ConnectivityNode>
  <cim:ConnectivityNode rdf:about="#_ba94e03d-8a3b-48ac-a0bd-f7bc296a049a">
    <cim:ConnectivityNode.TopologicalNode rdf:resource="#_d4a4a5d7-8391-4afd-898d-f34fee81136f"/>
  </cim:ConnectivityNode>
  <cim:TopologicalNode rdf:ID="_d4a4a5d7-8391-4afd-898d-f34fee81136f">
    <cim:IdentifiedObject.name>N1230813974</cim:IdentifiedObject.name>
    <cim:TopologicalNode.BaseVoltage rdf:resource="#_63893f24-5b4e-407c-9a1e-4ff71121f33c"/>
    <cim:TopologicalNode.ConnectivityNodeContainer rdf:resource="#_f43c6bf6-487d-49aa-8b8b-e87be99e14ec"/>
  </cim:TopologicalNode>
  <cim:ConnectivityNode rdf:about="#_74228ccf-efed-4ee4-95a2-db385f70b386">
    <cim:ConnectivityNode.TopologicalNode rdf:resource="#_5cae357a-731f-4ab1-b133-4f90795206c7"/>
  </cim:ConnectivityNode>
  <cim:TopologicalNode rdf:ID="_5cae357a-731f-4ab1-b133-4f90795206c7">
    <cim:IdentifiedObject.name>BE_HDC_BUS1</cim:IdentifiedObject.name>
    <cim:TopologicalNode.BaseVoltage rdf:resource="#_d1165f73-3a8c-475a-bbd6-0e1f82f3a44f"/>
    <cim:TopologicalNode.ConnectivityNodeContainer rdf:resource="#_bccf01d1-680c-4683-91b9-9d19748519cb"/>
  </cim:TopologicalNode>
  <cim:ConnectivityNode rdf:about="#_d5b267d8-29d8-434b-b3aa-08f8f3435fc0">
    <cim:ConnectivityNode.TopologicalNode rdf:resource="#_5c74cb26-ce2f-40c6-951d-89091eb781b6"/>
  </cim:ConnectivityNode>
  <cim:ConnectivityNode rdf:about="#_4836f99b-c6e9-4ee8-a956-b1e3da882d46">
    <cim:ConnectivityNode.TopologicalNode rdf:resource="#_e44141af-f1dc-44d3-bfa4-b674e5c953d7"/>
  </cim:ConnectivityNode>
  <cim:ConnectivityNode rdf:about="#_ae99bd74-26b1-443a-b1a5-656320283a36">
    <cim:ConnectivityNode.TopologicalNode rdf:resource="#_f70f6bad-eb8d-4b8f-8431-4ab93581514e"/>
  </cim:ConnectivityNode>
  <cim:TopologicalNode rdf:ID="_f70f6bad-eb8d-4b8f-8431-4ab93581514e">
    <cim:IdentifiedObject.name>BE-Busbar_2</cim:IdentifiedObject.name>
    <entsoe:IdentifiedObject.shortName>BE-B_2</entsoe:IdentifiedObject.shortName>
    <cim:IdentifiedObject.description>BBRUS_21; this is UCTE code</cim:IdentifiedObject.description>
    <cim:TopologicalNode.BaseVoltage rdf:resource="#_63893f24-5b4e-407c-9a1e-4ff71121f33c"/>
    <cim:TopologicalNode.ConnectivityNodeContainer rdf:resource="#_d0486169-2205-40b2-895e-b672ecb9e5fc"/>
  </cim:TopologicalNode>
  <cim:ConnectivityNode rdf:about="#_bf851342-832e-4ea2-b2ad-b09729b3af23">
    <cim:ConnectivityNode.TopologicalNode rdf:resource="#_99b219f3-4593-428b-a4da-124a54630178"/>
  </cim:ConnectivityNode>
  <cim:ConnectivityNode rdf:about="#_0f074167-d8ad-40ed-b0fa-7dc7e9f5f77c">
    <cim:ConnectivityNode.TopologicalNode rdf:resource="#_a81d08ed-f51d-4538-8d1e-fb2d0dbd128e"/>
  </cim:ConnectivityNode>
  <cim:TopologicalNode rdf:ID="_a81d08ed-f51d-4538-8d1e-fb2d0dbd128e">
    <cim:IdentifiedObject.name>BE-Busbar_4</cim:IdentifiedObject.name>
    <entsoe:IdentifiedObject.shortName>BE-B_4</entsoe:IdentifiedObject.shortName>
    <cim:IdentifiedObject.description>BGENT_71; This is the old UCTE code from UCTE DEF</cim:IdentifiedObject.description>
    <cim:TopologicalNode.BaseVoltage rdf:resource="#_862a4658-6b03-4550-9de2-b5c413912b75"/>
    <cim:TopologicalNode.ConnectivityNodeContainer rdf:resource="#_4ba71b59-ee2f-450b-9f7d-cc2f1cc5e386"/>
  </cim:TopologicalNode>
  <cim:ConnectivityNode rdf:about="#_f51dce2d-2dc6-4cfe-9486-f9d9a5b0fe33">
    <cim:ConnectivityNode.TopologicalNode rdf:resource="#_f96d552a-618d-4d0c-a39a-2dea3c411dee"/>
  </cim:ConnectivityNode>
  <cim:TopologicalNode rdf:ID="_f96d552a-618d-4d0c-a39a-2dea3c411dee">
    <cim:IdentifiedObject.name>BE-Busbar_5</cim:IdentifiedObject.name>
    <entsoe:IdentifiedObject.shortName>BE-B_5</entsoe:IdentifiedObject.shortName>
    <cim:IdentifiedObject.description>BGENT_72; this is old code</cim:IdentifiedObject.description>
    <cim:TopologicalNode.BaseVoltage rdf:resource="#_1cefd53a-79bd-4ad4-aa9a-5a4ad0191ce2"/>
    <cim:TopologicalNode.ConnectivityNodeContainer rdf:resource="#_929ba893-c9dc-44d7-b1fd-30834bd3ab85"/>
  </cim:TopologicalNode>
  <cim:ConnectivityNode rdf:about="#_1695eb20-9044-4133-a3fd-2147f55f170d">
    <cim:ConnectivityNode.TopologicalNode rdf:resource="#_5c74cb26-ce2f-40c6-951d-89091eb781b6"/>
  </cim:ConnectivityNode>
  <cim:TopologicalNode rdf:ID="_5c74cb26-ce2f-40c6-951d-89091eb781b6">
    <cim:IdentifiedObject.name>BE-Busbar_6</cim:IdentifiedObject.name>
    <entsoe:IdentifiedObject.shortName>BE-B_6</entsoe:IdentifiedObject.shortName>
    <cim:IdentifiedObject.description>BBRUS151; BGENT_51</cim:IdentifiedObject.description>
    <cim:TopologicalNode.BaseVoltage rdf:resource="#_00b17311-075f-48f6-a79b-597f42af4694"/>
    <cim:TopologicalNode.ConnectivityNodeContainer rdf:resource="#_8bbd7e74-ae20-4dce-8780-c20f8e18c2e0"/>
  </cim:TopologicalNode>
  <cim:ConnectivityNode rdf:about="#_f33cc626-2c46-46b6-8536-88f30ab532cb">
    <cim:ConnectivityNode.TopologicalNode rdf:resource="#_e44141af-f1dc-44d3-bfa4-b674e5c953d7"/>
  </cim:ConnectivityNode>
  <cim:ConnectivityNode rdf:about="#_0b1e783f-82cb-4499-8060-874126398c66">
    <cim:ConnectivityNode.TopologicalNode rdf:resource="#_3f8ff03c-11fb-4325-8f60-4459c1b1cc1d"/>
  </cim:ConnectivityNode>
  <cim:TopologicalNode rdf:ID="_3f8ff03c-11fb-4325-8f60-4459c1b1cc1d">
    <cim:IdentifiedObject.name>N1230816286</cim:IdentifiedObject.name>
    <cim:TopologicalNode.BaseVoltage rdf:resource="#_63893f24-5b4e-407c-9a1e-4ff71121f33c"/>
    <cim:TopologicalNode.ConnectivityNodeContainer rdf:resource="#_a7b130d2-2fb4-497e-a93e-2625f25d7b65"/>
  </cim:TopologicalNode>
  <cim:ConnectivityNode rdf:about="#_d7ae469f-6a0d-4843-b246-20d2af2f80ac">
    <cim:ConnectivityNode.TopologicalNode rdf:resource="#_f3c8e35e-744f-431a-8505-dfe3c275616a"/>
  </cim:ConnectivityNode>
  <cim:TopologicalNode rdf:ID="_f3c8e35e-744f-431a-8505-dfe3c275616a">
    <cim:IdentifiedObject.name>BE_HVDC_BUS2</cim:IdentifiedObject.name>
    <cim:TopologicalNode.BaseVoltage rdf:resource="#_d1165f73-3a8c-475a-bbd6-0e1f82f3a44f"/>
    <cim:TopologicalNode.ConnectivityNodeContainer rdf:resource="#_d966db16-ec73-4c00-a9bc-8aae3aaa0573"/>
  </cim:TopologicalNode>
  <cim:ConnectivityNode rdf:about="#_3a849ea6-8dd5-4406-ac11-c89db47ef753">
    <cim:ConnectivityNode.TopologicalNode rdf:resource="#_e44141af-f1dc-44d3-bfa4-b674e5c953d7"/>
  </cim:ConnectivityNode>
  <cim:ConnectivityNode rdf:about="#_3293fcc7-4962-47df-a7c1-ce150600c388">
    <cim:ConnectivityNode.TopologicalNode rdf:resource="#_5c74cb26-ce2f-40c6-951d-89091eb781b6"/>
  </cim:ConnectivityNode>
  <cim:ConnectivityNode rdf:about="#_18dca121-6c3b-440f-8bf4-8e365b8af551">
    <cim:ConnectivityNode.TopologicalNode rdf:resource="#_99b219f3-4593-428b-a4da-124a54630178"/>
  </cim:ConnectivityNode>
  <cim:ConnectivityNode rdf:about="#_2dde989e-28c3-45f0-aa21-8695843ce894">
    <cim:ConnectivityNode.TopologicalNode rdf:resource="#_99b219f3-4593-428b-a4da-124a54630178"/>
  </cim:ConnectivityNode>
  <cim:DCTopologicalNode rdf:ID="_8995cef6-2c35-4fd9-b389-6d8fe77452c0">
    <cim:IdentifiedObject.name>BE DC2</cim:IdentifiedObject.name>
    <cim:DCTopologicalNode.DCEquipmentContainer rdf:resource="#_dd540e79-688a-4dca-8e5b-473957abcbf3"/>
  </cim:DCTopologicalNode>
  <cim:DCNode rdf:about="#_ce3602dc-3ef6-4564-a6e5-56bee9194e82">
    <cim:DCNode.DCTopologicalNode rdf:resource="#_8995cef6-2c35-4fd9-b389-6d8fe77452c0"/>
  </cim:DCNode>
  <cim:DCTopologicalNode rdf:ID="_746072fb-38eb-4cb0-b21b-8334ae0a3706">
    <cim:IdentifiedObject.name>BE DC1</cim:IdentifiedObject.name>
    <cim:DCTopologicalNode.DCEquipmentContainer rdf:resource="#_613f5d6a-77e9-45bf-8fe9-0ce8f1a2b67e"/>
  </cim:DCTopologicalNode>
  <cim:DCNode rdf:about="#_46bfd877-42bd-4943-87ff-2e3b920caac3">
    <cim:DCNode.DCTopologicalNode rdf:resource="#_746072fb-38eb-4cb0-b21b-8334ae0a3706"/>
  </cim:DCNode>
  <cim:DCTopologicalNode rdf:ID="_42f66964-6212-489c-9104-312332810193">
    <cim:IdentifiedObject.name>BDC-1230813991</cim:IdentifiedObject.name>
    <cim:DCTopologicalNode.DCEquipmentContainer rdf:resource="#_613f5d6a-77e9-45bf-8fe9-0ce8f1a2b67e"/>
  </cim:DCTopologicalNode>
  <cim:DCNode rdf:about="#_18589681-dbcb-4cf7-b9c3-85cf6899e6a5">
    <cim:DCNode.DCTopologicalNode rdf:resource="#_42f66964-6212-489c-9104-312332810193"/>
  </cim:DCNode>
  <cim:DCTopologicalNode rdf:ID="_d5bba8a8-edad-43d7-bfee-531209b18cbb">
    <cim:IdentifiedObject.name>BDC-1230814011</cim:IdentifiedObject.name>
    <cim:DCTopologicalNode.DCEquipmentContainer rdf:resource="#_dd540e79-688a-4dca-8e5b-473957abcbf3"/>
  </cim:DCTopologicalNode>
  <cim:DCNode rdf:about="#_f6ff2811-41ab-42fb-86ca-c1081b3d863a">
    <cim:DCNode.DCTopologicalNode rdf:resource="#_d5bba8a8-edad-43d7-bfee-531209b18cbb"/>
  </cim:DCNode>
  <cim:DCTopologicalNode rdf:ID="_f4b08679-7c6f-4d3f-b03b-5f770c5c40af">
    <cim:IdentifiedObject.name>BE DC1</cim:IdentifiedObject.name>
    <cim:DCTopologicalNode.DCEquipmentContainer rdf:resource="#_613f5d6a-77e9-45bf-8fe9-0ce8f1a2b67e"/>
  </cim:DCTopologicalNode>
  <cim:DCNode rdf:about="#_6131cd1b-bc6d-4720-a5ee-e380fbc484ad">
    <cim:DCNode.DCTopologicalNode rdf:resource="#_f4b08679-7c6f-4d3f-b03b-5f770c5c40af"/>
  </cim:DCNode>
  <cim:Terminal rdf:about="#_7ed3835d-5e55-4c24-b70c-f9fe8e71f827">
    <cim:Terminal.TopologicalNode rdf:resource="#_99b219f3-4593-428b-a4da-124a54630178"/>
  </cim:Terminal>
  <cim:Terminal rdf:about="#_115125f9-24db-495f-b5b3-3269d3001a7d">
    <cim:Terminal.TopologicalNode rdf:resource="#_d4a4a5d7-8391-4afd-898d-f34fee81136f"/>
  </cim:Terminal>
  <cim:Terminal rdf:about="#_b2fade60-3a94-473e-8a2d-ae139984b90b">
    <cim:Terminal.TopologicalNode rdf:resource="#_3f8ff03c-11fb-4325-8f60-4459c1b1cc1d"/>
  </cim:Terminal>
  <cim:Terminal rdf:about="#_56ce08b1-65ee-4b9a-adbe-874310d60f52">
    <cim:Terminal.TopologicalNode rdf:resource="#_f70f6bad-eb8d-4b8f-8431-4ab93581514e"/>
  </cim:Terminal>
  <cim:Terminal rdf:about="#_57ae9251-c022-4c67-a8eb-611ad54c963c">
    <cim:Terminal.TopologicalNode rdf:resource="#_1fa19c281c8f4e1eaad9e1cab70f923e"/>
  </cim:Terminal>
  <cim:Terminal rdf:about="#_5b2c65b0-68ce-4530-85b7-385346a3b5e1">
    <cim:Terminal.TopologicalNode rdf:resource="#_f70f6bad-eb8d-4b8f-8431-4ab93581514e"/>
  </cim:Terminal>
  <cim:Terminal rdf:about="#_699545b9-82b9-4331-bc80-538d73b4ba56">
    <cim:Terminal.TopologicalNode rdf:resource="#_99b219f3-4593-428b-a4da-124a54630178"/>
  </cim:Terminal>
  <cim:Terminal rdf:about="#_77f04391-aa23-49b6-b3e9-6089130bb5d5">
    <cim:Terminal.TopologicalNode rdf:resource="#_f70f6bad-eb8d-4b8f-8431-4ab93581514e"/>
  </cim:Terminal>
  <cim:Terminal rdf:about="#_231a4cf8-5069-4d53-96e4-e839f073f1ea">
    <cim:Terminal.TopologicalNode rdf:resource="#_e44141af-f1dc-44d3-bfa4-b674e5c953d7"/>
  </cim:Terminal>
  <cim:Terminal rdf:about="#_f3b56334-4638-49d3-a6a0-3f417422b8f5">
    <cim:Terminal.TopologicalNode rdf:resource="#_d4affe50316740bdbbf4ae9c7cbf3cfd"/>
  </cim:Terminal>
  <cim:Terminal rdf:about="#_c14d2036-72ec-4df3-b1b7-75d8afd9a1fe">
    <cim:Terminal.TopologicalNode rdf:resource="#_e44141af-f1dc-44d3-bfa4-b674e5c953d7"/>
  </cim:Terminal>
  <cim:Terminal rdf:about="#_f9f29835-8a31-4310-9780-b1ad26f3cbb0">
    <cim:Terminal.TopologicalNode rdf:resource="#_9d25a1f9e5d14d47b6dcde99c4380b40"/>
  </cim:Terminal>
  <cim:Terminal rdf:about="#_051d49ba-4360-4372-86bf-50eb8cf29778">
    <cim:Terminal.TopologicalNode rdf:resource="#_e44141af-f1dc-44d3-bfa4-b674e5c953d7"/>
  </cim:Terminal>
  <cim:Terminal rdf:about="#_02a244ca-8bcb-4e25-8613-e948b8ba1f22">
    <cim:Terminal.TopologicalNode rdf:resource="#_f03d65b2a51049ffa533e433721145c1"/>
  </cim:Terminal>
  <cim:Terminal rdf:about="#_05a17350-55f5-4a00-9a50-8c0048a25495">
    <cim:Terminal.TopologicalNode rdf:resource="#_99b219f3-4593-428b-a4da-124a54630178"/>
  </cim:Terminal>
  <cim:Terminal rdf:about="#_a4d42d33-ae54-4fe9-ad59-f30da0dfb809">
    <cim:Terminal.TopologicalNode rdf:resource="#_f70f6bad-eb8d-4b8f-8431-4ab93581514e"/>
  </cim:Terminal>
  <cim:Terminal rdf:about="#_1ef0715a-d5a9-477b-b6e7-b635529ac140">
    <cim:Terminal.TopologicalNode rdf:resource="#_8d7bad8bcc634e0796e362390d9040b6"/>
  </cim:Terminal>
  <cim:Terminal rdf:about="#_70d962fb-a492-4c36-8cad-b5c584df53bd">
    <cim:Terminal.TopologicalNode rdf:resource="#_f70f6bad-eb8d-4b8f-8431-4ab93581514e"/>
  </cim:Terminal>
  <cim:Terminal rdf:about="#_3e077e04-686b-4569-9f34-7f9f843b2df0">
    <cim:Terminal.TopologicalNode rdf:resource="#_d4a4a5d7-8391-4afd-898d-f34fee81136f"/>
  </cim:Terminal>
  <cim:Terminal rdf:about="#_1ac095e2-6fca-4e21-87c2-f75e6f35bfd4">
    <cim:Terminal.TopologicalNode rdf:resource="#_5cae357a-731f-4ab1-b133-4f90795206c7"/>
  </cim:Terminal>
  <cim:Terminal rdf:about="#_65e95fda-30cc-4819-97ec-639c2cf62706">
    <cim:Terminal.TopologicalNode rdf:resource="#_3f8ff03c-11fb-4325-8f60-4459c1b1cc1d"/>
  </cim:Terminal>
  <cim:Terminal rdf:about="#_f0af576c-c25c-4daa-b5f5-b84f71229ba7">
    <cim:Terminal.TopologicalNode rdf:resource="#_f3c8e35e-744f-431a-8505-dfe3c275616a"/>
  </cim:Terminal>
  <cim:Terminal rdf:about="#_ca7974cf-b25e-4898-9221-7154233e5eb2">
    <cim:Terminal.TopologicalNode rdf:resource="#_5c74cb26-ce2f-40c6-951d-89091eb781b6"/>
  </cim:Terminal>
  <cim:Terminal rdf:about="#_1182d878-2eaa-4eec-91be-ce7b2b1e7f9a">
    <cim:Terminal.TopologicalNode rdf:resource="#_a81d08ed-f51d-4538-8d1e-fb2d0dbd128e"/>
  </cim:Terminal>
  <cim:Terminal rdf:about="#_4c19ace6-c825-4c5b-87d9-031e6e6a3379">
    <cim:Terminal.TopologicalNode rdf:resource="#_99b219f3-4593-428b-a4da-124a54630178"/>
  </cim:Terminal>
  <cim:Terminal rdf:about="#_ab7ece75-d726-48c8-a924-b0a9325e6d51">
    <cim:Terminal.TopologicalNode rdf:resource="#_5c74cb26-ce2f-40c6-951d-89091eb781b6"/>
  </cim:Terminal>
  <cim:Terminal rdf:about="#_c3774d3f-f48c-4954-a0cf-b4572eb714fd">
    <cim:Terminal.TopologicalNode rdf:resource="#_e44141af-f1dc-44d3-bfa4-b674e5c953d7"/>
  </cim:Terminal>
  <cim:Terminal rdf:about="#_2cd21c77-b8b1-4896-95fb-240f45b9ac89">
    <cim:Terminal.TopologicalNode rdf:resource="#_5c74cb26-ce2f-40c6-951d-89091eb781b6"/>
  </cim:Terminal>
  <cim:Terminal rdf:about="#_76e9ca77-f805-40ea-8120-5a6d58416d34">
    <cim:Terminal.TopologicalNode rdf:resource="#_e44141af-f1dc-44d3-bfa4-b674e5c953d7"/>
  </cim:Terminal>
  <cim:Terminal rdf:about="#_53fd6693-57e6-482e-8fbe-dcf3531a7ce0">
    <cim:Terminal.TopologicalNode rdf:resource="#_99b219f3-4593-428b-a4da-124a54630178"/>
  </cim:Terminal>
  <cim:Terminal rdf:about="#_ca0f7e2e-3442-4ada-a704-91f319c0ebe3">
    <cim:Terminal.TopologicalNode rdf:resource="#_f96d552a-618d-4d0c-a39a-2dea3c411dee"/>
  </cim:Terminal>
  <cim:Terminal rdf:about="#_4bb5407b-b4a5-416c-80ad-1a778ada2b9b">
    <cim:Terminal.TopologicalNode rdf:resource="#_f96d552a-618d-4d0c-a39a-2dea3c411dee"/>
  </cim:Terminal>
  <cim:Terminal rdf:about="#_beffa353-7d10-421d-9c08-036b744b1cee">
    <cim:Terminal.TopologicalNode rdf:resource="#_a81d08ed-f51d-4538-8d1e-fb2d0dbd128e"/>
  </cim:Terminal>
  <cim:Terminal rdf:about="#_22af3121-1a66-4546-bd80-4371f417c644">
    <cim:Terminal.TopologicalNode rdf:resource="#_e44141af-f1dc-44d3-bfa4-b674e5c953d7"/>
  </cim:Terminal>
  <cim:Terminal rdf:about="#_d5e2e58e-ccf6-47d9-b3bb-3088eb7a9b6c">
    <cim:Terminal.TopologicalNode rdf:resource="#_5c74cb26-ce2f-40c6-951d-89091eb781b6"/>
  </cim:Terminal>
  <cim:Terminal rdf:about="#_4a7363a4-0b21-4f65-8bba-33e3a8f6bac3">
    <cim:Terminal.TopologicalNode rdf:resource="#_1fa19c281c8f4e1eaad9e1cab70f923e"/>
  </cim:Terminal>
  <cim:Terminal rdf:about="#_d238885e-d9b6-4edc-8567-6a68c605ed67">
    <cim:Terminal.TopologicalNode rdf:resource="#_8d7bad8bcc634e0796e362390d9040b6"/>
  </cim:Terminal>
  <cim:Terminal rdf:about="#_c41978db-794b-4bae-953e-60fc519e87dd">
    <cim:Terminal.TopologicalNode rdf:resource="#_9d25a1f9e5d14d47b6dcde99c4380b40"/>
  </cim:Terminal>
  <cim:Terminal rdf:about="#_53072f42-f77b-47e2-bd9a-e097c910b173">
    <cim:Terminal.TopologicalNode rdf:resource="#_d4affe50316740bdbbf4ae9c7cbf3cfd"/>
  </cim:Terminal>
  <cim:Terminal rdf:about="#_b9539c41-d114-4280-8a54-8ecec398091e">
    <cim:Terminal.TopologicalNode rdf:resource="#_f03d65b2a51049ffa533e433721145c1"/>
  </cim:Terminal>
  <cim:Terminal rdf:about="#_b9376bea-c75d-49f3-94ca-6a71fa0086a5">
    <cim:Terminal.TopologicalNode rdf:resource="#_f70f6bad-eb8d-4b8f-8431-4ab93581514e"/>
  </cim:Terminal>
  <cim:Terminal rdf:about="#_a036b765-1669-4f64-acd3-1e8fbd513312">
    <cim:Terminal.TopologicalNode rdf:resource="#_99b219f3-4593-428b-a4da-124a54630178"/>
  </cim:Terminal>
  <cim:Terminal rdf:about="#_cbdf1842-74ed-4fce-a5d4-0296c82cbc92">
    <cim:Terminal.TopologicalNode rdf:resource="#_5c74cb26-ce2f-40c6-951d-89091eb781b6"/>
  </cim:Terminal>
  <cim:DCTerminal rdf:about="#_c1749ee7-2992-4fae-a164-80fa53b03daa">
    <cim:DCBaseTerminal.DCTopologicalNode rdf:resource="#_f4b08679-7c6f-4d3f-b03b-5f770c5c40af"/>
  </cim:DCTerminal>
  <cim:DCTerminal rdf:about="#_f3574393-735c-4342-b4e4-14450fac3321">
    <cim:DCBaseTerminal.DCTopologicalNode rdf:resource="#_8995cef6-2c35-4fd9-b389-6d8fe77452c0"/>
  </cim:DCTerminal>
  <cim:DCTerminal rdf:about="#_e32a67b6-c9de-427e-bbb7-dca09574eb9b">
    <cim:DCBaseTerminal.DCTopologicalNode rdf:resource="#_d5bba8a8-edad-43d7-bfee-531209b18cbb"/>
  </cim:DCTerminal>
  <cim:DCTerminal rdf:about="#_6c81ae32-e9b9-491b-858e-fbca03b8c9c9">
    <cim:DCBaseTerminal.DCTopologicalNode rdf:resource="#_42f66964-6212-489c-9104-312332810193"/>
  </cim:DCTerminal>
  <cim:DCTerminal rdf:about="#_8d52583b-1751-4431-91a9-91c0faaa1bc3">
    <cim:DCBaseTerminal.DCTopologicalNode rdf:resource="#_746072fb-38eb-4cb0-b21b-8334ae0a3706"/>
  </cim:DCTerminal>
  <cim:DCTerminal rdf:about="#_6939b3d9-2f07-46c0-9465-6ec4af021527">
    <cim:DCBaseTerminal.DCTopologicalNode rdf:resource="#_f4b08679-7c6f-4d3f-b03b-5f770c5c40af"/>
  </cim:DCTerminal>
  <cim:Terminal rdf:about="#_030ef54d-2d0b-46f0-afb5-17d9f075b384">
    <cim:Terminal.TopologicalNode rdf:resource="#_5cae357a-731f-4ab1-b133-4f90795206c7"/>
  </cim:Terminal>
  <cim:ACDCConverterDCTerminal rdf:about="#_1a88aff8-2458-4e30-879f-09e91ac96fbf">
    <cim:DCBaseTerminal.DCTopologicalNode rdf:resource="#_746072fb-38eb-4cb0-b21b-8334ae0a3706"/>
  </cim:ACDCConverterDCTerminal>
  <cim:ACDCConverterDCTerminal rdf:about="#_82a99295-c779-4164-af22-ed900537db0f">
    <cim:DCBaseTerminal.DCTopologicalNode rdf:resource="#_42f66964-6212-489c-9104-312332810193"/>
  </cim:ACDCConverterDCTerminal>
  <cim:Terminal rdf:about="#_60ae75d9-c5ac-44a4-b767-2492160acee4">
    <cim:Terminal.TopologicalNode rdf:resource="#_f3c8e35e-744f-431a-8505-dfe3c275616a"/>
  </cim:Terminal>
  <cim:ACDCConverterDCTerminal rdf:about="#_e3134b15-8364-41cb-826a-461c5abb4a41">
    <cim:DCBaseTerminal.DCTopologicalNode rdf:resource="#_8995cef6-2c35-4fd9-b389-6d8fe77452c0"/>
  </cim:ACDCConverterDCTerminal>
  <cim:ACDCConverterDCTerminal rdf:about="#_35b5887e-9614-4a69-8553-622d390716bc">
    <cim:DCBaseTerminal.DCTopologicalNode rdf:resource="#_d5bba8a8-edad-43d7-bfee-531209b18cbb"/>
  </cim:ACDCConverterDCTerminal>
  <cim:Terminal rdf:about="#_3c6d83a3-b5f9-41a2-a3d9-cf15d903ed0a">
    <cim:Terminal.TopologicalNode rdf:resource="#_f70f6bad-eb8d-4b8f-8431-4ab93581514e"/>
  </cim:Terminal>
  <cim:Terminal rdf:about="#_ad794c0e-b9ec-420b-ada1-97680e3dde05">
    <cim:Terminal.TopologicalNode rdf:resource="#_f70f6bad-eb8d-4b8f-8431-4ab93581514e"/>
  </cim:Terminal>
  <cim:Terminal rdf:about="#_fa9e0f4d-8a2f-45e1-9e36-3611600d1c94">
    <cim:Terminal.TopologicalNode rdf:resource="#_e44141af-f1dc-44d3-bfa4-b674e5c953d7"/>
  </cim:Terminal>
  <cim:Terminal rdf:about="#_800ada75-8c8c-4568-aec5-20f799e45f3c">
    <cim:Terminal.TopologicalNode rdf:resource="#_f70f6bad-eb8d-4b8f-8431-4ab93581514e"/>
  </cim:Terminal>
  <cim:Terminal rdf:about="#_62fc0a4e-00aa-4bf7-b1a0-3a5b2c0b5492">
    <cim:Terminal.TopologicalNode rdf:resource="#_99b219f3-4593-428b-a4da-124a54630178"/>
  </cim:Terminal>
  <cim:Terminal rdf:about="#_65b8c937-9b25-4b9e-addf-602dbc1337f9">
    <cim:Terminal.TopologicalNode rdf:resource="#_a81d08ed-f51d-4538-8d1e-fb2d0dbd128e"/>
  </cim:Terminal>
  <cim:Terminal rdf:about="#_a1b46f53-86f1-497e-bf57-c3b6268bcd6c">
    <cim:Terminal.TopologicalNode rdf:resource="#_5c74cb26-ce2f-40c6-951d-89091eb781b6"/>
  </cim:Terminal>
  <cim:Terminal rdf:about="#_8f1c492f-a7cc-4160-9a14-54f1743e4850">
    <cim:Terminal.TopologicalNode rdf:resource="#_99b219f3-4593-428b-a4da-124a54630178"/>
  </cim:Terminal>
  <cim:Terminal rdf:about="#_302fe23a-f64d-41bd-8a81-78130433916d">
    <cim:Terminal.TopologicalNode rdf:resource="#_99b219f3-4593-428b-a4da-124a54630178"/>
  </cim:Terminal>
</rdf:RDF>
