<?xml version="1.0" encoding="utf-8"?>
<rdf:RDF xmlns:rdf="http://www.w3.org/1999/02/22-rdf-syntax-ns#" xmlns:cim="http://iec.ch/TC57/2013/CIM-schema-cim16#" xmlns:entsoe="http://entsoe.eu/CIM/SchemaExtension/3/1#" xmlns:md="http://iec.ch/TC57/61970-552/ModelDescription/1#">
  <md:FullModel rdf:about="urn:uuid:b3e13ff8-09a2-48c0-85b7-22f7c26b70cd">
    <md:Model.created>2014-10-24T16:21:09</md:Model.created>
    <md:Model.scenarioTime>2014-04-14T09:26:16</md:Model.scenarioTime>
    <md:Model.version>2</md:Model.version>
    <md:Model.DependentOn rdf:resource="urn:uuid:65d992e3-d726-44f1-95bb-639b2342283e"/>
    <md:Model.DependentOn rdf:resource="urn:uuid:aecd2eb0-f3d9-4244-99aa-3fc7e6ddf117"/>
    <md:Model.DependentOn rdf:resource="urn:uuid:2399cbd1-9a39-11e0-aa80-0800200c9a66"/>
    <md:Model.description>CGMES Conformity Assessment: 'MicroGridTestConfiguration....T3 (MAS BE) Test Configuration. The model is owned by ENTSO-E and is provided by ENTSO-E “as it is”. To the fullest extent permitted by law, ENTSO-E shall not be liable for any damages of any kind arising out of the use of the model (including any of its subsequent modifications). ENTSO-E neither warrants, nor represents that the use of the model will not infringe the rights of third parties. Any use of the model shall  include a reference to ENTSO-E. ENTSO-E web site is the only official source of information related to the model.</md:Model.description>
    <md:Model.modelingAuthoritySet>http://elia.be/CGMES/2.4.15</md:Model.modelingAuthoritySet>
    <md:Model.profile>http://entsoe.eu/CIM/StateVariables/4/1</md:Model.profile>
    <md:Model.Supersedes rdf:resource="urn:uuid:c2960b34-0a04-4cd1-9c4d-f3112d85ec6c"/>
  </md:FullModel>
  <cim:SvVoltage rdf:ID="_cc91af73-dc70-49a4-8bcf-8dd1dc4b9d75">
    <cim:SvVoltage.v>413.589732</cim:SvVoltage.v>
    <cim:SvVoltage.angle>-6.665390</cim:SvVoltage.angle>
    <cim:SvVoltage.TopologicalNode rdf:resource="#_e44141af-f1dc-44d3-bfa4-b674e5c953d7"/>
  </cim:SvVoltage>
  <cim:SvVoltage rdf:ID="_87733a42-3ecf-4199-9369-3db9af98382d">
    <cim:SvVoltage.v>126.332508</cim:SvVoltage.v>
    <cim:SvVoltage.angle>-12.196600</cim:SvVoltage.angle>
    <cim:SvVoltage.TopologicalNode rdf:resource="#_d3d9c515-2ddb-436a-bf17-2f8be2394de3"/>
  </cim:SvVoltage>
  <cim:SvVoltage rdf:ID="_edf9015e-a78c-481f-babe-6310c568a51f">
    <cim:SvVoltage.v>126.387329</cim:SvVoltage.v>
    <cim:SvVoltage.angle>-4.880770</cim:SvVoltage.angle>
    <cim:SvVoltage.TopologicalNode rdf:resource="#_27d57afa-6c9d-4b06-93ea-8c88d14af8b1"/>
  </cim:SvVoltage>
  <cim:SvVoltage rdf:ID="_8a3b70d7-db97-4300-8324-1c2620255159">
    <cim:SvVoltage.v>226.033049</cim:SvVoltage.v>
    <cim:SvVoltage.angle>-8.267930</cim:SvVoltage.angle>
    <cim:SvVoltage.TopologicalNode rdf:resource="#_99b219f3-4593-428b-a4da-124a54630178"/>
  </cim:SvVoltage>
  <cim:SvVoltage rdf:ID="_c89a9413-8ea8-4ee3-9a72-3009476818b0">
    <cim:SvVoltage.v>411.500287</cim:SvVoltage.v>
    <cim:SvVoltage.angle>-6.474900</cim:SvVoltage.angle>
    <cim:SvVoltage.TopologicalNode rdf:resource="#_f03d65b2a51049ffa533e433721145c1"/>
  </cim:SvVoltage>
  <cim:SvVoltage rdf:ID="_6d8d7585-6945-40c7-a0a2-200cfc821873">
    <cim:SvVoltage.v>413.215265</cim:SvVoltage.v>
    <cim:SvVoltage.angle>-6.634090</cim:SvVoltage.angle>
    <cim:SvVoltage.TopologicalNode rdf:resource="#_9d25a1f9e5d14d47b6dcde99c4380b40"/>
  </cim:SvVoltage>
  <cim:SvVoltage rdf:ID="_5bf49160-99ae-4824-970d-738409bb9199">
    <cim:SvVoltage.v>411.770499</cim:SvVoltage.v>
    <cim:SvVoltage.angle>-6.486570</cim:SvVoltage.angle>
    <cim:SvVoltage.TopologicalNode rdf:resource="#_d4affe50316740bdbbf4ae9c7cbf3cfd"/>
  </cim:SvVoltage>
  <cim:SvVoltage rdf:ID="_ae7b5f13-11a1-4518-b93c-4c62a9bb646b">
    <cim:SvVoltage.v>226.006478</cim:SvVoltage.v>
    <cim:SvVoltage.angle>-6.149480</cim:SvVoltage.angle>
    <cim:SvVoltage.TopologicalNode rdf:resource="#_8d7bad8bcc634e0796e362390d9040b6"/>
  </cim:SvVoltage>
  <cim:SvVoltage rdf:ID="_bf99f27f-5ccb-4527-8cc4-73057d3b87bb">
    <cim:SvVoltage.v>225.471858</cim:SvVoltage.v>
    <cim:SvVoltage.angle>-6.216820</cim:SvVoltage.angle>
    <cim:SvVoltage.TopologicalNode rdf:resource="#_1fa19c281c8f4e1eaad9e1cab70f923e"/>
  </cim:SvVoltage>
  <cim:SvVoltage rdf:ID="_edfa997e-49a2-4cc6-a697-553f816ac54c">
    <cim:SvVoltage.v>225.622398</cim:SvVoltage.v>
    <cim:SvVoltage.angle>-8.751450</cim:SvVoltage.angle>
    <cim:SvVoltage.TopologicalNode rdf:resource="#_3aad8a0b-d1d4-4ee2-9690-4c7106be4530"/>
  </cim:SvVoltage>
  <cim:SvVoltage rdf:ID="_01402cee-dc65-4ea9-b700-58ef0b5d61ab">
    <cim:SvVoltage.v>226.136561</cim:SvVoltage.v>
    <cim:SvVoltage.angle>-8.260120</cim:SvVoltage.angle>
    <cim:SvVoltage.TopologicalNode rdf:resource="#_902e51fc-8487-4d9d-ba3a-7dcfcfeef4d1"/>
  </cim:SvVoltage>
  <cim:SvVoltage rdf:ID="_75204f18-c973-4be3-b82f-d9b188f8968e">
    <cim:SvVoltage.v>225.658343</cim:SvVoltage.v>
    <cim:SvVoltage.angle>-8.734640</cim:SvVoltage.angle>
    <cim:SvVoltage.TopologicalNode rdf:resource="#_f70f6bad-eb8d-4b8f-8431-4ab93581514e"/>
  </cim:SvVoltage>
  <cim:SvVoltage rdf:ID="_7f88e2bc-dcad-4752-821d-237a36c2d399">
    <cim:SvVoltage.v>10.795720</cim:SvVoltage.v>
    <cim:SvVoltage.angle>-6.212020</cim:SvVoltage.angle>
    <cim:SvVoltage.TopologicalNode rdf:resource="#_a81d08ed-f51d-4538-8d1e-fb2d0dbd128e"/>
  </cim:SvVoltage>
  <cim:SvVoltage rdf:ID="_7e714dea-3758-4679-85c2-bc0033f70233">
    <cim:SvVoltage.v>21.987000</cim:SvVoltage.v>
    <cim:SvVoltage.angle>-6.320160</cim:SvVoltage.angle>
    <cim:SvVoltage.TopologicalNode rdf:resource="#_f96d552a-618d-4d0c-a39a-2dea3c411dee"/>
  </cim:SvVoltage>
  <cim:SvVoltage rdf:ID="_da832405-7710-422c-870a-cfd65ec51a9a">
    <cim:SvVoltage.v>115.500000</cim:SvVoltage.v>
    <cim:SvVoltage.angle>-8.632430</cim:SvVoltage.angle>
    <cim:SvVoltage.TopologicalNode rdf:resource="#_5c74cb26-ce2f-40c6-951d-89091eb781b6"/>
  </cim:SvVoltage>
  <cim:SvPowerFlow rdf:ID="_3956717f-685e-49d8-8a83-b12879070d52">
    <cim:SvPowerFlow.p>-33.718508</cim:SvPowerFlow.p>
    <cim:SvPowerFlow.q>2.598975</cim:SvPowerFlow.q>
    <cim:SvPowerFlow.Terminal rdf:resource="#_4a7363a4-0b21-4f65-8bba-33e3a8f6bac3"/>
  </cim:SvPowerFlow>
  <cim:SvPowerFlow rdf:ID="_7aefdde5-9278-45be-9e83-afc0e5d4832a">
    <cim:SvPowerFlow.p>-34.542367</cim:SvPowerFlow.p>
    <cim:SvPowerFlow.q>1.292361</cim:SvPowerFlow.q>
    <cim:SvPowerFlow.Terminal rdf:resource="#_d238885e-d9b6-4edc-8567-6a68c605ed67"/>
  </cim:SvPowerFlow>
  <cim:SvPowerFlow rdf:ID="_da2fc6b1-c91f-46af-9645-71616c284b96">
    <cim:SvPowerFlow.p>-40.273274</cim:SvPowerFlow.p>
    <cim:SvPowerFlow.q>83.928997</cim:SvPowerFlow.q>
    <cim:SvPowerFlow.Terminal rdf:resource="#_c41978db-794b-4bae-953e-60fc519e87dd"/>
  </cim:SvPowerFlow>
  <cim:SvPowerFlow rdf:ID="_a4d7db8d-267b-4bb3-9ab5-0143b8a0cd3b">
    <cim:SvPowerFlow.p>-43.627121</cim:SvPowerFlow.p>
    <cim:SvPowerFlow.q>78.432952</cim:SvPowerFlow.q>
    <cim:SvPowerFlow.Terminal rdf:resource="#_53072f42-f77b-47e2-bd9a-e097c910b173"/>
  </cim:SvPowerFlow>
  <cim:SvPowerFlow rdf:ID="_f1d8c6c3-3b3c-448a-8a6b-04ca94ca4ab5">
    <cim:SvPowerFlow.p>-83.922866</cim:SvPowerFlow.p>
    <cim:SvPowerFlow.q>147.271512</cim:SvPowerFlow.q>
    <cim:SvPowerFlow.Terminal rdf:resource="#_b9539c41-d114-4280-8a54-8ecec398091e"/>
  </cim:SvPowerFlow>
  <cim:SvPowerFlow rdf:ID="_75f89173-1cda-49ce-b335-a03f5abd9429">
    <cim:SvPowerFlow.p>1.000000</cim:SvPowerFlow.p>
    <cim:SvPowerFlow.q>0e+000</cim:SvPowerFlow.q>
    <cim:SvPowerFlow.Terminal rdf:resource="#_b9376bea-c75d-49f3-94ca-6a71fa0086a5"/>
  </cim:SvPowerFlow>
  <cim:SvPowerFlow rdf:ID="_828260a2-2c22-4070-9095-c0abdcdee2fd">
    <cim:SvPowerFlow.p>200.000000</cim:SvPowerFlow.p>
    <cim:SvPowerFlow.q>50.000000</cim:SvPowerFlow.q>
    <cim:SvPowerFlow.Terminal rdf:resource="#_a036b765-1669-4f64-acd3-1e8fbd513312"/>
  </cim:SvPowerFlow>
  <cim:SvPowerFlow rdf:ID="_baed45e1-66ea-4a6d-9f77-983673bfdf5d">
    <cim:SvPowerFlow.p>200.000000</cim:SvPowerFlow.p>
    <cim:SvPowerFlow.q>90.000000</cim:SvPowerFlow.q>
    <cim:SvPowerFlow.Terminal rdf:resource="#_cbdf1842-74ed-4fce-a5d4-0296c82cbc92"/>
  </cim:SvPowerFlow>
  <cim:SvPowerFlow rdf:ID="_358ca936-2836-48f9-a9d2-b3dd087fea90">
    <cim:SvPowerFlow.p>-118.000000</cim:SvPowerFlow.p>
    <cim:SvPowerFlow.q>-68.351957</cim:SvPowerFlow.q>
    <cim:SvPowerFlow.Terminal rdf:resource="#_4bb5407b-b4a5-416c-80ad-1a778ada2b9b"/>
  </cim:SvPowerFlow>
  <cim:SvPowerFlow rdf:ID="_1329d59e-24e5-4185-a036-b18f948ede06">
    <cim:SvPowerFlow.p>-90.000000</cim:SvPowerFlow.p>
    <cim:SvPowerFlow.q>103.893000</cim:SvPowerFlow.q>
    <cim:SvPowerFlow.Terminal rdf:resource="#_beffa353-7d10-421d-9c08-036b744b1cee"/>
  </cim:SvPowerFlow>
  <cim:SvPowerFlow rdf:ID="_2fefabd9-6303-4d5e-bb47-b41c7701b92b">
    <cim:SvPowerFlow.p>0e+000</cim:SvPowerFlow.p>
    <cim:SvPowerFlow.q>-42.070633</cim:SvPowerFlow.q>
    <cim:SvPowerFlow.Terminal rdf:resource="#_dd972655-21d1-46fd-bc5f-ff242f60867c"/>
  </cim:SvPowerFlow>
  <cim:SvPowerFlow rdf:ID="_089c5631-b550-49f2-959b-578b0e21e5d6">
    <cim:SvPowerFlow.p>0e+000</cim:SvPowerFlow.p>
    <cim:SvPowerFlow.q>-126.787790</cim:SvPowerFlow.q>
    <cim:SvPowerFlow.Terminal rdf:resource="#_fe727d32-5757-492a-8eec-36eb0f23e698"/>
  </cim:SvPowerFlow>
  <cim:SvPowerFlow rdf:ID="_619a7272-af7d-49b8-ba4e-4b1766d925a1">
    <cim:SvPowerFlow.p>1.184602</cim:SvPowerFlow.p>
    <cim:SvPowerFlow.q>-59.230078</cim:SvPowerFlow.q>
    <cim:SvPowerFlow.Terminal rdf:resource="#_22af3121-1a66-4546-bd80-4371f417c644"/>
  </cim:SvPowerFlow>
  <cim:SvPowerFlow rdf:ID="_3a1f6bf4-c9c9-4315-94d1-c69ca544784a">
    <cim:SvPowerFlow.p>0e+000</cim:SvPowerFlow.p>
    <cim:SvPowerFlow.q>-330.750000</cim:SvPowerFlow.q>
    <cim:SvPowerFlow.Terminal rdf:resource="#_d5e2e58e-ccf6-47d9-b3bb-3088eb7a9b6c"/>
  </cim:SvPowerFlow>
  <cim:SvTapStep rdf:ID="_9560a16d-67e5-4262-857f-82c20808d074">
    <cim:SvTapStep.position>7</cim:SvTapStep.position>
    <cim:SvTapStep.TapChanger rdf:resource="#_641b8688-b0bc-49c3-9a49-f129851deb4c"/>
  </cim:SvTapStep>
  <cim:SvTapStep rdf:ID="_e0f35976-2686-4163-8b56-88b93f6c87ef">
    <cim:SvTapStep.position>7</cim:SvTapStep.position>
    <cim:SvTapStep.TapChanger rdf:resource="#_2aa13bb2-8bcd-4f98-b2ce-c3c444e1d2f0"/>
  </cim:SvTapStep>
  <cim:SvTapStep rdf:ID="_9131106d-06c2-4945-8116-4ea997eec719">
    <cim:SvTapStep.position>21</cim:SvTapStep.position>
    <cim:SvTapStep.TapChanger rdf:resource="#_83cc66dd-8d93-4a2c-8103-f1f5a9cf7e2e"/>
  </cim:SvTapStep>
  <cim:SvTapStep rdf:ID="_ee44f2b5-8ae3-4bec-bfb9-c41d86a5ec88">
    <cim:SvTapStep.position>10</cim:SvTapStep.position>
    <cim:SvTapStep.TapChanger rdf:resource="#_955d9cd0-4a10-4031-b008-60c0dc340a07"/>
  </cim:SvTapStep>
  <cim:SvTapStep rdf:ID="_a798481e-798d-4b15-b644-26c800c3eb67">
    <cim:SvTapStep.position>15</cim:SvTapStep.position>
    <cim:SvTapStep.TapChanger rdf:resource="#_6ebbef67-3061-4236-a6fd-6ccc4595f6c3"/>
  </cim:SvTapStep>
  <cim:SvTapStep rdf:ID="_5fe7eac4-e22b-41d5-bd63-722a04ceaa67">
    <cim:SvTapStep.position>17</cim:SvTapStep.position>
    <cim:SvTapStep.TapChanger rdf:resource="#_fe25f43a-7341-446e-a71a-8ab7119ba806"/>
  </cim:SvTapStep>
  <cim:SvShuntCompensatorSections rdf:ID="_8798fb82-6984-411b-b632-82da56320db0">
    <cim:SvShuntCompensatorSections.sections>1</cim:SvShuntCompensatorSections.sections>
    <cim:SvShuntCompensatorSections.ShuntCompensator rdf:resource="#_8c5c883a-f50d-4a79-8d74-de61226830bb"/>
  </cim:SvShuntCompensatorSections>
  <cim:SvShuntCompensatorSections rdf:ID="_d4e9a3e4-ad9e-452f-82bb-86a7a20210a9">
    <cim:SvShuntCompensatorSections.sections>1</cim:SvShuntCompensatorSections.sections>
    <cim:SvShuntCompensatorSections.ShuntCompensator rdf:resource="#_9c4a23bf-385a-4e61-99ca-a84ffa749b29"/>
  </cim:SvShuntCompensatorSections>
  <cim:SvShuntCompensatorSections rdf:ID="_7a84a1a8-ee56-41d3-8ff2-c4ba7aef3337">
    <cim:SvShuntCompensatorSections.sections>1</cim:SvShuntCompensatorSections.sections>
    <cim:SvShuntCompensatorSections.ShuntCompensator rdf:resource="#_002b0a40-3957-46db-b84a-30420083558f"/>
  </cim:SvShuntCompensatorSections>
  <cim:SvShuntCompensatorSections rdf:ID="_4e9984d3-8364-4a72-93bd-fb193b85f56b">
    <cim:SvShuntCompensatorSections.sections>1</cim:SvShuntCompensatorSections.sections>
    <cim:SvShuntCompensatorSections.ShuntCompensator rdf:resource="#_d771118f-36e9-4115-a128-cc3d9ce3e3da"/>
  </cim:SvShuntCompensatorSections>
  <cim:CsConverter rdf:about="#_bdda44e8-7177-4cbc-931d-c879f3723635">
    <cim:CsConverter.alpha>144.091321</cim:CsConverter.alpha>
    <cim:CsConverter.gamma>28.298917</cim:CsConverter.gamma>
    <cim:ACDCConverter.uc>126.387329</cim:ACDCConverter.uc>
    <cim:ACDCConverter.udc>150.000000</cim:ACDCConverter.udc>
    <cim:ACDCConverter.poleLossP>0.311637</cim:ACDCConverter.poleLossP>
    <cim:ACDCConverter.idc>500.000000</cim:ACDCConverter.idc>
  </cim:CsConverter>
  <cim:CsConverter rdf:about="#_6a6ee7e4-98d3-4c36-b3f8-6c398f8b6a35">
    <cim:CsConverter.alpha>26.278693</cim:CsConverter.alpha>
    <cim:CsConverter.gamma>145.685567</cim:CsConverter.gamma>
    <cim:ACDCConverter.uc>126.332508</cim:ACDCConverter.uc>
    <cim:ACDCConverter.udc>151.250000</cim:ACDCConverter.udc>
    <cim:ACDCConverter.poleLossP>0.311636</cim:ACDCConverter.poleLossP>
    <cim:ACDCConverter.idc>500.000000</cim:ACDCConverter.idc>
  </cim:CsConverter>
</rdf:RDF>
