<?xml version="1.0" encoding="utf-8"?>
<rdf:RDF xmlns:rdf="http://www.w3.org/1999/02/22-rdf-syntax-ns#" xmlns:cim="http://iec.ch/TC57/2013/CIM-schema-cim16#" xmlns:entsoe="http://entsoe.eu/CIM/SchemaExtension/3/1#" xmlns:md="http://iec.ch/TC57/61970-552/ModelDescription/1#">
  <md:FullModel rdf:about="urn:uuid:2be984ea-ef19-4b90-9349-437e0bd45c21">
    <md:Model.created>2014-10-24T14:27:49</md:Model.created>
    <md:Model.scenarioTime>2014-10-24T12:02:49</md:Model.scenarioTime>
    <md:Model.version>2</md:Model.version>
    <md:Model.DependentOn rdf:resource="urn:uuid:ec68a1f1-2396-4d6c-9479-716fd328e05f"/>
    <md:Model.DependentOn rdf:resource="urn:uuid:2399cbd1-9a39-11e0-aa80-0800200c9a66"/>
    <md:Model.DependentOn rdf:resource="urn:uuid:3a4b6367-7c3e-4946-a1a1-c3a43c58fad3"/>
    <md:Model.description>CGMES Conformity Assessment: 'MicroGridTestConfiguration....T1(MAS NL) Test Configuration. The model is owned by ENTSO-E and is provided by ENTSO-E “as it is”. To the fullest extent permitted by law, ENTSO-E shall not be liable for any damages of any kind arising out of the use of the model (including any of its subsequent modifications). ENTSO-E neither warrants, nor represents that the use of the model will not infringe the rights of third parties. Any use of the model shall  include a reference to ENTSO-E. ENTSO-E web site is the only official source of information related to the model.</md:Model.description>
    <md:Model.modelingAuthoritySet>http://tennet.nl/CGMES/2.4.15</md:Model.modelingAuthoritySet>
    <md:Model.profile>http://entsoe.eu/CIM/StateVariables/4/1</md:Model.profile>
    <md:Model.Supersedes rdf:resource="urn:uuid:01b2376f-f18c-4ad8-bc37-bf31dc348dc4"/>
  </md:FullModel>
  <cim:SvVoltage rdf:ID="_8d5ed1a5-6f5d-46b1-a522-e7ff1eec11d7">
    <cim:SvVoltage.v>16.033500</cim:SvVoltage.v>
    <cim:SvVoltage.angle>0e+000</cim:SvVoltage.angle>
    <cim:SvVoltage.TopologicalNode rdf:resource="#_97d7d14a-7294-458f-a8d7-024700a08717"/>
  </cim:SvVoltage>
  <cim:SvVoltage rdf:ID="_a41077a7-e33b-4b60-890a-ad83cae5b936">
    <cim:SvVoltage.v>16.017750</cim:SvVoltage.v>
    <cim:SvVoltage.angle>-1.716110</cim:SvVoltage.angle>
    <cim:SvVoltage.TopologicalNode rdf:resource="#_6bdc33de-d027-49b7-b98f-3b3d87716615"/>
  </cim:SvVoltage>
  <cim:SvVoltage rdf:ID="_f6ca6971-21c0-4177-ae98-98004a79aed7">
    <cim:SvVoltage.v>410.881757</cim:SvVoltage.v>
    <cim:SvVoltage.angle>-6.584290</cim:SvVoltage.angle>
    <cim:SvVoltage.TopologicalNode rdf:resource="#_f03d65b2a51049ffa533e433721145c1"/>
  </cim:SvVoltage>
  <cim:SvVoltage rdf:ID="_9f4f0f42-3236-424f-9727-78e5abb12a62">
    <cim:SvVoltage.v>412.611575</cim:SvVoltage.v>
    <cim:SvVoltage.angle>-6.755170</cim:SvVoltage.angle>
    <cim:SvVoltage.TopologicalNode rdf:resource="#_9d25a1f9e5d14d47b6dcde99c4380b40"/>
  </cim:SvVoltage>
  <cim:SvVoltage rdf:ID="_a8da526f-ef54-4b5e-97d6-e24e10626b95">
    <cim:SvVoltage.v>411.151687</cim:SvVoltage.v>
    <cim:SvVoltage.angle>-6.595950</cim:SvVoltage.angle>
    <cim:SvVoltage.TopologicalNode rdf:resource="#_d4affe50316740bdbbf4ae9c7cbf3cfd"/>
  </cim:SvVoltage>
  <cim:SvVoltage rdf:ID="_a88d32d2-b078-4adf-a4be-dbf4130f1284">
    <cim:SvVoltage.v>225.496236</cim:SvVoltage.v>
    <cim:SvVoltage.angle>-5.585730</cim:SvVoltage.angle>
    <cim:SvVoltage.TopologicalNode rdf:resource="#_8d7bad8bcc634e0796e362390d9040b6"/>
  </cim:SvVoltage>
  <cim:SvVoltage rdf:ID="_acc1bb95-dac8-406e-98ab-0035c30fc714">
    <cim:SvVoltage.v>225.126196</cim:SvVoltage.v>
    <cim:SvVoltage.angle>-3.491940</cim:SvVoltage.angle>
    <cim:SvVoltage.TopologicalNode rdf:resource="#_795a117d-7caf-4fc2-a8d9-dc8f4cf2344a"/>
  </cim:SvVoltage>
  <cim:SvVoltage rdf:ID="_3fce5759-785a-4b8a-82ef-f638618dba79">
    <cim:SvVoltage.v>224.965529</cim:SvVoltage.v>
    <cim:SvVoltage.angle>-5.644090</cim:SvVoltage.angle>
    <cim:SvVoltage.TopologicalNode rdf:resource="#_1fa19c281c8f4e1eaad9e1cab70f923e"/>
  </cim:SvVoltage>
  <cim:SvVoltage rdf:ID="_a740df88-3386-4d29-9f77-753341e82d6e">
    <cim:SvVoltage.v>225.126196</cim:SvVoltage.v>
    <cim:SvVoltage.angle>-3.491940</cim:SvVoltage.angle>
    <cim:SvVoltage.TopologicalNode rdf:resource="#_afddd60d-f7e6-419a-a5c2-be28d29beaf9"/>
  </cim:SvVoltage>
  <cim:SvVoltage rdf:ID="_bc0e0337-4b04-4c90-a7a3-1f285eed0777">
    <cim:SvVoltage.v>408.617263</cim:SvVoltage.v>
    <cim:SvVoltage.angle>-6.361820</cim:SvVoltage.angle>
    <cim:SvVoltage.TopologicalNode rdf:resource="#_81b0e447-181e-4aec-8921-f1dd7813bebc"/>
  </cim:SvVoltage>
  <cim:SvPowerFlow rdf:ID="_622781ad-20c2-4d44-9b4f-4a31c10a51f7">
    <cim:SvPowerFlow.p>43.805750</cim:SvPowerFlow.p>
    <cim:SvPowerFlow.q>-84.896230</cim:SvPowerFlow.q>
    <cim:SvPowerFlow.Terminal rdf:resource="#_f970233f-b573-49d9-9fc3-3a2a59ed3bbb"/>
  </cim:SvPowerFlow>
  <cim:SvPowerFlow rdf:ID="_a3a729d2-640c-4f58-bf18-8003307361f4">
    <cim:SvPowerFlow.p>27.396260</cim:SvPowerFlow.p>
    <cim:SvPowerFlow.q>-0.427170</cim:SvPowerFlow.q>
    <cim:SvPowerFlow.Terminal rdf:resource="#_24dd035c-0a8c-4351-aeb2-08d6622b42ae"/>
  </cim:SvPowerFlow>
  <cim:SvPowerFlow rdf:ID="_6b423ed5-bae9-42cb-9372-4fe5cf055e3f">
    <cim:SvPowerFlow.p>26.834974</cim:SvPowerFlow.p>
    <cim:SvPowerFlow.q>-1.492525</cim:SvPowerFlow.q>
    <cim:SvPowerFlow.Terminal rdf:resource="#_26e50b4b-9a19-420d-98ce-bc4f11971cd7"/>
  </cim:SvPowerFlow>
  <cim:SvPowerFlow rdf:ID="_f703b608-7ecf-42c2-a61f-814ed66c2adc">
    <cim:SvPowerFlow.p>90.248679</cim:SvPowerFlow.p>
    <cim:SvPowerFlow.q>-148.627050</cim:SvPowerFlow.q>
    <cim:SvPowerFlow.Terminal rdf:resource="#_f48d48c7-e9f6-460c-898f-cc68a96efdeb"/>
  </cim:SvPowerFlow>
  <cim:SvPowerFlow rdf:ID="_d79559f1-0db7-4ae6-a541-4f92c8703d61">
    <cim:SvPowerFlow.p>46.927400</cim:SvPowerFlow.p>
    <cim:SvPowerFlow.q>-79.208187</cim:SvPowerFlow.q>
    <cim:SvPowerFlow.Terminal rdf:resource="#_39d27c17-1e5b-4edc-a7ec-65a2d56542df"/>
  </cim:SvPowerFlow>
  <cim:SvPowerFlow rdf:ID="_27c585dd-e84c-4549-bc5b-9e644436a30a">
    <cim:SvPowerFlow.p>488.264846</cim:SvPowerFlow.p>
    <cim:SvPowerFlow.q>231.607761</cim:SvPowerFlow.q>
    <cim:SvPowerFlow.Terminal rdf:resource="#_fab54e9c-b12e-4e47-a9f2-fec4ef96c0c0"/>
  </cim:SvPowerFlow>
  <cim:SvPowerFlow rdf:ID="_9031fc14-ff5d-44f0-b6ff-05b46a3ff652">
    <cim:SvPowerFlow.p>10.000000</cim:SvPowerFlow.p>
    <cim:SvPowerFlow.q>10.000000</cim:SvPowerFlow.q>
    <cim:SvPowerFlow.Terminal rdf:resource="#_6dad1a97-6874-4206-a5a5-837e495325f8"/>
  </cim:SvPowerFlow>
  <cim:SvPowerFlow rdf:ID="_636ba86c-1c58-4f36-985e-11666ab6f7b8">
    <cim:SvPowerFlow.p>90.000000</cim:SvPowerFlow.p>
    <cim:SvPowerFlow.q>280.000000</cim:SvPowerFlow.q>
    <cim:SvPowerFlow.Terminal rdf:resource="#_f461fd2d-1e41-4a3e-8213-7cc33c77a089"/>
  </cim:SvPowerFlow>
  <cim:SvPowerFlow rdf:ID="_cad54ba8-0284-49b0-bca0-8d629bd87c10">
    <cim:SvPowerFlow.p>-140.000000</cim:SvPowerFlow.p>
    <cim:SvPowerFlow.q>26.673136</cim:SvPowerFlow.q>
    <cim:SvPowerFlow.Terminal rdf:resource="#_ae4b7cbe-349a-41c8-ace2-25ec26f14a64"/>
  </cim:SvPowerFlow>
  <cim:SvPowerFlow rdf:ID="_068d2268-c46b-4c72-9ab9-ac1f8a7d26fb">
    <cim:SvPowerFlow.p>-150.000000</cim:SvPowerFlow.p>
    <cim:SvPowerFlow.q>26.673136</cim:SvPowerFlow.q>
    <cim:SvPowerFlow.Terminal rdf:resource="#_f04ecab5-1a12-4cc0-ba56-b157ebf11a42"/>
  </cim:SvPowerFlow>
  <cim:SvPowerFlow rdf:ID="_7f1d318d-5d22-4d02-9934-c2ebbe70a6a4">
    <cim:SvPowerFlow.p>-557.219230</cim:SvPowerFlow.p>
    <cim:SvPowerFlow.q>-249.237250</cim:SvPowerFlow.q>
    <cim:SvPowerFlow.Terminal rdf:resource="#_faab7959-f9bf-421b-bc3f-d364e0c1388b"/>
  </cim:SvPowerFlow>
  <cim:SvPowerFlow rdf:ID="_f18c2d9d-455a-4d75-a9d0-284b7a63a902">
    <cim:SvPowerFlow.p>0e+000</cim:SvPowerFlow.p>
    <cim:SvPowerFlow.q>-52.177521</cim:SvPowerFlow.q>
    <cim:SvPowerFlow.Terminal rdf:resource="#_a015f692-3fc5-4ec3-8d1d-977c7b499e7c"/>
  </cim:SvPowerFlow>
  <cim:SvTapStep rdf:ID="_bdf4467e-b112-4015-b29d-5960e15fabf8">
    <cim:SvTapStep.position>-2</cim:SvTapStep.position>
    <cim:SvTapStep.TapChanger rdf:resource="#_c1d5c14b8f8011e08e4d00247eb1f55e"/>
  </cim:SvTapStep>
  <cim:SvTapStep rdf:ID="_aa14ba28-7199-4649-9584-432c64059f08">
    <cim:SvTapStep.position>17</cim:SvTapStep.position>
    <cim:SvTapStep.TapChanger rdf:resource="#_c1d5c1588f8011e08e4d00247eb1f55e"/>
  </cim:SvTapStep>
  <cim:SvTapStep rdf:ID="_45dbb3ce-54ab-401b-986e-a1d792cca17f">
    <cim:SvTapStep.position>5</cim:SvTapStep.position>
    <cim:SvTapStep.TapChanger rdf:resource="#_c1d5c1658f8011e08e4d00247eb1f55e"/>
  </cim:SvTapStep>
  <cim:SvShuntCompensatorSections rdf:ID="_cae0b083-b755-4535-92fd-038d1a8bfcc7">
    <cim:SvShuntCompensatorSections.sections>1</cim:SvShuntCompensatorSections.sections>
    <cim:SvShuntCompensatorSections.ShuntCompensator rdf:resource="#_fbfed7e3-3dec-4829-a286-029e73535685"/>
  </cim:SvShuntCompensatorSections>
  <cim:TopologicalIsland rdf:ID="_79c4496b-9523-4016-ba35-7ce1ab82fbff">
    <cim:IdentifiedObject.name>Slack</cim:IdentifiedObject.name>
    <cim:TopologicalIsland.AngleRefTopologicalNode rdf:resource="#_97d7d14a-7294-458f-a8d7-024700a08717"/>
    <cim:TopologicalIsland.TopologicalNodes rdf:resource="#_97d7d14a-7294-458f-a8d7-024700a08717"/>
    <cim:TopologicalIsland.TopologicalNodes rdf:resource="#_6bdc33de-d027-49b7-b98f-3b3d87716615"/>
    <cim:TopologicalIsland.TopologicalNodes rdf:resource="#_795a117d-7caf-4fc2-a8d9-dc8f4cf2344a"/>
    <cim:TopologicalIsland.TopologicalNodes rdf:resource="#_afddd60d-f7e6-419a-a5c2-be28d29beaf9"/>
    <cim:TopologicalIsland.TopologicalNodes rdf:resource="#_81b0e447-181e-4aec-8921-f1dd7813bebc"/>
  </cim:TopologicalIsland>
</rdf:RDF>
