<?xml version="1.0" encoding="utf-8"?>
<rdf:RDF xmlns:rdf="http://www.w3.org/1999/02/22-rdf-syntax-ns#" xmlns:cim="http://iec.ch/TC57/2013/CIM-schema-cim16#" xmlns:entsoe="http://entsoe.eu/CIM/SchemaExtension/3/1#" xmlns:md="http://iec.ch/TC57/61970-552/ModelDescription/1#">
  <md:FullModel rdf:about="urn:uuid:513bb80b-de65-413a-ac36-ee5ac0f72f4b">
    <md:Model.created>2014-10-24T14:27:49</md:Model.created>
    <md:Model.scenarioTime>2014-10-24T12:02:49</md:Model.scenarioTime>
    <md:Model.version>2</md:Model.version>
    <md:Model.DependentOn rdf:resource="urn:uuid:2399cbd0-9a39-11e0-aa80-0800200c9a66"/>
    <md:Model.DependentOn rdf:resource="urn:uuid:ec68a1f1-2396-4d6c-9479-716fd328e05f"/>
    <md:Model.description>CGMES Conformity Assessment: 'MicroGridTestConfiguration....T1(MAS NL) Test Configuration. The model is owned by ENTSO-E and is provided by ENTSO-E “as it is”. To the fullest extent permitted by law, ENTSO-E shall not be liable for any damages of any kind arising out of the use of the model (including any of its subsequent modifications). ENTSO-E neither warrants, nor represents that the use of the model will not infringe the rights of third parties. Any use of the model shall  include a reference to ENTSO-E. ENTSO-E web site is the only official source of information related to the model.</md:Model.description>
    <md:Model.modelingAuthoritySet>http://tennet.nl/CGMES/2.4.15</md:Model.modelingAuthoritySet>
    <md:Model.profile>http://entsoe.eu/CIM/GeographicalLocation/2/1</md:Model.profile>
    <md:Model.Supersedes rdf:resource="urn:uuid:4528b685-6ddc-471a-b8a2-8e77e6ec15f8"/>
  </md:FullModel>
  <cim:CoordinateSystem rdf:ID="_a30ae6ad-280e-4e77-b366-7a03d9204eb8">
    <cim:IdentifiedObject.name>WGS84</cim:IdentifiedObject.name>
    <cim:CoordinateSystem.crsUrn>urn:ogc:def:crs:EPSG::4326</cim:CoordinateSystem.crsUrn>
  </cim:CoordinateSystem>
  <cim:Location rdf:ID="_2bd4e52d-1acf-489b-9e1d-b73eff0b1d1a">
    <cim:Location.PowerSystemResources rdf:resource="#_c49942d6-8b01-4b01-b5e8-f1180f84906c"/>
    <cim:Location.CoordinateSystem rdf:resource="#_a30ae6ad-280e-4e77-b366-7a03d9204eb8"/>
  </cim:Location>
  <cim:PositionPoint rdf:ID="_1a04bce9-586e-45fe-a21b-baf11608e46c">
    <cim:PositionPoint.sequenceNumber>1</cim:PositionPoint.sequenceNumber>
    <cim:PositionPoint.Location rdf:resource="#_2bd4e52d-1acf-489b-9e1d-b73eff0b1d1a"/>
    <cim:PositionPoint.xPosition>4.846580</cim:PositionPoint.xPosition>
    <cim:PositionPoint.yPosition>52.404700</cim:PositionPoint.yPosition>
  </cim:PositionPoint>
  <cim:Location rdf:ID="_28a6a3e6-dcdc-4e8e-bed8-e5319777c42d">
    <cim:Location.PowerSystemResources rdf:resource="#_e8acf6b6-99cb-45ad-b8dc-16c7866a4ddc"/>
    <cim:Location.CoordinateSystem rdf:resource="#_a30ae6ad-280e-4e77-b366-7a03d9204eb8"/>
  </cim:Location>
  <cim:PositionPoint rdf:ID="_c26aad09-0e66-4ef6-b4c7-4043028d8ac0">
    <cim:PositionPoint.sequenceNumber>1</cim:PositionPoint.sequenceNumber>
    <cim:PositionPoint.Location rdf:resource="#_28a6a3e6-dcdc-4e8e-bed8-e5319777c42d"/>
    <cim:PositionPoint.xPosition>4.847440</cim:PositionPoint.xPosition>
    <cim:PositionPoint.yPosition>52.402700</cim:PositionPoint.yPosition>
  </cim:PositionPoint>
  <cim:PositionPoint rdf:ID="_57b39da9-9dae-4982-8113-00384a986a4f">
    <cim:PositionPoint.sequenceNumber>3</cim:PositionPoint.sequenceNumber>
    <cim:PositionPoint.Location rdf:resource="#_28a6a3e6-dcdc-4e8e-bed8-e5319777c42d"/>
    <cim:PositionPoint.xPosition>4.981250</cim:PositionPoint.xPosition>
    <cim:PositionPoint.yPosition>52.248300</cim:PositionPoint.yPosition>
  </cim:PositionPoint>
  <cim:PositionPoint rdf:ID="_0ca46723-2af6-4069-8183-cbd4cb7d0eb9">
    <cim:PositionPoint.sequenceNumber>5</cim:PositionPoint.sequenceNumber>
    <cim:PositionPoint.Location rdf:resource="#_28a6a3e6-dcdc-4e8e-bed8-e5319777c42d"/>
    <cim:PositionPoint.xPosition>5.047090</cim:PositionPoint.xPosition>
    <cim:PositionPoint.yPosition>52.069900</cim:PositionPoint.yPosition>
  </cim:PositionPoint>
  <cim:PositionPoint rdf:ID="_50badd14-5227-4931-8891-539569e275a5">
    <cim:PositionPoint.sequenceNumber>7</cim:PositionPoint.sequenceNumber>
    <cim:PositionPoint.Location rdf:resource="#_28a6a3e6-dcdc-4e8e-bed8-e5319777c42d"/>
    <cim:PositionPoint.xPosition>5.070580</cim:PositionPoint.xPosition>
    <cim:PositionPoint.yPosition>51.873100</cim:PositionPoint.yPosition>
  </cim:PositionPoint>
  <cim:Location rdf:ID="_cbd23821-3fe5-477f-b956-bb4eff0c41fc">
    <cim:Location.PowerSystemResources rdf:resource="#_8fdc7abd-3746-481a-a65e-3df56acd8b13"/>
    <cim:Location.CoordinateSystem rdf:resource="#_a30ae6ad-280e-4e77-b366-7a03d9204eb8"/>
  </cim:Location>
  <cim:PositionPoint rdf:ID="_9bfa58e6-93e5-4824-a1b3-c32c9edabb03">
    <cim:PositionPoint.sequenceNumber>1</cim:PositionPoint.sequenceNumber>
    <cim:PositionPoint.Location rdf:resource="#_cbd23821-3fe5-477f-b956-bb4eff0c41fc"/>
    <cim:PositionPoint.xPosition>4.848450</cim:PositionPoint.xPosition>
    <cim:PositionPoint.yPosition>52.402300</cim:PositionPoint.yPosition>
  </cim:PositionPoint>
  <cim:PositionPoint rdf:ID="_5c07f99d-0c4a-4f33-99ee-15db3c2a0b0e">
    <cim:PositionPoint.sequenceNumber>3</cim:PositionPoint.sequenceNumber>
    <cim:PositionPoint.Location rdf:resource="#_cbd23821-3fe5-477f-b956-bb4eff0c41fc"/>
    <cim:PositionPoint.xPosition>4.790040</cim:PositionPoint.xPosition>
    <cim:PositionPoint.yPosition>52.157100</cim:PositionPoint.yPosition>
  </cim:PositionPoint>
  <cim:PositionPoint rdf:ID="_5f326eaf-bce5-48d3-b786-e481cec4c3f2">
    <cim:PositionPoint.sequenceNumber>5</cim:PositionPoint.sequenceNumber>
    <cim:PositionPoint.Location rdf:resource="#_cbd23821-3fe5-477f-b956-bb4eff0c41fc"/>
    <cim:PositionPoint.xPosition>4.888920</cim:PositionPoint.xPosition>
    <cim:PositionPoint.yPosition>51.913800</cim:PositionPoint.yPosition>
  </cim:PositionPoint>
  <cim:PositionPoint rdf:ID="_0dfb1181-a75c-4827-99ad-faf674a256cd">
    <cim:PositionPoint.sequenceNumber>7</cim:PositionPoint.sequenceNumber>
    <cim:PositionPoint.Location rdf:resource="#_cbd23821-3fe5-477f-b956-bb4eff0c41fc"/>
    <cim:PositionPoint.xPosition>4.887980</cim:PositionPoint.xPosition>
    <cim:PositionPoint.yPosition>51.912700</cim:PositionPoint.yPosition>
  </cim:PositionPoint>
  <cim:Location rdf:ID="_7f915bbc-8a6e-4055-b7a1-84eff036b8cb">
    <cim:Location.PowerSystemResources rdf:resource="#_a279a3dc-550b-426c-af3a-61b7be508dcc"/>
    <cim:Location.CoordinateSystem rdf:resource="#_a30ae6ad-280e-4e77-b366-7a03d9204eb8"/>
  </cim:Location>
  <cim:PositionPoint rdf:ID="_109d47ce-92db-4d5f-bcca-812e57164824">
    <cim:PositionPoint.sequenceNumber>1</cim:PositionPoint.sequenceNumber>
    <cim:PositionPoint.Location rdf:resource="#_7f915bbc-8a6e-4055-b7a1-84eff036b8cb"/>
    <cim:PositionPoint.xPosition>4.848450</cim:PositionPoint.xPosition>
    <cim:PositionPoint.yPosition>52.402300</cim:PositionPoint.yPosition>
  </cim:PositionPoint>
  <cim:PositionPoint rdf:ID="_1992fe61-422f-428d-ba0f-bf12a31f05d0">
    <cim:PositionPoint.sequenceNumber>3</cim:PositionPoint.sequenceNumber>
    <cim:PositionPoint.Location rdf:resource="#_7f915bbc-8a6e-4055-b7a1-84eff036b8cb"/>
    <cim:PositionPoint.xPosition>4.790040</cim:PositionPoint.xPosition>
    <cim:PositionPoint.yPosition>52.157100</cim:PositionPoint.yPosition>
  </cim:PositionPoint>
  <cim:PositionPoint rdf:ID="_aefaad4a-54c4-4f10-9f2f-71114435d4bc">
    <cim:PositionPoint.sequenceNumber>5</cim:PositionPoint.sequenceNumber>
    <cim:PositionPoint.Location rdf:resource="#_7f915bbc-8a6e-4055-b7a1-84eff036b8cb"/>
    <cim:PositionPoint.xPosition>4.888920</cim:PositionPoint.xPosition>
    <cim:PositionPoint.yPosition>51.913800</cim:PositionPoint.yPosition>
  </cim:PositionPoint>
  <cim:Location rdf:ID="_a3f1bf76-e1df-4587-b107-9d39aac0ff69">
    <cim:Location.PowerSystemResources rdf:resource="#_dad02278-bd25-476f-8f58-dbe44be72586"/>
    <cim:Location.CoordinateSystem rdf:resource="#_a30ae6ad-280e-4e77-b366-7a03d9204eb8"/>
  </cim:Location>
  <cim:PositionPoint rdf:ID="_8f1e0098-c655-4ba4-84ad-32ced4bce9db">
    <cim:PositionPoint.sequenceNumber>1</cim:PositionPoint.sequenceNumber>
    <cim:PositionPoint.Location rdf:resource="#_a3f1bf76-e1df-4587-b107-9d39aac0ff69"/>
    <cim:PositionPoint.xPosition>4.847440</cim:PositionPoint.xPosition>
    <cim:PositionPoint.yPosition>52.402700</cim:PositionPoint.yPosition>
  </cim:PositionPoint>
  <cim:PositionPoint rdf:ID="_5110be73-1bdb-4e43-8327-addd881a1447">
    <cim:PositionPoint.sequenceNumber>3</cim:PositionPoint.sequenceNumber>
    <cim:PositionPoint.Location rdf:resource="#_a3f1bf76-e1df-4587-b107-9d39aac0ff69"/>
    <cim:PositionPoint.xPosition>4.981250</cim:PositionPoint.xPosition>
    <cim:PositionPoint.yPosition>52.248300</cim:PositionPoint.yPosition>
  </cim:PositionPoint>
  <cim:PositionPoint rdf:ID="_ffef535f-9686-47dd-8f80-4c12ef6615a3">
    <cim:PositionPoint.sequenceNumber>5</cim:PositionPoint.sequenceNumber>
    <cim:PositionPoint.Location rdf:resource="#_a3f1bf76-e1df-4587-b107-9d39aac0ff69"/>
    <cim:PositionPoint.xPosition>5.047090</cim:PositionPoint.xPosition>
    <cim:PositionPoint.yPosition>52.069900</cim:PositionPoint.yPosition>
  </cim:PositionPoint>
  <cim:PositionPoint rdf:ID="_eb416616-7309-4e1a-bfff-8def61e9a5e4">
    <cim:PositionPoint.sequenceNumber>7</cim:PositionPoint.sequenceNumber>
    <cim:PositionPoint.Location rdf:resource="#_a3f1bf76-e1df-4587-b107-9d39aac0ff69"/>
    <cim:PositionPoint.xPosition>5.071860</cim:PositionPoint.xPosition>
    <cim:PositionPoint.yPosition>51.875600</cim:PositionPoint.yPosition>
  </cim:PositionPoint>
  <cim:Location rdf:ID="_b9615802-72a8-4639-a99b-d8e6d97f1bbd">
    <cim:Location.PowerSystemResources rdf:resource="#_7f43f508-2496-4b64-9146-0a40406cbe49"/>
    <cim:Location.CoordinateSystem rdf:resource="#_a30ae6ad-280e-4e77-b366-7a03d9204eb8"/>
  </cim:Location>
  <cim:PositionPoint rdf:ID="_3af3a80d-d10f-416b-9770-a560fa476a65">
    <cim:PositionPoint.sequenceNumber>1</cim:PositionPoint.sequenceNumber>
    <cim:PositionPoint.Location rdf:resource="#_b9615802-72a8-4639-a99b-d8e6d97f1bbd"/>
    <cim:PositionPoint.xPosition>4.847440</cim:PositionPoint.xPosition>
    <cim:PositionPoint.yPosition>52.402700</cim:PositionPoint.yPosition>
  </cim:PositionPoint>
  <cim:PositionPoint rdf:ID="_b311f3f6-dc01-409b-b0bd-ac5c9474f3b2">
    <cim:PositionPoint.sequenceNumber>3</cim:PositionPoint.sequenceNumber>
    <cim:PositionPoint.Location rdf:resource="#_b9615802-72a8-4639-a99b-d8e6d97f1bbd"/>
    <cim:PositionPoint.xPosition>4.981250</cim:PositionPoint.xPosition>
    <cim:PositionPoint.yPosition>52.248300</cim:PositionPoint.yPosition>
  </cim:PositionPoint>
  <cim:PositionPoint rdf:ID="_c889efed-6bb8-4318-8bc8-e475f7d2abfe">
    <cim:PositionPoint.sequenceNumber>5</cim:PositionPoint.sequenceNumber>
    <cim:PositionPoint.Location rdf:resource="#_b9615802-72a8-4639-a99b-d8e6d97f1bbd"/>
    <cim:PositionPoint.xPosition>5.047090</cim:PositionPoint.xPosition>
    <cim:PositionPoint.yPosition>52.069900</cim:PositionPoint.yPosition>
  </cim:PositionPoint>
  <cim:PositionPoint rdf:ID="_f62a46ed-179c-4546-b6bb-a6fe23b60cb7">
    <cim:PositionPoint.sequenceNumber>7</cim:PositionPoint.sequenceNumber>
    <cim:PositionPoint.Location rdf:resource="#_b9615802-72a8-4639-a99b-d8e6d97f1bbd"/>
    <cim:PositionPoint.xPosition>5.072940</cim:PositionPoint.xPosition>
    <cim:PositionPoint.yPosition>51.876500</cim:PositionPoint.yPosition>
  </cim:PositionPoint>
</rdf:RDF>
